version 1
nodes
0 "root" -1
end
skeleton
time 0
0 0 0 0 0 0 0
end
triangles
dd_c
0  0.421907 -0.178985 9.778001  0.890088 -0.139362 0.433961  0.804048 0.085646 0
0  0.210229 -0.514015 9.982031  0.796805 -0.402327 0.450815  0.779205 0.106581 0
0  0.594424 -0.219249 9.423911  0.934046 -0.197879 0.297326  0.802015 0.055016 0
dd_c
0  0.421907 -0.178985 9.778001  0.890088 -0.139362 0.433961  0.804048 0.085646 0
0  0.079969 -0.374686 10.350127  0.781288 -0.320803 0.535420  0.790695 0.132584 0
0  0.210229 -0.514015 9.982031  0.796805 -0.402327 0.450815  0.779205 0.106581 0
dd_c
0  0.079969 -0.374686 10.350127  0.781288 -0.320803 0.535420  0.790695 0.132584 0
0  -0.119918 -0.549498 10.467986  0.511019 -0.561888 0.650494  0.778857 0.145763 0
0  0.210229 -0.514015 9.982031  0.796805 -0.402327 0.450815  0.779205 0.106581 0
dd_c
0  -0.119918 -0.549498 10.467986  0.511019 -0.561888 0.650494  0.778857 0.145763 0
0  0.079969 -0.374686 10.350127  0.781288 -0.320803 0.535420  0.790695 0.132584 0
0  -0.084130 -0.372853 10.544555  0.548429 -0.302208 0.779677  0.790208 0.148054 0
dd_c
0  -0.371106 -0.373898 10.643751  0.120586 -0.317606 0.940524  0.786039 0.166624 0
0  -0.119918 -0.549498 10.467986  0.511019 -0.561888 0.650494  0.778857 0.145763 0
0  -0.084130 -0.372853 10.544555  0.548429 -0.302208 0.779677  0.790208 0.148054 0
dd_c
0  -0.371106 -0.373898 10.643751  0.120586 -0.317606 0.940524  0.786039 0.166624 0
0  -0.084130 -0.372853 10.544555  0.548429 -0.302208 0.779677  0.790208 0.148054 0
0  -0.370889 -0.129485 10.714190  0.103590 -0.128003 0.986349  0.803650 0.172376 0
dd_c
0  -0.629197 -0.128634 10.670025  -0.305319 -0.107522 0.946160  0.798441 0.195485 0
0  -0.371106 -0.373898 10.643751  0.120586 -0.317606 0.940524  0.786039 0.166624 0
0  -0.370889 -0.129485 10.714190  0.103590 -0.128003 0.986349  0.803650 0.172376 0
dd_c
0  -0.629197 -0.128634 10.670025  -0.305319 -0.107522 0.946160  0.798441 0.195485 0
0  -0.370889 -0.129485 10.714190  0.103590 -0.128003 0.986349  0.803650 0.172376 0
0  -0.629197 0.141901 10.670025  -0.309929 0.088848 0.946599  0.827561 0.195485 0
dd_c
0  -0.960414 0.143786 10.501199  -0.655385 0.129215 0.744160  0.827561 0.234701 0
0  -0.629197 -0.128634 10.670025  -0.305319 -0.107522 0.946160  0.798441 0.195485 0
0  -0.629197 0.141901 10.670025  -0.309929 0.088848 0.946599  0.827561 0.195485 0
dd_c
0  -0.960414 -0.130519 10.501199  -0.651804 -0.132452 0.746731  0.798441 0.234701 0
0  -0.629197 -0.128634 10.670025  -0.305319 -0.107522 0.946160  0.798441 0.195485 0
0  -0.960414 0.143786 10.501199  -0.655385 0.129215 0.744160  0.827561 0.234701 0
dd_c
0  -0.960414 -0.130519 10.501199  -0.651804 -0.132452 0.746731  0.798441 0.234701 0
0  -0.960414 0.143786 10.501199  -0.655385 0.129215 0.744160  0.827561 0.234701 0
0  -1.197002 -0.181303 10.178493  -0.819496 -0.182104 0.543383  0.793043 0.277957 0
dd_c
0  -1.197002 -0.181303 10.178493  -0.819496 -0.182104 0.543383  0.793043 0.277957 0
0  -0.960414 0.143786 10.501199  -0.655385 0.129215 0.744160  0.827561 0.234701 0
0  -1.197002 0.194570 10.178495  -0.819535 0.181893 0.543393  0.832958 0.277957 0
dd_c
0  -1.197002 -0.181303 10.178493  -0.819496 -0.182104 0.543383  0.793043 0.277957 0
0  -1.197002 0.194570 10.178495  -0.819535 0.181893 0.543393  0.832958 0.277957 0
0  -1.350420 -0.220511 9.901672  -0.921835 -0.221505 0.318049  0.788884 0.311959 0
dd_c
0  -1.350420 -0.220511 9.901672  -0.921835 -0.221505 0.318049  0.788884 0.311959 0
0  -1.197002 0.194570 10.178495  -0.819535 0.181893 0.543393  0.832958 0.277957 0
0  -1.350420 0.233777 9.901672  -0.921897 0.220748 0.318397  0.837118 0.311959 0
dd_c
0  -1.350420 -0.220511 9.901672  -0.921835 -0.221505 0.318049  0.788884 0.311959 0
0  -1.350420 0.233777 9.901672  -0.921897 0.220748 0.318397  0.837118 0.311959 0
0  -1.395754 -0.235173 9.602077  -0.952415 -0.264686 -0.151151  0.787490 0.343033 0
dd_c
0  -1.395754 -0.235173 9.602077  -0.952415 -0.264686 -0.151151  0.787490 0.343033 0
0  -1.350420 0.233777 9.901672  -0.921897 0.220748 0.318397  0.837118 0.311959 0
0  -1.395754 0.248439 9.602077  -0.954635 0.258887 -0.147137  0.838511 0.343033 0
dd_c
0  -1.395754 -0.235173 9.602077  -0.952415 -0.264686 -0.151151  0.787490 0.343033 0
0  -1.395754 0.248439 9.602077  -0.954635 0.258887 -0.147137  0.838511 0.343033 0
0  -1.323770 -0.203191 9.439517  -0.948633 -0.257741 -0.183479  0.791016 0.362722 0
dd_c
0  -1.323770 -0.203191 9.439517  -0.948633 -0.257741 -0.183479  0.791016 0.362722 0
0  -1.395754 0.248439 9.602077  -0.954635 0.258887 -0.147137  0.838511 0.343033 0
0  -1.323770 0.216457 9.439517  -0.947360 0.256218 -0.191995  0.834985 0.362722 0
dd_c
0  -0.960414 0.143786 10.501199  -0.655380 0.129506 0.744114  0.852871 0.225189 0
0  -0.825888 0.389583 10.528707  -0.559603 0.351902 0.750339  0.859422 0.199019 0
0  -1.197002 0.194570 10.178495  -0.819471 0.182155 0.543403  0.893372 0.238570 0
dd_c
0  -0.960414 0.143786 10.501199  -0.655380 0.129506 0.744114  0.852871 0.225189 0
0  -0.629197 0.141901 10.670025  -0.309929 0.088848 0.946599  0.827561 0.195485 0
0  -0.825888 0.389583 10.528707  -0.559603 0.351902 0.750339  0.859422 0.199019 0
dd_c
0  -0.825888 0.389583 10.528707  -0.559603 0.351902 0.750339  0.859422 0.199019 0
0  -0.629197 0.141901 10.670025  -0.309929 0.088848 0.946599  0.827561 0.195485 0
0  -0.597609 0.385200 10.629829  -0.225730 0.279456 0.933247  0.847487 0.183562 0
dd_c
0  -0.629197 0.141901 10.670025  -0.309929 0.088848 0.946599  0.827561 0.195485 0
0  -0.370889 0.142752 10.714190  0.123175 0.123470 0.984674  0.823860 0.173352 0
0  -0.597609 0.385200 10.629829  -0.225730 0.279456 0.933247  0.847487 0.183562 0
dd_c
0  -0.629197 0.141901 10.670025  -0.309929 0.088848 0.946599  0.827561 0.195485 0
0  -0.370889 -0.129485 10.714190  0.103590 -0.128003 0.986349  0.803650 0.172376 0
0  -0.370889 0.142752 10.714190  0.123175 0.123470 0.984674  0.823860 0.173352 0
dd_c
0  -0.370889 -0.129485 10.714190  0.103590 -0.128003 0.986349  0.803650 0.172376 0
0  -0.073665 -0.128143 10.588426  0.596179 -0.079201 0.798935  0.805753 0.150860 0
0  -0.370889 0.142752 10.714190  0.123175 0.123470 0.984674  0.823860 0.173352 0
dd_c
0  -0.370889 -0.129485 10.714190  0.103590 -0.128003 0.986349  0.803650 0.172376 0
0  -0.084130 -0.372853 10.544555  0.548429 -0.302208 0.779677  0.790208 0.148054 0
0  -0.073665 -0.128143 10.588426  0.596179 -0.079201 0.798935  0.805753 0.150860 0
dd_c
0  -0.084130 -0.372853 10.544555  0.548429 -0.302208 0.779677  0.790208 0.148054 0
0  0.079969 -0.374686 10.350127  0.781288 -0.320803 0.535420  0.790695 0.132584 0
0  -0.073665 -0.128143 10.588426  0.596179 -0.079201 0.798935  0.805753 0.150860 0
dd_c
0  -1.197002 0.194570 10.178495  -0.819471 0.182155 0.543403  0.893372 0.238570 0
0  -1.012283 0.531365 10.216125  -0.685494 0.477844 0.549330  0.892069 0.202553 0
0  -1.350420 0.233777 9.901672  -0.921820 0.221042 0.318416  0.926063 0.240911 0
dd_c
0  -1.197002 0.194570 10.178495  -0.819471 0.182155 0.543403  0.893372 0.238570 0
0  -0.825888 0.389583 10.528707  -0.559603 0.351902 0.750339  0.859422 0.199019 0
0  -1.012283 0.531365 10.216125  -0.685494 0.477844 0.549330  0.892069 0.202553 0
dd_c
0  -0.825888 0.389583 10.528707  -0.559603 0.351902 0.750339  0.859422 0.199019 0
0  -0.626480 0.562424 10.556820  -0.299801 0.554288 0.776456  0.860140 0.179220 0
0  -1.012283 0.531365 10.216125  -0.685494 0.477844 0.549330  0.892069 0.202553 0
dd_c
0  -0.825888 0.389583 10.528707  -0.559603 0.351902 0.750339  0.859422 0.199019 0
0  -0.597609 0.385200 10.629829  -0.225730 0.279456 0.933247  0.847487 0.183562 0
0  -0.626480 0.562424 10.556820  -0.299801 0.554288 0.776456  0.860140 0.179220 0
dd_c
0  -0.597609 0.385200 10.629829  -0.225730 0.279456 0.933247  0.847487 0.183562 0
0  -0.371106 0.387164 10.643751  0.138628 0.313610 0.939378  0.841530 0.168820 0
0  -0.626480 0.562424 10.556820  -0.299801 0.554288 0.776456  0.860140 0.179220 0
dd_c
0  -0.597609 0.385200 10.629829  -0.225730 0.279456 0.933247  0.847487 0.183562 0
0  -0.370889 0.142752 10.714190  0.123175 0.123470 0.984674  0.823860 0.173352 0
0  -0.371106 0.387164 10.643751  0.138628 0.313610 0.939378  0.841530 0.168820 0
dd_c
0  -0.370889 0.142752 10.714190  0.123175 0.123470 0.984674  0.823860 0.173352 0
0  -0.073665 0.141410 10.588426  0.590937 0.092363 0.801413  0.823291 0.151803 0
0  -0.371106 0.387164 10.643751  0.138628 0.313610 0.939378  0.841530 0.168820 0
dd_c
0  -0.370889 0.142752 10.714190  0.123175 0.123470 0.984674  0.823860 0.173352 0
0  -0.073665 -0.128143 10.588426  0.596179 -0.079201 0.798935  0.805753 0.150860 0
0  -0.073665 0.141410 10.588426  0.590937 0.092363 0.801413  0.823291 0.151803 0
dd_c
0  -0.073665 -0.128143 10.588426  0.596179 -0.079201 0.798935  0.805753 0.150860 0
0  0.234826 -0.129713 10.200083  0.857846 -0.116464 0.500536  0.806914 0.118900 0
0  -0.073665 0.141410 10.588426  0.590937 0.092363 0.801413  0.823291 0.151803 0
dd_c
0  -0.073665 -0.128143 10.588426  0.596179 -0.079201 0.798935  0.805753 0.150860 0
0  0.079969 -0.374686 10.350127  0.781288 -0.320803 0.535420  0.790695 0.132584 0
0  0.234826 -0.129713 10.200083  0.857846 -0.116464 0.500536  0.806914 0.118900 0
dd_c
0  0.234826 -0.129713 10.200083  0.857846 -0.116464 0.500536  0.806914 0.118900 0
0  0.079969 -0.374686 10.350127  0.781288 -0.320803 0.535420  0.790695 0.132584 0
0  0.421907 -0.178985 9.778001  0.890088 -0.139362 0.433961  0.804048 0.085646 0
dd_c
0  -1.157522 0.679137 9.648104  -0.744460 0.641813 -0.184000  0.941757 0.193745 0
0  -0.816060 0.975632 9.694178  -0.435431 0.877540 -0.200809  0.927352 0.159874 0
0  -1.102278 0.590672 9.481762  -0.731223 0.639995 -0.236048  0.960218 0.192300 0
dd_c
0  -1.323770 0.216457 9.439517  -0.947303 0.256419 -0.192005  0.972602 0.232496 0
0  -1.157522 0.679137 9.648104  -0.744460 0.641813 -0.184000  0.941757 0.193745 0
0  -1.102278 0.590672 9.481762  -0.731223 0.639995 -0.236048  0.960218 0.192300 0
dd_c
0  -1.395754 0.248439 9.602077  -0.954544 0.259213 -0.147153  0.955040 0.237097 0
0  -1.157522 0.679137 9.648104  -0.744460 0.641813 -0.184000  0.941757 0.193745 0
0  -1.323770 0.216457 9.439517  -0.947303 0.256419 -0.192005  0.972602 0.232496 0
dd_c
0  -1.395754 0.248439 9.602077  -0.954544 0.259213 -0.147153  0.955040 0.237097 0
0  -1.126895 0.640114 9.947478  -0.754377 0.567167 0.330510  0.917864 0.199094 0
0  -1.157522 0.679137 9.648104  -0.744460 0.641813 -0.184000  0.941757 0.193745 0
dd_c
0  -1.350420 0.233777 9.901672  -0.921820 0.221042 0.318416  0.926063 0.240911 0
0  -1.126895 0.640114 9.947478  -0.754377 0.567167 0.330510  0.917864 0.199094 0
0  -1.395754 0.248439 9.602077  -0.954544 0.259213 -0.147153  0.955040 0.237097 0
dd_c
0  -1.350420 0.233777 9.901672  -0.921820 0.221042 0.318416  0.926063 0.240911 0
0  -1.012283 0.531365 10.216125  -0.685494 0.477844 0.549330  0.892069 0.202553 0
0  -1.126895 0.640114 9.947478  -0.754377 0.567167 0.330510  0.917864 0.199094 0
dd_c
0  -1.012283 0.531365 10.216125  -0.685494 0.477844 0.549330  0.892069 0.202553 0
0  -0.742737 0.766217 10.253934  -0.400637 0.714788 0.573209  0.886599 0.175583 0
0  -1.126895 0.640114 9.947478  -0.754377 0.567167 0.330510  0.917864 0.199094 0
dd_c
0  -1.012283 0.531365 10.216125  -0.685494 0.477844 0.549330  0.892069 0.202553 0
0  -0.626480 0.562424 10.556820  -0.299801 0.554288 0.776456  0.860140 0.179220 0
0  -0.742737 0.766217 10.253934  -0.400637 0.714788 0.573209  0.886599 0.175583 0
dd_c
0  -0.626480 0.562424 10.556820  -0.299801 0.554288 0.776456  0.860140 0.179220 0
0  -0.372599 0.624551 10.547107  0.117699 0.631607 0.766302  0.856575 0.163307 0
0  -0.742737 0.766217 10.253934  -0.400637 0.714788 0.573209  0.886599 0.175583 0
dd_c
0  -0.626480 0.562424 10.556820  -0.299801 0.554288 0.776456  0.860140 0.179220 0
0  -0.371106 0.387164 10.643751  0.138628 0.313610 0.939378  0.841530 0.168820 0
0  -0.372599 0.624551 10.547107  0.117699 0.631607 0.766302  0.856575 0.163307 0
dd_c
0  -0.371106 0.387164 10.643751  0.138628 0.313610 0.939378  0.841530 0.168820 0
0  -0.084130 0.386119 10.544554  0.555601 0.279956 0.782900  0.838915 0.150258 0
0  -0.372599 0.624551 10.547107  0.117699 0.631607 0.766302  0.856575 0.163307 0
dd_c
0  -0.371106 0.387164 10.643751  0.138628 0.313610 0.939378  0.841530 0.168820 0
0  -0.073665 0.141410 10.588426  0.590937 0.092363 0.801413  0.823291 0.151803 0
0  -0.084130 0.386119 10.544554  0.555601 0.279956 0.782900  0.838915 0.150258 0
dd_c
0  -0.073665 0.141410 10.588426  0.590937 0.092363 0.801413  0.823291 0.151803 0
0  0.234826 0.142979 10.200083  0.856880 0.117638 0.501914  0.824892 0.119670 0
0  -0.084130 0.386119 10.544554  0.555601 0.279956 0.782900  0.838915 0.150258 0
dd_c
0  -0.073665 0.141410 10.588426  0.590937 0.092363 0.801413  0.823291 0.151803 0
0  0.234826 -0.129713 10.200083  0.857846 -0.116464 0.500536  0.806914 0.118900 0
0  0.234826 0.142979 10.200083  0.856880 0.117638 0.501914  0.824892 0.119670 0
dd_c
0  0.234826 0.142979 10.200083  0.856880 0.117638 0.501914  0.824892 0.119670 0
0  0.234826 -0.129713 10.200083  0.857846 -0.116464 0.500536  0.806914 0.118900 0
0  0.421907 0.192251 9.778001  0.890073 0.139909 0.433815  0.831270 0.087028 0
dd_c
0  0.421907 0.192251 9.778001  0.890073 0.139909 0.433815  0.831270 0.087028 0
0  0.234826 -0.129713 10.200083  0.857846 -0.116464 0.500536  0.806914 0.118900 0
0  0.421907 -0.178985 9.778001  0.890088 -0.139362 0.433961  0.804048 0.085646 0
dd_c
0  0.421907 0.192251 9.778001  0.890073 0.139909 0.433815  0.831270 0.087028 0
0  0.421907 -0.178985 9.778001  0.890088 -0.139362 0.433961  0.804048 0.085646 0
0  0.594424 0.232515 9.423912  0.933811 0.200130 0.296555  0.836901 0.056884 0
dd_c
0  0.594424 0.232515 9.423912  0.933811 0.200130 0.296555  0.836901 0.056884 0
0  0.421907 -0.178985 9.778001  0.890088 -0.139362 0.433961  0.804048 0.085646 0
0  0.594424 -0.219249 9.423911  0.934046 -0.197879 0.297326  0.802015 0.055016 0
dd_c
0  0.337962 0.635825 9.671011  0.806842 0.491296 0.328076  0.865781 0.087070 0
0  0.594424 0.232515 9.423912  0.933811 0.200130 0.296555  0.836901 0.056884 0
0  0.379272 0.682827 9.354594  0.668166 0.713596 -0.210560  0.876276 0.064390 0
dd_c
0  0.337962 0.635825 9.671011  0.806842 0.491296 0.328076  0.865781 0.087070 0
0  0.421907 0.192251 9.778001  0.890073 0.139909 0.433815  0.831270 0.087028 0
0  0.594424 0.232515 9.423912  0.933811 0.200130 0.296555  0.836901 0.056884 0
dd_c
0  0.210229 0.527281 9.982031  0.796821 0.402736 0.450421  0.853574 0.110288 0
0  0.421907 0.192251 9.778001  0.890073 0.139909 0.433815  0.831270 0.087028 0
0  0.337962 0.635825 9.671011  0.806842 0.491296 0.328076  0.865781 0.087070 0
dd_c
0  0.210229 0.527281 9.982031  0.796821 0.402736 0.450421  0.853574 0.110288 0
0  0.234826 0.142979 10.200083  0.856880 0.117638 0.501914  0.824892 0.119670 0
0  0.421907 0.192251 9.778001  0.890073 0.139909 0.433815  0.831270 0.087028 0
dd_c
0  0.079969 0.387953 10.350127  0.780432 0.308010 0.544110  0.839750 0.134892 0
0  0.234826 0.142979 10.200083  0.856880 0.117638 0.501914  0.824892 0.119670 0
0  0.210229 0.527281 9.982031  0.796821 0.402736 0.450421  0.853574 0.110288 0
dd_c
0  -0.084130 0.386119 10.544554  0.555601 0.279956 0.782900  0.838915 0.150258 0
0  0.234826 0.142979 10.200083  0.856880 0.117638 0.501914  0.824892 0.119670 0
0  0.079969 0.387953 10.350127  0.780432 0.308010 0.544110  0.839750 0.134892 0
dd_c
0  -0.084130 0.386119 10.544554  0.555601 0.279956 0.782900  0.838915 0.150258 0
0  0.079969 0.387953 10.350127  0.780432 0.308010 0.544110  0.839750 0.134892 0
0  -0.119918 0.562765 10.467986  0.520839 0.568798 0.636550  0.850266 0.148943 0
dd_c
0  -0.372599 0.624551 10.547107  0.117699 0.631607 0.766302  0.856575 0.163307 0
0  -0.084130 0.386119 10.544554  0.555601 0.279956 0.782900  0.838915 0.150258 0
0  -0.119918 0.562765 10.467986  0.520839 0.568798 0.636550  0.850266 0.148943 0
dd_c
0  -0.372599 0.624551 10.547107  0.117699 0.631607 0.766302  0.856575 0.163307 0
0  -0.119918 0.562765 10.467986  0.520839 0.568798 0.636550  0.850266 0.148943 0
0  -0.399479 0.851144 10.241145  0.083807 0.819308 0.567195  0.878845 0.153426 0
dd_c
0  -0.742737 0.766217 10.253934  -0.400637 0.714788 0.573209  0.886599 0.175583 0
0  -0.372599 0.624551 10.547107  0.117699 0.631607 0.766302  0.856575 0.163307 0
0  -0.399479 0.851144 10.241145  0.083807 0.819308 0.567195  0.878845 0.153426 0
dd_c
0  -0.742737 0.766217 10.253934  -0.400637 0.714788 0.573209  0.886599 0.175583 0
0  -0.399479 0.851144 10.241145  0.083807 0.819308 0.567195  0.878845 0.153426 0
0  -0.802759 0.922181 9.993333  -0.439493 0.822378 0.361303  0.907314 0.168212 0
dd_c
0  -1.126895 0.640114 9.947478  -0.754377 0.567167 0.330510  0.917864 0.199094 0
0  -0.742737 0.766217 10.253934  -0.400637 0.714788 0.573209  0.886599 0.175583 0
0  -0.802759 0.922181 9.993333  -0.439493 0.822378 0.361303  0.907314 0.168212 0
dd_c
0  -1.126895 0.640114 9.947478  -0.754377 0.567167 0.330510  0.917864 0.199094 0
0  -0.802759 0.922181 9.993333  -0.439493 0.822378 0.361303  0.907314 0.168212 0
0  -1.157522 0.679137 9.648104  -0.744460 0.641813 -0.184000  0.941757 0.193745 0
dd_c
0  -1.157522 0.679137 9.648104  -0.744460 0.641813 -0.184000  0.941757 0.193745 0
0  -0.802759 0.922181 9.993333  -0.439493 0.822378 0.361303  0.907314 0.168212 0
0  -0.816060 0.975632 9.694178  -0.435431 0.877540 -0.200809  0.927352 0.159874 0
dd_c
0  -0.802759 0.922181 9.993333  -0.439493 0.822378 0.361303  0.907314 0.168212 0
0  -0.392585 1.023379 9.979339  0.061456 0.922655 0.380698  0.896489 0.141900 0
0  -0.816060 0.975632 9.694178  -0.435431 0.877540 -0.200809  0.927352 0.159874 0
dd_c
0  -0.816060 0.975632 9.694178  -0.435431 0.877540 -0.200809  0.927352 0.159874 0
0  -0.392585 1.023379 9.979339  0.061456 0.922655 0.380698  0.896489 0.141900 0
0  -0.388291 1.082548 9.678527  -0.020035 0.980030 -0.197837  0.913127 0.129742 0
dd_c
0  -0.392585 1.023379 9.979339  0.061456 0.922655 0.380698  0.896489 0.141900 0
0  0.016296 0.918982 9.857244  0.538706 0.764155 0.354773  0.884380 0.115176 0
0  -0.388291 1.082548 9.678527  -0.020035 0.980030 -0.197837  0.913127 0.129742 0
dd_c
0  -0.388291 1.082548 9.678527  -0.020035 0.980030 -0.197837  0.913127 0.129742 0
0  0.016296 0.918982 9.857244  0.538706 0.764155 0.354773  0.884380 0.115176 0
0  0.038986 0.976679 9.549698  0.384508 0.896744 -0.219099  0.898552 0.098138 0
dd_c
0  -0.392585 1.023379 9.979339  0.061456 0.922655 0.380698  0.896489 0.141900 0
0  -0.057312 0.763424 10.138043  0.549292 0.663692 0.507731  0.868801 0.131791 0
0  0.016296 0.918982 9.857244  0.538706 0.764155 0.354773  0.884380 0.115176 0
dd_c
0  -0.802759 0.922181 9.993333  -0.439493 0.822378 0.361303  0.907314 0.168212 0
0  -0.399479 0.851144 10.241145  0.083807 0.819308 0.567195  0.878845 0.153426 0
0  -0.392585 1.023379 9.979339  0.061456 0.922655 0.380698  0.896489 0.141900 0
dd_c
0  -0.399479 0.851144 10.241145  0.083807 0.819308 0.567195  0.878845 0.153426 0
0  -0.057312 0.763424 10.138043  0.549292 0.663692 0.507731  0.868801 0.131791 0
0  -0.392585 1.023379 9.979339  0.061456 0.922655 0.380698  0.896489 0.141900 0
dd_c
0  -0.399479 0.851144 10.241145  0.083807 0.819308 0.567195  0.878845 0.153426 0
0  -0.119918 0.562765 10.467986  0.520839 0.568798 0.636550  0.850266 0.148943 0
0  -0.057312 0.763424 10.138043  0.549292 0.663692 0.507731  0.868801 0.131791 0
dd_c
0  -0.119918 0.562765 10.467986  0.520839 0.568798 0.636550  0.850266 0.148943 0
0  0.079969 0.387953 10.350127  0.780432 0.308010 0.544110  0.839750 0.134892 0
0  -0.057312 0.763424 10.138043  0.549292 0.663692 0.507731  0.868801 0.131791 0
dd_c
0  -0.057312 0.763424 10.138043  0.549292 0.663692 0.507731  0.868801 0.131791 0
0  0.079969 0.387953 10.350127  0.780432 0.308010 0.544110  0.839750 0.134892 0
0  0.210229 0.527281 9.982031  0.796821 0.402736 0.450421  0.853574 0.110288 0
dd_c
0  -0.057312 0.763424 10.138043  0.549292 0.663692 0.507731  0.868801 0.131791 0
0  0.210229 0.527281 9.982031  0.796821 0.402736 0.450421  0.853574 0.110288 0
0  0.016296 0.918982 9.857244  0.538706 0.764155 0.354773  0.884380 0.115176 0
dd_c
0  0.016296 0.918982 9.857244  0.538706 0.764155 0.354773  0.884380 0.115176 0
0  0.210229 0.527281 9.982031  0.796821 0.402736 0.450421  0.853574 0.110288 0
0  0.337962 0.635825 9.671011  0.806842 0.491296 0.328076  0.865781 0.087070 0
dd_c
0  0.016296 0.918982 9.857244  0.538706 0.764155 0.354773  0.884380 0.115176 0
0  0.337962 0.635825 9.671011  0.806842 0.491296 0.328076  0.865781 0.087070 0
0  0.038986 0.976679 9.549698  0.384508 0.896744 -0.219099  0.898552 0.098138 0
dd_c
0  0.038986 0.976679 9.549698  0.384508 0.896744 -0.219099  0.898552 0.098138 0
0  0.337962 0.635825 9.671011  0.806842 0.491296 0.328076  0.865781 0.087070 0
0  0.379272 0.682827 9.354594  0.668166 0.713596 -0.210560  0.876276 0.064390 0
dd_c
0  -0.388291 -1.069282 9.678529  -0.023949 -0.979779 -0.198647  0.716866 0.120184 0
0  -0.816060 -0.962365 9.694178  -0.437398 -0.875558 -0.205138  0.699270 0.149523 0
0  -0.390710 -0.925744 9.505035  -0.073101 -0.944642 -0.319854  0.699753 0.106536 0
dd_c
0  0.004620 -0.836475 9.388518  0.299389 -0.907504 -0.294622  0.726572 0.072025 0
0  -0.388291 -1.069282 9.678529  -0.023949 -0.979779 -0.198647  0.716866 0.120184 0
0  -0.390710 -0.925744 9.505035  -0.073101 -0.944642 -0.319854  0.699753 0.106536 0
dd_c
0  0.038986 -0.963411 9.549699  0.383647 -0.897831 -0.216135  0.735007 0.089558 0
0  -0.388291 -1.069282 9.678529  -0.023949 -0.979779 -0.198647  0.716866 0.120184 0
0  0.004620 -0.836475 9.388518  0.299389 -0.907504 -0.294622  0.726572 0.072025 0
dd_c
0  0.322816 -0.583114 9.210981  0.625479 -0.743397 -0.236933  0.758626 0.040808 0
0  0.038986 -0.963411 9.549699  0.383647 -0.897831 -0.216135  0.735007 0.089558 0
0  0.004620 -0.836475 9.388518  0.299389 -0.907504 -0.294622  0.726572 0.072025 0
dd_c
0  0.379272 -0.669560 9.354594  0.674173 -0.709585 -0.204889  0.761297 0.057846 0
0  0.038986 -0.963411 9.549699  0.383647 -0.897831 -0.216135  0.735007 0.089558 0
0  0.322816 -0.583114 9.210981  0.625479 -0.743397 -0.236933  0.758626 0.040808 0
dd_c
0  0.584146 -0.206160 8.974821  0.936527 -0.312729 -0.158487  0.801564 0.013080 0
0  0.379272 -0.669560 9.354594  0.674173 -0.709585 -0.204889  0.761297 0.057846 0
0  0.322816 -0.583114 9.210981  0.625479 -0.743397 -0.236933  0.758626 0.040808 0
dd_c
0  0.656034 -0.239852 9.092910  0.908761 -0.342873 -0.237889  0.801402 0.028432 0
0  0.379272 -0.669560 9.354594  0.674173 -0.709585 -0.204889  0.761297 0.057846 0
0  0.584146 -0.206160 8.974821  0.936527 -0.312729 -0.158487  0.801564 0.013080 0
dd_c
0  0.584146 0.219426 8.974821  0.939599 0.308283 -0.148710  0.843121 0.017011 0
0  0.656034 -0.239852 9.092910  0.908761 -0.342873 -0.237889  0.801402 0.028432 0
0  0.584146 -0.206160 8.974821  0.936527 -0.312729 -0.158487  0.801564 0.013080 0
dd_c
0  0.656034 0.253118 9.092910  0.904647 0.351561 -0.240870  0.841473 0.030914 0
0  0.656034 -0.239852 9.092910  0.908761 -0.342873 -0.237889  0.801402 0.028432 0
0  0.584146 0.219426 8.974821  0.939599 0.308283 -0.148710  0.843121 0.017011 0
dd_c
0  0.322816 0.596381 9.210981  0.626394 0.744178 -0.232014  0.880822 0.048113 0
0  0.656034 0.253118 9.092910  0.904647 0.351561 -0.240870  0.841473 0.030914 0
0  0.584146 0.219426 8.974821  0.939599 0.308283 -0.148710  0.843121 0.017011 0
dd_c
0  0.379272 0.682827 9.354594  0.668166 0.713596 -0.210560  0.876276 0.064390 0
0  0.656034 0.253118 9.092910  0.904647 0.351561 -0.240870  0.841473 0.030914 0
0  0.322816 0.596381 9.210981  0.626394 0.744178 -0.232014  0.880822 0.048113 0
dd_c
0  0.004620 0.849741 9.388518  0.309283 0.904845 -0.292573  0.908591 0.081972 0
0  0.379272 0.682827 9.354594  0.668166 0.713596 -0.210560  0.876276 0.064390 0
0  0.322816 0.596381 9.210981  0.626394 0.744178 -0.232014  0.880822 0.048113 0
dd_c
0  0.038986 0.976679 9.549698  0.384508 0.896744 -0.219099  0.898552 0.098138 0
0  0.379272 0.682827 9.354594  0.668166 0.713596 -0.210560  0.876276 0.064390 0
0  0.004620 0.849741 9.388518  0.309283 0.904845 -0.292573  0.908591 0.081972 0
dd_c
0  -0.390710 0.939010 9.505035  -0.066401 0.944802 -0.320843  0.931065 0.118205 0
0  0.038986 0.976679 9.549698  0.384508 0.896744 -0.219099  0.898552 0.098138 0
0  0.004620 0.849741 9.388518  0.309283 0.904845 -0.292573  0.908591 0.081972 0
dd_c
0  -0.388291 1.082548 9.678527  -0.020035 0.980030 -0.197837  0.913127 0.129742 0
0  0.038986 0.976679 9.549698  0.384508 0.896744 -0.219099  0.898552 0.098138 0
0  -0.390710 0.939010 9.505035  -0.066401 0.944802 -0.320843  0.931065 0.118205 0
dd_c
0  -0.784851 0.847016 9.521517  -0.421384 0.857391 -0.295492  0.946432 0.155279 0
0  -0.388291 1.082548 9.678527  -0.020035 0.980030 -0.197837  0.913127 0.129742 0
0  -0.390710 0.939010 9.505035  -0.066401 0.944802 -0.320843  0.931065 0.118205 0
dd_c
0  -0.816060 0.975632 9.694178  -0.435431 0.877540 -0.200809  0.927352 0.159874 0
0  -0.388291 1.082548 9.678527  -0.020035 0.980030 -0.197837  0.913127 0.129742 0
0  -0.784851 0.847016 9.521517  -0.421384 0.857391 -0.295492  0.946432 0.155279 0
dd_c
0  -1.102278 0.590672 9.481762  -0.731223 0.639995 -0.236048  0.960218 0.192300 0
0  -0.816060 0.975632 9.694178  -0.435431 0.877540 -0.200809  0.927352 0.159874 0
0  -0.784851 0.847016 9.521517  -0.421384 0.857391 -0.295492  0.946432 0.155279 0
dd_c
0  -1.102278 -0.577406 9.481762  -0.732989 -0.642370 -0.223803  0.662322 0.179435 0
0  -1.395754 -0.235173 9.602077  -0.952328 -0.264971 -0.151198  0.663126 0.225937 0
0  -1.323770 -0.203191 9.439517  -0.948587 -0.257914 -0.183476  0.645563 0.219447 0
dd_c
0  -1.157522 -0.665870 9.648104  -0.742048 -0.642489 -0.191240  0.681110 0.182777 0
0  -1.395754 -0.235173 9.602077  -0.952328 -0.264971 -0.151198  0.663126 0.225937 0
0  -1.102278 -0.577406 9.481762  -0.732989 -0.642370 -0.223803  0.662322 0.179435 0
dd_c
0  -0.784851 -0.833749 9.521517  -0.427672 -0.856301 -0.289562  0.680207 0.142876 0
0  -1.157522 -0.665870 9.648104  -0.742048 -0.642489 -0.191240  0.681110 0.182777 0
0  -1.102278 -0.577406 9.481762  -0.732989 -0.642370 -0.223803  0.662322 0.179435 0
dd_c
0  -0.816060 -0.962365 9.694178  -0.437398 -0.875558 -0.205138  0.699270 0.149523 0
0  -1.157522 -0.665870 9.648104  -0.742048 -0.642489 -0.191240  0.681110 0.182777 0
0  -0.784851 -0.833749 9.521517  -0.427672 -0.856301 -0.289562  0.680207 0.142876 0
dd_c
0  -0.390710 -0.925744 9.505035  -0.073101 -0.944642 -0.319854  0.699753 0.106536 0
0  -0.816060 -0.962365 9.694178  -0.437398 -0.875558 -0.205138  0.699270 0.149523 0
0  -0.784851 -0.833749 9.521517  -0.427672 -0.856301 -0.289562  0.680207 0.142876 0
dd_c
0  -1.157522 -0.665870 9.648104  -0.742048 -0.642489 -0.191240  0.681110 0.182777 0
0  -1.350420 -0.220511 9.901672  -0.921771 -0.221794 0.318033  0.692492 0.232769 0
0  -1.395754 -0.235173 9.602077  -0.952328 -0.264971 -0.151198  0.663126 0.225937 0
dd_c
0  -1.126895 -0.626847 9.947478  -0.754669 -0.567120 0.329924  0.705077 0.190648 0
0  -1.350420 -0.220511 9.901672  -0.921771 -0.221794 0.318033  0.692492 0.232769 0
0  -1.157522 -0.665870 9.648104  -0.742048 -0.642489 -0.191240  0.681110 0.182777 0
dd_c
0  -0.816060 -0.962365 9.694178  -0.437398 -0.875558 -0.205138  0.699270 0.149523 0
0  -1.126895 -0.626847 9.947478  -0.754669 -0.567120 0.329924  0.705077 0.190648 0
0  -1.157522 -0.665870 9.648104  -0.742048 -0.642489 -0.191240  0.681110 0.182777 0
dd_c
0  -0.802759 -0.908914 9.993333  -0.440237 -0.822013 0.361228  0.718934 0.160050 0
0  -1.126895 -0.626847 9.947478  -0.754669 -0.567120 0.329924  0.705077 0.190648 0
0  -0.816060 -0.962365 9.694178  -0.437398 -0.875558 -0.205138  0.699270 0.149523 0
dd_c
0  -0.388291 -1.069282 9.678529  -0.023949 -0.979779 -0.198647  0.716866 0.120184 0
0  -0.802759 -0.908914 9.993333  -0.440237 -0.822013 0.361228  0.718934 0.160050 0
0  -0.816060 -0.962365 9.694178  -0.437398 -0.875558 -0.205138  0.699270 0.149523 0
dd_c
0  -0.392585 -1.010112 9.979339  0.060982 -0.922415 0.381355  0.732588 0.134262 0
0  -0.802759 -0.908914 9.993333  -0.440237 -0.822013 0.361228  0.718934 0.160050 0
0  -0.388291 -1.069282 9.678529  -0.023949 -0.979779 -0.198647  0.716866 0.120184 0
dd_c
0  0.038986 -0.963411 9.549699  0.383647 -0.897831 -0.216135  0.735007 0.089558 0
0  -0.392585 -1.010112 9.979339  0.060982 -0.922415 0.381355  0.732588 0.134262 0
0  -0.388291 -1.069282 9.678529  -0.023949 -0.979779 -0.198647  0.716866 0.120184 0
dd_c
0  0.016297 -0.905715 9.857244  0.538812 -0.763460 0.356105  0.747595 0.108339 0
0  -0.392585 -1.010112 9.979339  0.060982 -0.922415 0.381355  0.732588 0.134262 0
0  0.038986 -0.963411 9.549699  0.383647 -0.897831 -0.216135  0.735007 0.089558 0
dd_c
0  0.379272 -0.669560 9.354594  0.674173 -0.709585 -0.204889  0.761297 0.057846 0
0  0.016297 -0.905715 9.857244  0.538812 -0.763460 0.356105  0.747595 0.108339 0
0  0.038986 -0.963411 9.549699  0.383647 -0.897831 -0.216135  0.735007 0.089558 0
dd_c
0  0.337962 -0.622558 9.671011  0.807426 -0.489367 0.329521  0.769363 0.081916 0
0  0.016297 -0.905715 9.857244  0.538812 -0.763460 0.356105  0.747595 0.108339 0
0  0.379272 -0.669560 9.354594  0.674173 -0.709585 -0.204889  0.761297 0.057846 0
dd_c
0  0.656034 -0.239852 9.092910  0.908761 -0.342873 -0.237889  0.801402 0.028432 0
0  0.337962 -0.622558 9.671011  0.807426 -0.489367 0.329521  0.769363 0.081916 0
0  0.379272 -0.669560 9.354594  0.674173 -0.709585 -0.204889  0.761297 0.057846 0
dd_c
0  0.594424 -0.219249 9.423911  0.934046 -0.197879 0.297326  0.802015 0.055016 0
0  0.337962 -0.622558 9.671011  0.807426 -0.489367 0.329521  0.769363 0.081916 0
0  0.656034 -0.239852 9.092910  0.908761 -0.342873 -0.237889  0.801402 0.028432 0
dd_c
0  0.656034 0.253118 9.092910  0.904647 0.351561 -0.240870  0.841473 0.030914 0
0  0.594424 -0.219249 9.423911  0.934046 -0.197879 0.297326  0.802015 0.055016 0
0  0.656034 -0.239852 9.092910  0.908761 -0.342873 -0.237889  0.801402 0.028432 0
dd_c
0  0.594424 0.232515 9.423912  0.933811 0.200130 0.296555  0.836901 0.056884 0
0  0.594424 -0.219249 9.423911  0.934046 -0.197879 0.297326  0.802015 0.055016 0
0  0.656034 0.253118 9.092910  0.904647 0.351561 -0.240870  0.841473 0.030914 0
dd_c
0  0.379272 0.682827 9.354594  0.668166 0.713596 -0.210560  0.876276 0.064390 0
0  0.594424 0.232515 9.423912  0.933811 0.200130 0.296555  0.836901 0.056884 0
0  0.656034 0.253118 9.092910  0.904647 0.351561 -0.240870  0.841473 0.030914 0
dd_c
0  -1.126895 -0.626847 9.947478  -0.754669 -0.567120 0.329924  0.705077 0.190648 0
0  -1.197002 -0.181303 10.178493  -0.819451 -0.182356 0.543365  0.726324 0.233638 0
0  -1.350420 -0.220511 9.901672  -0.921771 -0.221794 0.318033  0.692492 0.232769 0
dd_c
0  -1.012283 -0.518099 10.216125  -0.685738 -0.477661 0.549185  0.731199 0.196728 0
0  -1.197002 -0.181303 10.178493  -0.819451 -0.182356 0.543365  0.726324 0.233638 0
0  -1.126895 -0.626847 9.947478  -0.754669 -0.567120 0.329924  0.705077 0.190648 0
dd_c
0  -0.802759 -0.908914 9.993333  -0.440237 -0.822013 0.361228  0.718934 0.160050 0
0  -1.012283 -0.518099 10.216125  -0.685738 -0.477661 0.549185  0.731199 0.196728 0
0  -1.126895 -0.626847 9.947478  -0.754669 -0.567120 0.329924  0.705077 0.190648 0
dd_c
0  -0.742737 -0.752951 10.253935  -0.400932 -0.714815 0.572969  0.739402 0.169596 0
0  -1.012283 -0.518099 10.216125  -0.685738 -0.477661 0.549185  0.731199 0.196728 0
0  -0.802759 -0.908914 9.993333  -0.440237 -0.822013 0.361228  0.718934 0.160050 0
dd_c
0  -0.392585 -1.010112 9.979339  0.060982 -0.922415 0.381355  0.732588 0.134262 0
0  -0.742737 -0.752951 10.253935  -0.400932 -0.714815 0.572969  0.739402 0.169596 0
0  -0.802759 -0.908914 9.993333  -0.440237 -0.822013 0.361228  0.718934 0.160050 0
dd_c
0  -0.399479 -0.837877 10.241146  0.084229 -0.819035 0.567527  0.749425 0.147716 0
0  -0.742737 -0.752951 10.253935  -0.400932 -0.714815 0.572969  0.739402 0.169596 0
0  -0.392585 -1.010112 9.979339  0.060982 -0.922415 0.381355  0.732588 0.134262 0
dd_c
0  0.016297 -0.905715 9.857244  0.538812 -0.763460 0.356105  0.747595 0.108339 0
0  -0.399479 -0.837877 10.241146  0.084229 -0.819035 0.567527  0.749425 0.147716 0
0  -0.392585 -1.010112 9.979339  0.060982 -0.922415 0.381355  0.732588 0.134262 0
dd_c
0  -0.057312 -0.750157 10.138046  0.549293 -0.663089 0.508517  0.761706 0.126725 0
0  -0.399479 -0.837877 10.241146  0.084229 -0.819035 0.567527  0.749425 0.147716 0
0  0.016297 -0.905715 9.857244  0.538812 -0.763460 0.356105  0.747595 0.108339 0
dd_c
0  0.337962 -0.622558 9.671011  0.807426 -0.489367 0.329521  0.769363 0.081916 0
0  -0.057312 -0.750157 10.138046  0.549293 -0.663089 0.508517  0.761706 0.126725 0
0  0.016297 -0.905715 9.857244  0.538812 -0.763460 0.356105  0.747595 0.108339 0
dd_c
0  0.210229 -0.514015 9.982031  0.796805 -0.402327 0.450815  0.779205 0.106581 0
0  -0.057312 -0.750157 10.138046  0.549293 -0.663089 0.508517  0.761706 0.126725 0
0  0.337962 -0.622558 9.671011  0.807426 -0.489367 0.329521  0.769363 0.081916 0
dd_c
0  0.594424 -0.219249 9.423911  0.934046 -0.197879 0.297326  0.802015 0.055016 0
0  0.210229 -0.514015 9.982031  0.796805 -0.402327 0.450815  0.779205 0.106581 0
0  0.337962 -0.622558 9.671011  0.807426 -0.489367 0.329521  0.769363 0.081916 0
dd_c
0  -1.012283 -0.518099 10.216125  -0.685738 -0.477661 0.549185  0.731199 0.196728 0
0  -0.960414 -0.130519 10.501199  -0.651793 -0.132719 0.746694  0.769375 0.223847 0
0  -1.197002 -0.181303 10.178493  -0.819451 -0.182356 0.543365  0.726324 0.233638 0
dd_c
0  -0.057312 -0.750157 10.138046  0.549293 -0.663089 0.508517  0.761706 0.126725 0
0  -0.372599 -0.611284 10.547109  0.126353 -0.625274 0.770109  0.771189 0.159778 0
0  -0.399479 -0.837877 10.241146  0.084229 -0.819035 0.567527  0.749425 0.147716 0
dd_c
0  -0.372599 -0.611284 10.547109  0.126353 -0.625274 0.770109  0.771189 0.159778 0
0  -0.626480 -0.549157 10.556822  -0.299118 -0.553526 0.777263  0.766130 0.175774 0
0  -0.399479 -0.837877 10.241146  0.084229 -0.819035 0.567527  0.749425 0.147716 0
dd_c
0  -0.399479 -0.837877 10.241146  0.084229 -0.819035 0.567527  0.749425 0.147716 0
0  -0.626480 -0.549157 10.556822  -0.299118 -0.553526 0.777263  0.766130 0.175774 0
0  -0.742737 -0.752951 10.253935  -0.400932 -0.714815 0.572969  0.739402 0.169596 0
dd_c
0  -0.626480 -0.549157 10.556822  -0.299118 -0.553526 0.777263  0.766130 0.175774 0
0  -0.825888 -0.376316 10.528707  -0.553669 -0.336369 0.761779  0.765082 0.196201 0
0  -0.742737 -0.752951 10.253935  -0.400932 -0.714815 0.572969  0.739402 0.169596 0
dd_c
0  -0.742737 -0.752951 10.253935  -0.400932 -0.714815 0.572969  0.739402 0.169596 0
0  -0.825888 -0.376316 10.528707  -0.553669 -0.336369 0.761779  0.765082 0.196201 0
0  -1.012283 -0.518099 10.216125  -0.685738 -0.477661 0.549185  0.731199 0.196728 0
dd_c
0  -0.825888 -0.376316 10.528707  -0.553669 -0.336369 0.761779  0.765082 0.196201 0
0  -0.960414 -0.130519 10.501199  -0.651793 -0.132719 0.746694  0.769375 0.223847 0
0  -1.012283 -0.518099 10.216125  -0.685738 -0.477661 0.549185  0.731199 0.196728 0
dd_c
0  -0.825888 -0.376316 10.528707  -0.553669 -0.336369 0.761779  0.765082 0.196201 0
0  -0.597609 -0.371933 10.629829  -0.220310 -0.258216 0.940632  0.778747 0.181325 0
0  -0.960414 -0.130519 10.501199  -0.651793 -0.132719 0.746694  0.769375 0.223847 0
dd_c
0  -0.960414 -0.130519 10.501199  -0.651793 -0.132719 0.746694  0.769375 0.223847 0
0  -0.597609 -0.371933 10.629829  -0.220310 -0.258216 0.940632  0.778747 0.181325 0
0  -0.629197 -0.128634 10.670025  -0.305319 -0.107522 0.946160  0.798441 0.195485 0
dd_c
0  -0.597609 -0.371933 10.629829  -0.220310 -0.258216 0.940632  0.778747 0.181325 0
0  -0.371106 -0.373898 10.643751  0.120586 -0.317606 0.940524  0.786039 0.166624 0
0  -0.629197 -0.128634 10.670025  -0.305319 -0.107522 0.946160  0.798441 0.195485 0
dd_c
0  -0.597609 -0.371933 10.629829  -0.220310 -0.258216 0.940632  0.778747 0.181325 0
0  -0.372599 -0.611284 10.547109  0.126353 -0.625274 0.770109  0.771189 0.159778 0
0  -0.371106 -0.373898 10.643751  0.120586 -0.317606 0.940524  0.786039 0.166624 0
dd_c
0  -0.372599 -0.611284 10.547109  0.126353 -0.625274 0.770109  0.771189 0.159778 0
0  -0.119918 -0.549498 10.467986  0.511019 -0.561888 0.650494  0.778857 0.145763 0
0  -0.371106 -0.373898 10.643751  0.120586 -0.317606 0.940524  0.786039 0.166624 0
dd_c
0  -0.119918 -0.549498 10.467986  0.511019 -0.561888 0.650494  0.778857 0.145763 0
0  -0.372599 -0.611284 10.547109  0.126353 -0.625274 0.770109  0.771189 0.159778 0
0  -0.057312 -0.750157 10.138046  0.549293 -0.663089 0.508517  0.761706 0.126725 0
dd_c
0  0.210229 -0.514015 9.982031  0.796805 -0.402327 0.450815  0.779205 0.106581 0
0  -0.119918 -0.549498 10.467986  0.511019 -0.561888 0.650494  0.778857 0.145763 0
0  -0.057312 -0.750157 10.138046  0.549293 -0.663089 0.508517  0.761706 0.126725 0
dd_c
0  -0.626480 -0.549157 10.556822  -0.299118 -0.553526 0.777263  0.766130 0.175774 0
0  -0.372599 -0.611284 10.547109  0.126353 -0.625274 0.770109  0.771189 0.159778 0
0  -0.597609 -0.371933 10.629829  -0.220310 -0.258216 0.940632  0.778747 0.181325 0
dd_c
0  -0.626480 -0.549157 10.556822  -0.299118 -0.553526 0.777263  0.766130 0.175774 0
0  -0.597609 -0.371933 10.629829  -0.220310 -0.258216 0.940632  0.778747 0.181325 0
0  -0.825888 -0.376316 10.528707  -0.553669 -0.336369 0.761779  0.765082 0.196201 0
dd_c
0  -2.894977 -0.134247 0.746582  -0.706164 0.464367 -0.534505  0.795232 0.534516 0
0  -2.660341 0.006635 0.702176  -0.407609 -0.000002 -0.913157  0.807892 0.553569 0
0  -3.015095 -0.764119 0.745364  -0.786520 -0.012205 -0.617445  0.743842 0.524810 0
dd_c
0  -3.015095 -0.764119 0.745364  -0.786520 -0.012205 -0.617445  0.743842 0.524810 0
0  -2.660341 0.006635 0.702176  -0.407609 -0.000002 -0.913157  0.807892 0.553569 0
0  -2.648252 -0.680529 0.687111  -0.100077 -0.007838 -0.994949  0.750853 0.553876 0
dd_c
0  -3.015095 -0.764119 0.745364  -0.786520 -0.012205 -0.617445  0.743842 0.524810 0
0  -2.648252 -0.680529 0.687111  -0.100077 -0.007838 -0.994949  0.750853 0.553876 0
0  -2.895767 -1.390285 0.745615  -0.755033 -0.279497 -0.593134  0.692472 0.534600 0
dd_c
0  -2.895767 -1.390285 0.745615  -0.755033 -0.279497 -0.593134  0.692472 0.534600 0
0  -2.648252 -0.680529 0.687111  -0.100077 -0.007838 -0.994949  0.750853 0.553876 0
0  -2.475502 -1.458963 0.685913  -0.073336 -0.010623 -0.997251  0.686002 0.568081 0
dd_c
0  -2.895767 -1.390285 0.745615  -0.755033 -0.279497 -0.593134  0.692472 0.534600 0
0  -2.475502 -1.458963 0.685913  -0.073336 -0.010623 -0.997251  0.686002 0.568081 0
0  -2.664660 -1.788224 0.709550  -0.596006 -0.534333 -0.599387  0.659880 0.553542 0
dd_c
0  -2.664660 -1.788224 0.709550  -0.596006 -0.534333 -0.599387  0.659880 0.553542 0
0  -2.475502 -1.458963 0.685913  -0.073336 -0.010623 -0.997251  0.686002 0.568081 0
0  -2.265737 -2.019454 0.686955  -0.278380 -0.694411 -0.663549  0.640979 0.586074 0
dd_c
0  -2.475502 -1.458963 0.685913  -0.073336 -0.010623 -0.997251  0.686002 0.568081 0
0  -1.847804 -1.498141 0.674980  -0.008780 -0.007964 -0.999930  0.682740 0.620147 0
0  -2.265737 -2.019454 0.686955  -0.278380 -0.694411 -0.663549  0.640979 0.586074 0
dd_c
0  -2.265737 -2.019454 0.686955  -0.278380 -0.694411 -0.663549  0.640979 0.586074 0
0  -1.847804 -1.498141 0.674980  -0.008780 -0.007964 -0.999930  0.682740 0.620147 0
0  -1.639184 -2.139321 0.687024  0.007052 -0.747468 -0.664261  0.631189 0.637462 0
dd_c
0  -1.847804 -1.498141 0.674980  -0.008780 -0.007964 -0.999930  0.682740 0.620147 0
0  -1.136955 -1.339218 0.669203  0.009135 -0.006327 -0.999938  0.695938 0.679149 0
0  -1.639184 -2.139321 0.687024  0.007052 -0.747468 -0.664261  0.631189 0.637462 0
dd_c
0  -1.639184 -2.139321 0.687024  0.007052 -0.747468 -0.664261  0.631189 0.637462 0
0  -1.136955 -1.339218 0.669203  0.009135 -0.006327 -0.999938  0.695938 0.679149 0
0  -1.012450 -2.019779 0.687212  0.286927 -0.705291 -0.648257  0.640984 0.688848 0
dd_c
0  -1.136955 -1.339218 0.669203  0.009135 -0.006327 -0.999938  0.695938 0.679149 0
0  -0.599485 -1.105177 0.680430  0.126078 -0.014326 -0.991917  0.715424 0.723539 0
0  -1.012450 -2.019779 0.687212  0.286927 -0.705291 -0.648257  0.640984 0.688848 0
dd_c
0  -1.012450 -2.019779 0.687212  0.286927 -0.705291 -0.648257  0.640984 0.688848 0
0  -0.599485 -1.105177 0.680430  0.126078 -0.014326 -0.991917  0.715424 0.723539 0
0  -0.613372 -1.788815 0.710039  0.576069 -0.567862 -0.587943  0.659871 0.721404 0
dd_c
0  -0.599485 -1.105177 0.680430  0.126078 -0.014326 -0.991917  0.715424 0.723539 0
0  -0.262901 -0.763874 0.745396  0.790798 0.017663 -0.611822  0.743807 0.750171 0
0  -0.613372 -1.788815 0.710039  0.576069 -0.567862 -0.587943  0.659871 0.721404 0
dd_c
0  -0.613372 -1.788815 0.710039  0.576069 -0.567862 -0.587943  0.659871 0.721404 0
0  -0.262901 -0.763874 0.745396  0.790798 0.017663 -0.611822  0.743807 0.750171 0
0  -0.381698 -1.390326 0.746283  0.772208 -0.275927 -0.572328  0.692413 0.740461 0
dd_c
0  -1.638525 0.006635 0.651542  0.004020 0.000000 -0.999992  0.807892 0.637493 0
0  -1.018488 0.006635 0.651570  0.051053 0.000000 -0.998696  0.807892 0.688845 0
0  -1.386591 -0.523872 0.679279  0.007151 -0.021518 -0.999743  0.763867 0.658434 0
dd_c
0  -1.386591 -0.523872 0.679279  0.007151 -0.021518 -0.999743  0.763867 0.658434 0
0  -1.018488 0.006635 0.651570  0.051053 0.000000 -0.998696  0.807892 0.688845 0
0  -0.768761 -0.350138 0.686485  0.086550 -0.004704 -0.996236  0.778294 0.709617 0
dd_c
0  -1.018488 0.006635 0.651570  0.051053 0.000000 -0.998696  0.807892 0.688845 0
0  -0.617423 0.006635 0.702309  0.408024 0.000001 -0.912971  0.807892 0.721379 0
0  -0.768761 -0.350138 0.686485  0.086550 -0.004704 -0.996236  0.778294 0.709617 0
dd_c
0  -0.768761 -0.350138 0.686485  0.086550 -0.004704 -0.996236  0.778294 0.709617 0
0  -0.617423 0.006635 0.702309  0.408024 0.000001 -0.912971  0.807892 0.721379 0
0  -0.383095 -0.134400 0.746428  0.700919 0.452210 -0.551561  0.795192 0.740393 0
dd_c
0  -0.383095 0.147670 0.746428  0.700989 -0.452113 -0.551551  0.820592 0.740393 0
0  -0.617423 0.006635 0.702309  0.408024 0.000001 -0.912971  0.807892 0.721379 0
0  -0.768761 0.363407 0.686485  0.086550 0.004704 -0.996236  0.837490 0.709617 0
dd_c
0  -0.768761 0.363407 0.686485  0.086550 0.004704 -0.996236  0.837490 0.709617 0
0  -0.617423 0.006635 0.702309  0.408024 0.000001 -0.912971  0.807892 0.721379 0
0  -1.018488 0.006635 0.651570  0.051053 0.000000 -0.998696  0.807892 0.688845 0
dd_c
0  -0.768761 0.363407 0.686485  0.086550 0.004704 -0.996236  0.837490 0.709617 0
0  -1.018488 0.006635 0.651570  0.051053 0.000000 -0.998696  0.807892 0.688845 0
0  -1.386591 0.537142 0.679279  0.007151 0.021518 -0.999743  0.851917 0.658434 0
dd_c
0  -1.386591 0.537142 0.679279  0.007151 0.021518 -0.999743  0.851917 0.658434 0
0  -1.018488 0.006635 0.651570  0.051053 0.000000 -0.998696  0.807892 0.688845 0
0  -1.638525 0.006635 0.651542  0.004020 0.000000 -0.999992  0.807892 0.637493 0
dd_c
0  -1.386591 0.537142 0.679279  0.007151 0.021518 -0.999743  0.851917 0.658434 0
0  -1.638525 0.006635 0.651542  0.004020 0.000000 -0.999992  0.807892 0.637493 0
0  -2.097758 0.674121 0.677092  -0.006774 0.020076 -0.999775  0.863289 0.599427 0
dd_c
0  -2.097758 0.674121 0.677092  -0.006774 0.020076 -0.999775  0.863289 0.599427 0
0  -1.638525 0.006635 0.651542  0.004020 0.000000 -0.999992  0.807892 0.637493 0
0  -2.258622 0.006635 0.651547  -0.046045 0.000000 -0.998939  0.807892 0.586126 0
dd_c
0  -2.258622 0.006635 0.651547  -0.046045 0.000000 -0.998939  0.807892 0.586126 0
0  -1.638525 0.006635 0.651542  0.004020 0.000000 -0.999992  0.807892 0.637493 0
0  -2.097758 -0.660852 0.677092  -0.006774 -0.020076 -0.999775  0.752495 0.599427 0
dd_c
0  -2.097758 -0.660852 0.677092  -0.006774 -0.020076 -0.999775  0.752495 0.599427 0
0  -1.638525 0.006635 0.651542  0.004020 0.000000 -0.999992  0.807892 0.637493 0
0  -1.386591 -0.523872 0.679279  0.007151 -0.021518 -0.999743  0.763867 0.658434 0
dd_c
0  -0.262901 0.777144 0.745396  0.790799 -0.017615 -0.611823  0.871977 0.750171 0
0  -0.383095 0.147670 0.746428  0.700989 -0.452113 -0.551551  0.820592 0.740393 0
0  -0.599484 1.118446 0.680430  0.126078 0.014326 -0.991917  0.900360 0.723539 0
dd_c
0  -0.599484 1.118446 0.680430  0.126078 0.014326 -0.991917  0.900360 0.723539 0
0  -0.383095 0.147670 0.746428  0.700989 -0.452113 -0.551551  0.820592 0.740393 0
0  -0.768761 0.363407 0.686485  0.086550 0.004704 -0.996236  0.837490 0.709617 0
dd_c
0  -0.599484 1.118446 0.680430  0.126078 0.014326 -0.991917  0.900360 0.723539 0
0  -0.768761 0.363407 0.686485  0.086550 0.004704 -0.996236  0.837490 0.709617 0
0  -1.136955 1.352488 0.669203  0.009135 0.006327 -0.999938  0.919846 0.679149 0
dd_c
0  -1.136955 1.352488 0.669203  0.009135 0.006327 -0.999938  0.919846 0.679149 0
0  -0.768761 0.363407 0.686485  0.086550 0.004704 -0.996236  0.837490 0.709617 0
0  -1.386591 0.537142 0.679279  0.007151 0.021518 -0.999743  0.851917 0.658434 0
dd_c
0  -1.136955 1.352488 0.669203  0.009135 0.006327 -0.999938  0.919846 0.679149 0
0  -1.386591 0.537142 0.679279  0.007151 0.021518 -0.999743  0.851917 0.658434 0
0  -1.847803 1.511411 0.674980  -0.008780 0.007964 -0.999930  0.933044 0.620147 0
dd_c
0  -1.847803 1.511411 0.674980  -0.008780 0.007964 -0.999930  0.933044 0.620147 0
0  -1.386591 0.537142 0.679279  0.007151 0.021518 -0.999743  0.851917 0.658434 0
0  -2.097758 0.674121 0.677092  -0.006774 0.020076 -0.999775  0.863289 0.599427 0
dd_c
0  -1.847803 1.511411 0.674980  -0.008780 0.007964 -0.999930  0.933044 0.620147 0
0  -2.097758 0.674121 0.677092  -0.006774 0.020076 -0.999775  0.863289 0.599427 0
0  -2.475502 1.472234 0.685913  -0.073336 0.010623 -0.997251  0.929782 0.568081 0
dd_c
0  -2.475502 1.472234 0.685913  -0.073336 0.010623 -0.997251  0.929782 0.568081 0
0  -2.097758 0.674121 0.677092  -0.006774 0.020076 -0.999775  0.863289 0.599427 0
0  -2.648252 0.693799 0.687111  -0.100077 0.007838 -0.994949  0.864931 0.553876 0
dd_c
0  -2.097758 0.674121 0.677092  -0.006774 0.020076 -0.999775  0.863289 0.599427 0
0  -2.258622 0.006635 0.651547  -0.046045 0.000000 -0.998939  0.807892 0.586126 0
0  -2.648252 0.693799 0.687111  -0.100077 0.007838 -0.994949  0.864931 0.553876 0
dd_c
0  -2.648252 0.693799 0.687111  -0.100077 0.007838 -0.994949  0.864931 0.553876 0
0  -2.258622 0.006635 0.651547  -0.046045 0.000000 -0.998939  0.807892 0.586126 0
0  -2.660341 0.006635 0.702176  -0.407609 -0.000002 -0.913157  0.807892 0.553569 0
dd_c
0  -2.660341 0.006635 0.702176  -0.407609 -0.000002 -0.913157  0.807892 0.553569 0
0  -2.258622 0.006635 0.651547  -0.046045 0.000000 -0.998939  0.807892 0.586126 0
0  -2.648252 -0.680529 0.687111  -0.100077 -0.007838 -0.994949  0.750853 0.553876 0
dd_c
0  -2.648252 -0.680529 0.687111  -0.100077 -0.007838 -0.994949  0.750853 0.553876 0
0  -2.258622 0.006635 0.651547  -0.046045 0.000000 -0.998939  0.807892 0.586126 0
0  -2.097758 -0.660852 0.677092  -0.006774 -0.020076 -0.999775  0.752495 0.599427 0
dd_c
0  -2.648252 -0.680529 0.687111  -0.100077 -0.007838 -0.994949  0.750853 0.553876 0
0  -2.097758 -0.660852 0.677092  -0.006774 -0.020076 -0.999775  0.752495 0.599427 0
0  -2.475502 -1.458963 0.685913  -0.073336 -0.010623 -0.997251  0.686002 0.568081 0
dd_c
0  -2.475502 -1.458963 0.685913  -0.073336 -0.010623 -0.997251  0.686002 0.568081 0
0  -2.097758 -0.660852 0.677092  -0.006774 -0.020076 -0.999775  0.752495 0.599427 0
0  -1.847804 -1.498141 0.674980  -0.008780 -0.007964 -0.999930  0.682740 0.620147 0
dd_c
0  -2.097758 -0.660852 0.677092  -0.006774 -0.020076 -0.999775  0.752495 0.599427 0
0  -1.386591 -0.523872 0.679279  0.007151 -0.021518 -0.999743  0.763867 0.658434 0
0  -1.847804 -1.498141 0.674980  -0.008780 -0.007964 -0.999930  0.682740 0.620147 0
dd_c
0  -1.847804 -1.498141 0.674980  -0.008780 -0.007964 -0.999930  0.682740 0.620147 0
0  -1.386591 -0.523872 0.679279  0.007151 -0.021518 -0.999743  0.763867 0.658434 0
0  -1.136955 -1.339218 0.669203  0.009135 -0.006327 -0.999938  0.695938 0.679149 0
dd_c
0  -1.386591 -0.523872 0.679279  0.007151 -0.021518 -0.999743  0.763867 0.658434 0
0  -0.768761 -0.350138 0.686485  0.086550 -0.004704 -0.996236  0.778294 0.709617 0
0  -1.136955 -1.339218 0.669203  0.009135 -0.006327 -0.999938  0.695938 0.679149 0
dd_c
0  -1.136955 -1.339218 0.669203  0.009135 -0.006327 -0.999938  0.695938 0.679149 0
0  -0.768761 -0.350138 0.686485  0.086550 -0.004704 -0.996236  0.778294 0.709617 0
0  -0.599485 -1.105177 0.680430  0.126078 -0.014326 -0.991917  0.715424 0.723539 0
dd_c
0  -0.768761 -0.350138 0.686485  0.086550 -0.004704 -0.996236  0.778294 0.709617 0
0  -0.383095 -0.134400 0.746428  0.700919 0.452210 -0.551561  0.795192 0.740393 0
0  -0.599485 -1.105177 0.680430  0.126078 -0.014326 -0.991917  0.715424 0.723539 0
dd_c
0  -0.599485 -1.105177 0.680430  0.126078 -0.014326 -0.991917  0.715424 0.723539 0
0  -0.383095 -0.134400 0.746428  0.700919 0.452210 -0.551561  0.795192 0.740393 0
0  -0.262901 -0.763874 0.745396  0.790798 0.017663 -0.611822  0.743807 0.750171 0
dd_c
0  -3.015095 0.777389 0.745364  -0.786519 0.012229 -0.617445  0.871942 0.524810 0
0  -2.660341 0.006635 0.702176  -0.407609 -0.000002 -0.913157  0.807892 0.553569 0
0  -2.894977 0.147517 0.746582  -0.706147 -0.464390 -0.534508  0.820552 0.534516 0
dd_c
0  -2.648252 0.693799 0.687111  -0.100077 0.007838 -0.994949  0.864931 0.553876 0
0  -2.660341 0.006635 0.702176  -0.407609 -0.000002 -0.913157  0.807892 0.553569 0
0  -3.015095 0.777389 0.745364  -0.786519 0.012229 -0.617445  0.871942 0.524810 0
dd_c
0  -2.895767 1.403555 0.745615  -0.755023 0.279522 -0.593134  0.923312 0.534600 0
0  -2.648252 0.693799 0.687111  -0.100077 0.007838 -0.994949  0.864931 0.553876 0
0  -3.015095 0.777389 0.745364  -0.786519 0.012229 -0.617445  0.871942 0.524810 0
dd_c
0  -2.475502 1.472234 0.685913  -0.073336 0.010623 -0.997251  0.929782 0.568081 0
0  -2.648252 0.693799 0.687111  -0.100077 0.007838 -0.994949  0.864931 0.553876 0
0  -2.895767 1.403555 0.745615  -0.755023 0.279522 -0.593134  0.923312 0.534600 0
dd_c
0  -2.664660 1.801494 0.709550  -0.596005 0.534334 -0.599387  0.955904 0.553542 0
0  -2.475502 1.472234 0.685913  -0.073336 0.010623 -0.997251  0.929782 0.568081 0
0  -2.895767 1.403555 0.745615  -0.755023 0.279522 -0.593134  0.923312 0.534600 0
dd_c
0  -2.265736 2.032724 0.686955  -0.278351 0.694422 -0.663550  0.974805 0.586074 0
0  -2.475502 1.472234 0.685913  -0.073336 0.010623 -0.997251  0.929782 0.568081 0
0  -2.664660 1.801494 0.709550  -0.596005 0.534334 -0.599387  0.955904 0.553542 0
dd_c
0  -2.265736 2.032724 0.686955  -0.278351 0.694422 -0.663550  0.974805 0.586074 0
0  -1.847803 1.511411 0.674980  -0.008780 0.007964 -0.999930  0.933044 0.620147 0
0  -2.475502 1.472234 0.685913  -0.073336 0.010623 -0.997251  0.929782 0.568081 0
dd_c
0  -1.639184 2.152590 0.687024  0.007077 0.747467 -0.664261  0.984595 0.637462 0
0  -1.847803 1.511411 0.674980  -0.008780 0.007964 -0.999930  0.933044 0.620147 0
0  -2.265736 2.032724 0.686955  -0.278351 0.694422 -0.663550  0.974805 0.586074 0
dd_c
0  -1.639184 2.152590 0.687024  0.007077 0.747467 -0.664261  0.984595 0.637462 0
0  -1.136955 1.352488 0.669203  0.009135 0.006327 -0.999938  0.919846 0.679149 0
0  -1.847803 1.511411 0.674980  -0.008780 0.007964 -0.999930  0.933044 0.620147 0
dd_c
0  -1.012450 2.033049 0.687212  0.286955 0.705280 -0.648257  0.974800 0.688848 0
0  -1.136955 1.352488 0.669203  0.009135 0.006327 -0.999938  0.919846 0.679149 0
0  -1.639184 2.152590 0.687024  0.007077 0.747467 -0.664261  0.984595 0.637462 0
dd_c
0  -1.012450 2.033049 0.687212  0.286955 0.705280 -0.648257  0.974800 0.688848 0
0  -0.599484 1.118446 0.680430  0.126078 0.014326 -0.991917  0.900360 0.723539 0
0  -1.136955 1.352488 0.669203  0.009135 0.006327 -0.999938  0.919846 0.679149 0
dd_c
0  -0.613372 1.802084 0.710039  0.576071 0.567861 -0.587943  0.955913 0.721404 0
0  -0.599484 1.118446 0.680430  0.126078 0.014326 -0.991917  0.900360 0.723539 0
0  -1.012450 2.033049 0.687212  0.286955 0.705280 -0.648257  0.974800 0.688848 0
dd_c
0  -0.613372 1.802084 0.710039  0.576071 0.567861 -0.587943  0.955913 0.721404 0
0  -0.262901 0.777144 0.745396  0.790799 -0.017615 -0.611823  0.871977 0.750171 0
0  -0.599484 1.118446 0.680430  0.126078 0.014326 -0.991917  0.900360 0.723539 0
dd_c
0  -0.381698 1.403595 0.746283  0.772217 0.275902 -0.572327  0.923371 0.740461 0
0  -0.262901 0.777144 0.745396  0.790799 -0.017615 -0.611823  0.871977 0.750171 0
0  -0.613372 1.802084 0.710039  0.576071 0.567861 -0.587943  0.955913 0.721404 0
dd_c
0  1.259199 0.913375 0.048867  0.579442 0.462133 -0.671327  0.383634 0.956551 0
0  1.540019 0.330246 0.048867  0.729453 0.166357 -0.663493  0.354208 0.980851 0
0  0.753178 1.316913 0.048867  0.325434 0.674966 -0.662204  0.399604 0.921890 0
dd_c
0  0.753178 1.316913 0.048867  0.325434 0.674966 -0.662204  0.399604 0.921890 0
0  0.758179 0.646192 0.030646  0.016525 0.013965 -0.999766  0.362572 0.932414 0
0  0.122182 1.460933 0.048867  0.000969 0.749720 -0.661754  0.398953 0.883733 0
dd_c
0  0.753178 1.316913 0.048867  0.325434 0.674966 -0.662204  0.399604 0.921890 0
0  1.540019 0.330246 0.048867  0.729453 0.166357 -0.663493  0.354208 0.980851 0
0  0.758179 0.646192 0.030646  0.016525 0.013965 -0.999766  0.362572 0.932414 0
dd_c
0  1.540019 0.330246 0.048867  0.729453 0.166357 -0.663493  0.354208 0.980851 0
0  1.540019 -0.316979 0.048867  0.728338 -0.166607 -0.664654  0.317152 0.989977 0
0  0.758179 0.646192 0.030646  0.016525 0.013965 -0.999766  0.362572 0.932414 0
dd_c
0  0.122182 1.460933 0.048867  0.000969 0.749720 -0.661754  0.398953 0.883733 0
0  -0.173339 0.858804 0.030646  -0.007318 0.016584 -0.999836  0.361583 0.874479 0
0  -0.508816 1.316913 0.048867  -0.326066 0.676089 -0.660746  0.381810 0.849637 0
dd_c
0  0.122182 1.460933 0.048867  0.000969 0.749720 -0.661754  0.398953 0.883733 0
0  0.758179 0.646192 0.030646  0.016525 0.013965 -0.999766  0.362572 0.932414 0
0  -0.173339 0.858804 0.030646  -0.007318 0.016584 -0.999836  0.361583 0.874479 0
dd_c
0  0.758179 0.646192 0.030646  0.016525 0.013965 -0.999766  0.362572 0.932414 0
0  0.644686 -0.112625 0.030646  0.010405 -0.002739 -0.999942  0.316243 0.936734 0
0  -0.173339 0.858804 0.030646  -0.007318 0.016584 -0.999836  0.361583 0.874479 0
dd_c
0  0.758179 0.646192 0.030646  0.016525 0.013965 -0.999766  0.362572 0.932414 0
0  1.540019 -0.316979 0.048867  0.728338 -0.166607 -0.664654  0.317152 0.989977 0
0  0.644686 -0.112625 0.030646  0.010405 -0.002739 -0.999942  0.316243 0.936734 0
dd_c
0  1.540019 -0.316979 0.048867  0.728338 -0.166607 -0.664654  0.317152 0.989977 0
0  1.259199 -0.900108 0.048867  0.585734 -0.465143 -0.663745  0.279806 0.982120 0
0  0.644686 -0.112625 0.030646  0.010405 -0.002739 -0.999942  0.316243 0.936734 0
dd_c
0  0.644686 -0.112625 0.030646  0.010405 -0.002739 -0.999942  0.316243 0.936734 0
0  1.259199 -0.900108 0.048867  0.585734 -0.465143 -0.663745  0.279806 0.982120 0
0  0.417702 -0.845538 0.030646  0.007318 -0.016584 -0.999836  0.269795 0.933997 0
dd_c
0  1.259199 -0.900108 0.048867  0.585734 -0.465143 -0.663745  0.279806 0.982120 0
0  0.753179 -1.303646 0.048867  0.326066 -0.676089 -0.660746  0.249568 0.958839 0
0  0.417702 -0.845538 0.030646  0.007318 -0.016584 -0.999836  0.269795 0.933997 0
dd_c
0  0.417702 -0.845538 0.030646  0.007318 -0.016584 -0.999836  0.269795 0.933997 0
0  0.753179 -1.303646 0.048867  0.326066 -0.676089 -0.660746  0.249568 0.958839 0
0  0.122181 -1.447667 0.048867  -0.000969 -0.749720 -0.661754  0.232425 0.924742 0
dd_c
0  0.417702 -0.845538 0.030646  0.007318 -0.016584 -0.999836  0.269795 0.933997 0
0  0.122181 -1.447667 0.048867  -0.000969 -0.749720 -0.661754  0.232425 0.924742 0
0  -0.513817 -0.632925 0.030646  -0.016525 -0.013965 -0.999766  0.268806 0.876061 0
dd_c
0  -0.513817 -0.632925 0.030646  -0.016525 -0.013965 -0.999766  0.268806 0.876061 0
0  0.122181 -1.447667 0.048867  -0.000969 -0.749720 -0.661754  0.232425 0.924742 0
0  -0.508816 -1.303646 0.048867  -0.325435 -0.674966 -0.662204  0.231774 0.886585 0
dd_c
0  -0.513817 -0.632925 0.030646  -0.016525 -0.013965 -0.999766  0.268806 0.876061 0
0  -0.508816 -1.303646 0.048867  -0.325435 -0.674966 -0.662204  0.231774 0.886585 0
0  -1.295656 -0.316979 0.048867  -0.729453 -0.166358 -0.663493  0.277170 0.827624 0
dd_c
0  -1.295656 -0.316979 0.048867  -0.729453 -0.166358 -0.663493  0.277170 0.827624 0
0  -0.508816 -1.303646 0.048867  -0.325435 -0.674966 -0.662204  0.231774 0.886585 0
0  -1.014836 -0.900108 0.048867  -0.579442 -0.462133 -0.671327  0.247744 0.851924 0
dd_c
0  -1.014836 0.913375 0.048867  -0.585734 0.465143 -0.663746  0.351572 0.826355 0
0  -0.400323 0.125892 0.030646  -0.010405 0.002739 -0.999942  0.315135 0.871741 0
0  -1.295656 0.330246 0.048867  -0.728338 0.166607 -0.664654  0.314226 0.818499 0
dd_c
0  -0.508816 1.316913 0.048867  -0.326066 0.676089 -0.660746  0.381810 0.849637 0
0  -0.173339 0.858804 0.030646  -0.007318 0.016584 -0.999836  0.361583 0.874479 0
0  -1.014836 0.913375 0.048867  -0.585734 0.465143 -0.663746  0.351572 0.826355 0
dd_c
0  -0.173339 0.858804 0.030646  -0.007318 0.016584 -0.999836  0.361583 0.874479 0
0  -0.400323 0.125892 0.030646  -0.010405 0.002739 -0.999942  0.315135 0.871741 0
0  -1.014836 0.913375 0.048867  -0.585734 0.465143 -0.663746  0.351572 0.826355 0
dd_c
0  -0.173339 0.858804 0.030646  -0.007318 0.016584 -0.999836  0.361583 0.874479 0
0  0.644686 -0.112625 0.030646  0.010405 -0.002739 -0.999942  0.316243 0.936734 0
0  -0.400323 0.125892 0.030646  -0.010405 0.002739 -0.999942  0.315135 0.871741 0
dd_c
0  0.644686 -0.112625 0.030646  0.010405 -0.002739 -0.999942  0.316243 0.936734 0
0  0.417702 -0.845538 0.030646  0.007318 -0.016584 -0.999836  0.269795 0.933997 0
0  -0.400323 0.125892 0.030646  -0.010405 0.002739 -0.999942  0.315135 0.871741 0
dd_c
0  -0.400323 0.125892 0.030646  -0.010405 0.002739 -0.999942  0.315135 0.871741 0
0  0.417702 -0.845538 0.030646  0.007318 -0.016584 -0.999836  0.269795 0.933997 0
0  -0.513817 -0.632925 0.030646  -0.016525 -0.013965 -0.999766  0.268806 0.876061 0
dd_c
0  -0.400323 0.125892 0.030646  -0.010405 0.002739 -0.999942  0.315135 0.871741 0
0  -0.513817 -0.632925 0.030646  -0.016525 -0.013965 -0.999766  0.268806 0.876061 0
0  -1.295656 0.330246 0.048867  -0.728338 0.166607 -0.664654  0.314226 0.818499 0
dd_c
0  -1.295656 0.330246 0.048867  -0.728338 0.166607 -0.664654  0.314226 0.818499 0
0  -0.513817 -0.632925 0.030646  -0.016525 -0.013965 -0.999766  0.268806 0.876061 0
0  -1.295656 -0.316979 0.048867  -0.729453 -0.166358 -0.663493  0.277170 0.827624 0
dd_c
0  -2.881995 -1.383684 1.310217  -0.909097 -0.402778 0.106362  0.732114 0.933120 0
0  -2.895767 -1.390285 0.745615  -0.754872 -0.279434 -0.593367  0.716477 0.952999 0
0  -2.621092 -1.746119 1.310497  -0.704366 -0.697806 0.130135  0.719495 0.920369 0
dd_c
0  -2.621092 -1.746119 1.310497  -0.704366 -0.697806 0.130135  0.719495 0.920369 0
0  -2.895767 -1.390285 0.745615  -0.754872 -0.279434 -0.593367  0.716477 0.952999 0
0  -2.664660 -1.788224 0.709550  -0.595865 -0.534247 -0.599604  0.697400 0.936161 0
dd_c
0  -2.621092 -1.746119 1.310497  -0.704366 -0.697806 0.130135  0.719495 0.920369 0
0  -2.664660 -1.788224 0.709550  -0.595865 -0.534247 -0.599604  0.697400 0.936161 0
0  -2.258672 -2.006997 1.310199  -0.399404 -0.907643 0.129075  0.710699 0.904973 0
dd_c
0  -2.258672 -2.006997 1.310199  -0.399404 -0.907643 0.129075  0.710699 0.904973 0
0  -2.664660 -1.788224 0.709550  -0.595865 -0.534247 -0.599604  0.697400 0.936161 0
0  -2.265737 -2.019454 0.686955  -0.278274 -0.694245 -0.663767  0.684870 0.913950 0
dd_c
0  -2.258672 -2.006997 1.310199  -0.399404 -0.907643 0.129075  0.710699 0.904973 0
0  -2.265737 -2.019454 0.686955  -0.278274 -0.694245 -0.663767  0.684870 0.913950 0
0  -1.639011 -2.152974 1.309947  0.003057 -0.994370 0.105921  0.704801 0.880923 0
dd_c
0  -1.639011 -2.152974 1.309947  0.003057 -0.994370 0.105921  0.704801 0.880923 0
0  -2.265737 -2.019454 0.686955  -0.278274 -0.694245 -0.663767  0.684870 0.913950 0
0  -1.639184 -2.139321 0.687024  0.007076 -0.747281 -0.664471  0.678859 0.880833 0
dd_c
0  -1.639011 -2.152974 1.309947  0.003057 -0.994370 0.105921  0.704801 0.880923 0
0  -1.639184 -2.139321 0.687024  0.007076 -0.747281 -0.664471  0.678859 0.880833 0
0  -1.019347 -2.006997 1.310191  0.403103 -0.909149 0.104675  0.710866 0.856914 0
dd_c
0  -1.019347 -2.006997 1.310191  0.403103 -0.909149 0.104675  0.710866 0.856914 0
0  -1.639184 -2.139321 0.687024  0.007076 -0.747281 -0.664471  0.678859 0.880833 0
0  -1.012450 -2.019779 0.687212  0.286886 -0.705109 -0.648474  0.685100 0.847758 0
dd_c
0  -1.019347 -2.006997 1.310191  0.403103 -0.909149 0.104675  0.710866 0.856914 0
0  -1.012450 -2.019779 0.687212  0.286886 -0.705109 -0.648474  0.685100 0.847758 0
0  -0.656924 -1.746117 1.310483  0.697184 -0.705126 0.129350  0.719768 0.841580 0
dd_c
0  -0.656924 -1.746117 1.310483  0.697184 -0.705126 0.129350  0.719768 0.841580 0
0  -1.012450 -2.019779 0.687212  0.286886 -0.705109 -0.648474  0.685100 0.847758 0
0  -0.613372 -1.788815 0.710039  0.575964 -0.567728 -0.588176  0.697783 0.825635 0
dd_c
0  -0.656924 -1.746117 1.310483  0.697184 -0.705126 0.129350  0.719768 0.841580 0
0  -0.613372 -1.788815 0.710039  0.575964 -0.567728 -0.588176  0.697783 0.825635 0
0  -0.396026 -1.383686 1.310202  0.907149 -0.399853 0.131144  0.732476 0.828917 0
dd_c
0  -0.396026 -1.383686 1.310202  0.907149 -0.399853 0.131144  0.732476 0.828917 0
0  -0.613372 -1.788815 0.710039  0.575964 -0.567728 -0.588176  0.697783 0.825635 0
0  -0.381698 -1.390326 0.746283  0.772059 -0.275897 -0.572543  0.716977 0.808930 0
dd_c
0  -0.396026 -1.383686 1.310202  0.907149 -0.399853 0.131144  0.732476 0.828917 0
0  -0.381698 -1.390326 0.746283  0.772059 -0.275897 -0.572543  0.716977 0.808930 0
0  -0.250034 -0.764036 1.309938  0.994380 0.004115 0.105794  0.755349 0.816853 0
dd_c
0  -0.250034 -0.764036 1.309938  0.994380 0.004115 0.105794  0.755349 0.816853 0
0  -0.381698 -1.390326 0.746283  0.772059 -0.275897 -0.572543  0.716977 0.808930 0
0  -0.262901 -0.763874 0.745396  0.790635 0.017634 -0.612034  0.746468 0.793102 0
dd_c
0  -0.250034 -0.764036 1.309938  0.994380 0.004115 0.105794  0.755349 0.816853 0
0  -0.262901 -0.763874 0.745396  0.790635 0.017634 -0.612034  0.746468 0.793102 0
0  -0.397675 -0.140890 1.309784  0.814904 0.572410 0.090982  0.781911 0.811884 0
dd_c
0  -0.397675 -0.140890 1.309784  0.814904 0.572410 0.090982  0.781911 0.811884 0
0  -0.262901 -0.763874 0.745396  0.790635 0.017634 -0.612034  0.746468 0.793102 0
0  -0.383095 -0.134400 0.746428  0.700898 0.452100 -0.551676  0.779219 0.785491 0
dd_c
0  -0.397675 -0.140890 1.309784  0.814904 0.572410 0.090982  0.781911 0.811884 0
0  -0.383095 -0.134400 0.746428  0.700898 0.452100 -0.551676  0.779219 0.785491 0
0  -0.649224 0.006635 1.311040  0.996229 -0.000001 0.086760  0.795526 0.812599 0
dd_c
0  -0.649224 0.006635 1.311040  0.996229 -0.000001 0.086760  0.795526 0.812599 0
0  -0.383095 -0.134400 0.746428  0.700898 0.452100 -0.551676  0.779219 0.785491 0
0  -0.617423 0.006635 0.702309  0.408150 -0.000042 -0.912915  0.795627 0.783406 0
dd_c
0  -2.773545 0.209176 1.872090  -0.779182 -0.506058 0.369839  0.807707 0.927504 0
0  -2.628800 0.006635 1.311036  -0.985460 -0.000001 0.169907  0.795049 0.949876 0
0  -2.572243 0.006635 1.770472  -0.942477 0.000000 0.334271  0.795119 0.929578 0
dd_c
0  -2.572243 0.006635 1.770472  -0.942477 0.000000 0.334271  0.795119 0.929578 0
0  -2.628800 0.006635 1.311036  -0.985460 -0.000001 0.169907  0.795049 0.949876 0
0  -2.773545 -0.195905 1.872090  -0.779182 0.506057 0.369839  0.782547 0.927417 0
dd_c
0  -2.773545 -0.195905 1.872090  -0.779182 0.506057 0.369839  0.782547 0.927417 0
0  -2.628800 0.006635 1.311036  -0.985460 -0.000001 0.169907  0.795049 0.949876 0
0  -2.880352 -0.140898 1.309782  -0.802129 0.585236 0.118695  0.781430 0.950496 0
dd_c
0  -2.773545 -0.195905 1.872090  -0.779182 0.506057 0.369839  0.782547 0.927417 0
0  -2.880352 -0.140898 1.309782  -0.802129 0.585236 0.118695  0.781430 0.950496 0
0  -2.882118 -0.764026 1.926612  -0.912575 0.008401 0.408823  0.762240 0.923407 0
dd_c
0  -2.882118 -0.764026 1.926612  -0.912575 0.008401 0.408823  0.762240 0.923407 0
0  -2.880352 -0.140898 1.309782  -0.802129 0.585236 0.118695  0.781430 0.950496 0
0  -3.027987 -0.764029 1.309943  -0.994371 -0.002988 0.105914  0.754902 0.945342 0
dd_c
0  -2.882118 -0.764026 1.926612  -0.912575 0.008401 0.408823  0.762240 0.923407 0
0  -3.027987 -0.764029 1.309943  -0.994371 -0.002988 0.105914  0.754902 0.945342 0
0  -2.774092 -1.330273 1.872852  -0.848530 -0.373980 0.374348  0.744533 0.917113 0
dd_c
0  -2.774092 -1.330273 1.872852  -0.848530 -0.373980 0.374348  0.744533 0.917113 0
0  -3.027987 -0.764029 1.309943  -0.994371 -0.002988 0.105914  0.754902 0.945342 0
0  -2.881995 -1.383684 1.310217  -0.909097 -0.402778 0.106362  0.732114 0.933120 0
dd_c
0  -2.774092 -1.330273 1.872852  -0.848530 -0.373980 0.374348  0.744533 0.917113 0
0  -2.881995 -1.383684 1.310217  -0.909097 -0.402778 0.106362  0.732114 0.933120 0
0  -2.565214 -1.690198 1.769331  -0.661670 -0.684319 0.306431  0.732639 0.910671 0
dd_c
0  -2.565214 -1.690198 1.769331  -0.661670 -0.684319 0.306431  0.732639 0.910671 0
0  -2.881995 -1.383684 1.310217  -0.909097 -0.402778 0.106362  0.732114 0.933120 0
0  -2.621092 -1.746119 1.310497  -0.704366 -0.697806 0.130135  0.719495 0.920369 0
dd_c
0  -2.565214 -1.690198 1.769331  -0.661670 -0.684319 0.306431  0.732639 0.910671 0
0  -2.621092 -1.746119 1.310497  -0.704366 -0.697806 0.130135  0.719495 0.920369 0
0  -2.205290 -1.899076 1.872852  -0.382993 -0.840426 0.383405  0.729248 0.898037 0
dd_c
0  -2.205290 -1.899076 1.872852  -0.382993 -0.840426 0.383405  0.729248 0.898037 0
0  -2.621092 -1.746119 1.310497  -0.704366 -0.697806 0.130135  0.719495 0.920369 0
0  -2.258672 -2.006997 1.310199  -0.399404 -0.907643 0.129075  0.710699 0.904973 0
dd_c
0  -2.205290 -1.899076 1.872852  -0.382993 -0.840426 0.383405  0.729248 0.898037 0
0  -2.258672 -2.006997 1.310199  -0.399404 -0.907643 0.129075  0.710699 0.904973 0
0  -1.639012 -2.007109 1.926602  -0.007944 -0.912552 0.408883  0.727349 0.881001 0
dd_c
0  -1.639012 -2.007109 1.926602  -0.007944 -0.912552 0.408883  0.727349 0.881001 0
0  -2.258672 -2.006997 1.310199  -0.399404 -0.907643 0.129075  0.710699 0.904973 0
0  -1.639011 -2.152974 1.309947  0.003057 -0.994370 0.105921  0.704801 0.880923 0
dd_c
0  -1.639012 -2.007109 1.926602  -0.007944 -0.912552 0.408883  0.727349 0.881001 0
0  -1.639011 -2.152974 1.309947  0.003057 -0.994370 0.105921  0.704801 0.880923 0
0  -1.072734 -1.899077 1.872853  0.373977 -0.848530 0.374349  0.729367 0.863979 0
dd_c
0  -1.072734 -1.899077 1.872853  0.373977 -0.848530 0.374349  0.729367 0.863979 0
0  -1.639011 -2.152974 1.309947  0.003057 -0.994370 0.105921  0.704801 0.880923 0
0  -1.019347 -2.006997 1.310191  0.403103 -0.909149 0.104675  0.710866 0.856914 0
dd_c
0  -1.072734 -1.899077 1.872853  0.373977 -0.848530 0.374349  0.729367 0.863979 0
0  -1.019347 -2.006997 1.310191  0.403103 -0.909149 0.104675  0.710866 0.856914 0
0  -0.712809 -1.690199 1.769331  0.684325 -0.661667 0.306425  0.732845 0.851369 0
dd_c
0  -0.712809 -1.690199 1.769331  0.684325 -0.661667 0.306425  0.732845 0.851369 0
0  -1.019347 -2.006997 1.310191  0.403103 -0.909149 0.104675  0.710866 0.856914 0
0  -0.656924 -1.746117 1.310483  0.697184 -0.705126 0.129350  0.719768 0.841580 0
dd_c
0  -0.712809 -1.690199 1.769331  0.684325 -0.661667 0.306425  0.732845 0.851369 0
0  -0.656924 -1.746117 1.310483  0.697184 -0.705126 0.129350  0.719768 0.841580 0
0  -0.503932 -1.330274 1.872853  0.840427 -0.382996 0.383401  0.744784 0.845010 0
dd_c
0  -2.621313 -0.764017 2.288898  -0.707162 0.000249 0.707052  0.765494 0.910153 0
0  -2.882118 -0.764026 1.926612  -0.912575 0.008401 0.408823  0.762240 0.923407 0
0  -2.565208 -1.226754 2.232793  -0.661755 -0.306012 0.684425  0.752072 0.907014 0
dd_c
0  -2.565208 -1.226754 2.232793  -0.661755 -0.306012 0.684425  0.752072 0.907014 0
0  -2.882118 -0.764026 1.926612  -0.912575 0.008401 0.408823  0.762240 0.923407 0
0  -2.774092 -1.330273 1.872852  -0.848530 -0.373980 0.374348  0.744533 0.917113 0
dd_c
0  -2.565208 -1.226754 2.232793  -0.661755 -0.306012 0.684425  0.752072 0.907014 0
0  -2.774092 -1.330273 1.872852  -0.848530 -0.373980 0.374348  0.744533 0.917113 0
0  -2.441057 -1.566041 2.108643  -0.549682 -0.590702 0.590695  0.741780 0.903675 0
dd_c
0  -2.441057 -1.566041 2.108643  -0.549682 -0.590702 0.590695  0.741780 0.903675 0
0  -2.774092 -1.330273 1.872852  -0.848530 -0.373980 0.374348  0.744533 0.917113 0
0  -2.565214 -1.690198 1.769331  -0.661670 -0.684319 0.306431  0.732639 0.910671 0
dd_c
0  -2.441057 -1.566041 2.108643  -0.549682 -0.590702 0.590695  0.741780 0.903675 0
0  -2.565214 -1.690198 1.769331  -0.661670 -0.684319 0.306431  0.732639 0.910671 0
0  -2.101770 -1.690193 2.232794  -0.308566 -0.672606 0.672598  0.740578 0.893400 0
dd_c
0  -2.101770 -1.690193 2.232794  -0.308566 -0.672606 0.672598  0.740578 0.893400 0
0  -2.565214 -1.690198 1.769331  -0.661670 -0.684319 0.306431  0.732639 0.910671 0
0  -2.205290 -1.899076 1.872852  -0.382993 -0.840426 0.383405  0.729248 0.898037 0
dd_c
0  -2.101770 -1.690193 2.232794  -0.308566 -0.672606 0.672598  0.740578 0.893400 0
0  -2.205290 -1.899076 1.872852  -0.382993 -0.840426 0.383405  0.729248 0.898037 0
0  -1.639012 -1.746297 2.288898  -0.011871 -0.707060 0.707054  0.739981 0.881045 0
dd_c
0  -1.639012 -1.746297 2.288898  -0.011871 -0.707060 0.707054  0.739981 0.881045 0
0  -2.205290 -1.899076 1.872852  -0.382993 -0.840426 0.383405  0.729248 0.898037 0
0  -1.639012 -2.007109 1.926602  -0.007944 -0.912552 0.408883  0.727349 0.881001 0
dd_c
0  -1.639012 -1.746297 2.288898  -0.011871 -0.707060 0.707054  0.739981 0.881045 0
0  -1.639012 -2.007109 1.926602  -0.007944 -0.912552 0.408883  0.727349 0.881001 0
0  -1.176254 -1.690193 2.232794  0.303552 -0.673745 0.673739  0.740663 0.868694 0
dd_c
0  -1.176254 -1.690193 2.232794  0.303552 -0.673745 0.673739  0.740663 0.868694 0
0  -1.639012 -2.007109 1.926602  -0.007944 -0.912552 0.408883  0.727349 0.881001 0
0  -1.072734 -1.899077 1.872853  0.373977 -0.848530 0.374349  0.729367 0.863979 0
dd_c
0  -1.176254 -1.690193 2.232794  0.303552 -0.673745 0.673739  0.740663 0.868694 0
0  -1.072734 -1.899077 1.872853  0.373977 -0.848530 0.374349  0.729367 0.863979 0
0  -0.836967 -1.566042 2.108644  0.604167 -0.563467 0.563461  0.741937 0.858429 0
dd_c
0  -0.836967 -1.566042 2.108644  0.604167 -0.563467 0.563461  0.741937 0.858429 0
0  -1.072734 -1.899077 1.872853  0.373977 -0.848530 0.374349  0.729367 0.863979 0
0  -0.712809 -1.690199 1.769331  0.684325 -0.661667 0.306425  0.732845 0.851369 0
dd_c
0  -0.836967 -1.566042 2.108644  0.604167 -0.563467 0.563461  0.741937 0.858429 0
0  -0.712809 -1.690199 1.769331  0.684325 -0.661667 0.306425  0.732845 0.851369 0
0  -0.712815 -1.226754 2.232794  0.684432 -0.306012 0.661748  0.752252 0.855160 0
dd_c
0  -0.712815 -1.226754 2.232794  0.684432 -0.306012 0.661748  0.752252 0.855160 0
0  -0.712809 -1.690199 1.769331  0.684325 -0.661667 0.306425  0.732845 0.851369 0
0  -0.503932 -1.330274 1.872853  0.840427 -0.382996 0.383401  0.744784 0.845010 0
dd_c
0  -0.712815 -1.226754 2.232794  0.684432 -0.306012 0.661748  0.752252 0.855160 0
0  -0.503932 -1.330274 1.872853  0.840427 -0.382996 0.383401  0.744784 0.845010 0
0  -0.656711 -0.764017 2.288900  0.707058 0.000249 0.707156  0.765695 0.852114 0
dd_c
0  -0.656711 -0.764017 2.288900  0.707058 0.000249 0.707156  0.765695 0.852114 0
0  -0.503932 -1.330274 1.872853  0.840427 -0.382996 0.383401  0.744784 0.845010 0
0  -0.395905 -0.764026 1.926613  0.912563 -0.007682 0.408864  0.762533 0.838838 0
dd_c
0  -0.656711 -0.764017 2.288900  0.707058 0.000249 0.707156  0.765695 0.852114 0
0  -0.395905 -0.764026 1.926613  0.912563 -0.007682 0.408864  0.762533 0.838838 0
0  -0.713041 -0.300341 2.232569  0.644738 0.333652 0.687742  0.780853 0.850232 0
dd_c
0  -0.713041 -0.300341 2.232569  0.644738 0.333652 0.687742  0.780853 0.850232 0
0  -0.395905 -0.764026 1.926613  0.912563 -0.007682 0.408864  0.762533 0.838838 0
0  -0.504479 -0.195904 1.872091  0.815760 0.464426 0.344736  0.782868 0.834970 0
dd_c
0  -2.101770 -1.690193 2.232794  -0.308566 -0.672606 0.672598  0.740578 0.893400 0
0  -2.565208 -1.226754 2.232793  -0.661755 -0.306012 0.684425  0.752072 0.907014 0
0  -2.441057 -1.566041 2.108643  -0.549682 -0.590702 0.590695  0.741780 0.903675 0
dd_c
0  -2.205288 -1.330271 2.441669  -0.382982 -0.382984 0.840623  0.751677 0.895726 0
0  -2.565208 -1.226754 2.232793  -0.661755 -0.306012 0.684425  0.752072 0.907014 0
0  -2.101770 -1.690193 2.232794  -0.308566 -0.672606 0.672598  0.740578 0.893400 0
dd_c
0  -1.639012 -1.746297 2.288898  -0.011871 -0.707060 0.707054  0.739981 0.881045 0
0  -2.205288 -1.330271 2.441669  -0.382982 -0.382984 0.840623  0.751677 0.895726 0
0  -2.101770 -1.690193 2.232794  -0.308566 -0.672606 0.672598  0.740578 0.893400 0
dd_c
0  -1.639013 -1.384021 2.549700  -0.007962 -0.408479 0.912733  0.751470 0.881085 0
0  -2.205288 -1.330271 2.441669  -0.382982 -0.382984 0.840623  0.751677 0.895726 0
0  -1.639012 -1.746297 2.288898  -0.011871 -0.707060 0.707054  0.739981 0.881045 0
dd_c
0  -1.176254 -1.690193 2.232794  0.303552 -0.673745 0.673739  0.740663 0.868694 0
0  -1.639013 -1.384021 2.549700  -0.007962 -0.408479 0.912733  0.751470 0.881085 0
0  -1.639012 -1.746297 2.288898  -0.011871 -0.707060 0.707054  0.739981 0.881045 0
dd_c
0  -1.072737 -1.330272 2.441670  0.373966 -0.373971 0.848702  0.751779 0.866446 0
0  -1.639013 -1.384021 2.549700  -0.007962 -0.408479 0.912733  0.751470 0.881085 0
0  -1.176254 -1.690193 2.232794  0.303552 -0.673745 0.673739  0.740663 0.868694 0
dd_c
0  -0.836967 -1.566042 2.108644  0.604167 -0.563467 0.563461  0.741937 0.858429 0
0  -1.072737 -1.330272 2.441670  0.373966 -0.373971 0.848702  0.751779 0.866446 0
0  -1.176254 -1.690193 2.232794  0.303552 -0.673745 0.673739  0.740663 0.868694 0
dd_c
0  -0.712815 -1.226754 2.232794  0.684432 -0.306012 0.661748  0.752252 0.855160 0
0  -1.072737 -1.330272 2.441670  0.373966 -0.373971 0.848702  0.751779 0.866446 0
0  -0.836967 -1.566042 2.108644  0.604167 -0.563467 0.563461  0.741937 0.858429 0
dd_c
0  -0.712815 -1.226754 2.232794  0.684432 -0.306012 0.661748  0.752252 0.855160 0
0  -1.018979 -0.764022 2.549696  0.408449 0.008382 0.912742  0.767323 0.864350 0
0  -1.072737 -1.330272 2.441670  0.373966 -0.373971 0.848702  0.751779 0.866446 0
dd_c
0  -0.656711 -0.764017 2.288900  0.707058 0.000249 0.707156  0.765695 0.852114 0
0  -1.018979 -0.764022 2.549696  0.408449 0.008382 0.912742  0.767323 0.864350 0
0  -0.712815 -1.226754 2.232794  0.684432 -0.306012 0.661748  0.752252 0.855160 0
dd_c
0  -0.656711 -0.764017 2.288900  0.707058 0.000249 0.707156  0.765695 0.852114 0
0  -1.073501 -0.195907 2.441124  0.369500 0.506059 0.779342  0.784669 0.863750 0
0  -1.018979 -0.764022 2.549696  0.408449 0.008382 0.912742  0.767323 0.864350 0
dd_c
0  -1.639012 0.006635 2.296752  0.083116 -0.000001 0.996540  0.795287 0.881237 0
0  -2.102922 0.006635 2.239814  -0.296757 -0.000001 0.954953  0.795230 0.897685 0
0  -1.639012 -0.141140 2.548281  0.020783 0.572824 0.819414  0.785923 0.881205 0
dd_c
0  -1.639012 -0.141140 2.548281  0.020783 0.572824 0.819414  0.785923 0.881205 0
0  -2.102922 0.006635 2.239814  -0.296757 -0.000001 0.954953  0.795230 0.897685 0
0  -2.204523 -0.195908 2.441123  -0.344347 0.464441 0.815916  0.784548 0.898650 0
dd_c
0  -1.639012 -0.141140 2.548281  0.020783 0.572824 0.819414  0.785923 0.881205 0
0  -2.204523 -0.195908 2.441123  -0.344347 0.464441 0.815916  0.784548 0.898650 0
0  -1.639012 -0.764027 2.695781  0.000071 0.000466 1.000000  0.767990 0.881142 0
dd_c
0  -1.639012 -0.764027 2.695781  0.000071 0.000466 1.000000  0.767990 0.881142 0
0  -2.204523 -0.195908 2.441123  -0.344347 0.464441 0.815916  0.784548 0.898650 0
0  -2.259045 -0.764022 2.549696  -0.408458 -0.007697 0.912745  0.767206 0.897929 0
dd_c
0  -2.205288 -1.330271 2.441669  -0.382982 -0.382984 0.840623  0.751677 0.895726 0
0  -2.621313 -0.764017 2.288898  -0.707162 0.000249 0.707052  0.765494 0.910153 0
0  -2.565208 -1.226754 2.232793  -0.661755 -0.306012 0.684425  0.752072 0.907014 0
dd_c
0  -2.259045 -0.764022 2.549696  -0.408458 -0.007697 0.912745  0.767206 0.897929 0
0  -2.621313 -0.764017 2.288898  -0.707162 0.000249 0.707052  0.765494 0.910153 0
0  -2.205288 -1.330271 2.441669  -0.382982 -0.382984 0.840623  0.751677 0.895726 0
dd_c
0  -2.259045 -0.764022 2.549696  -0.408458 -0.007697 0.912745  0.767206 0.897929 0
0  -2.564983 -0.300341 2.232568  -0.687749 0.333650 0.644732  0.780638 0.912141 0
0  -2.621313 -0.764017 2.288898  -0.707162 0.000249 0.707052  0.765494 0.910153 0
dd_c
0  -2.204523 -0.195908 2.441123  -0.344347 0.464441 0.815916  0.784548 0.898650 0
0  -2.564983 -0.300341 2.232568  -0.687749 0.333650 0.644732  0.780638 0.912141 0
0  -2.259045 -0.764022 2.549696  -0.408458 -0.007697 0.912745  0.767206 0.897929 0
dd_c
0  -2.204523 -0.195908 2.441123  -0.344347 0.464441 0.815916  0.784548 0.898650 0
0  -2.444537 0.006635 2.112122  -0.785656 -0.000001 0.618663  0.795177 0.912961 0
0  -2.564983 -0.300341 2.232568  -0.687749 0.333650 0.644732  0.780638 0.912141 0
dd_c
0  -2.102922 0.006635 2.239814  -0.296757 -0.000001 0.954953  0.795230 0.897685 0
0  -2.444537 0.006635 2.112122  -0.785656 -0.000001 0.618663  0.795177 0.912961 0
0  -2.204523 -0.195908 2.441123  -0.344347 0.464441 0.815916  0.784548 0.898650 0
dd_c
0  -2.204523 0.209178 2.441123  -0.344347 -0.464442 0.815916  0.805906 0.898724 0
0  -2.444537 0.006635 2.112122  -0.785656 -0.000001 0.618663  0.795177 0.912961 0
0  -2.102922 0.006635 2.239814  -0.296757 -0.000001 0.954953  0.795230 0.897685 0
dd_c
0  -2.204523 0.209178 2.441123  -0.344347 -0.464442 0.815916  0.805906 0.898724 0
0  -2.102922 0.006635 2.239814  -0.296757 -0.000001 0.954953  0.795230 0.897685 0
0  -1.639013 0.154410 2.548281  0.020784 -0.572826 0.819414  0.804651 0.881270 0
dd_c
0  -1.639013 0.154410 2.548281  0.020784 -0.572826 0.819414  0.804651 0.881270 0
0  -2.102922 0.006635 2.239814  -0.296757 -0.000001 0.954953  0.795230 0.897685 0
0  -1.639012 0.006635 2.296752  0.083116 -0.000001 0.996540  0.795287 0.881237 0
dd_c
0  -1.639013 0.154410 2.548281  0.020784 -0.572826 0.819414  0.804651 0.881270 0
0  -1.639012 0.006635 2.296752  0.083116 -0.000001 0.996540  0.795287 0.881237 0
0  -1.073501 0.209178 2.441124  0.369501 -0.506059 0.779342  0.806027 0.863824 0
dd_c
0  -1.073501 0.209178 2.441124  0.369501 -0.506059 0.779342  0.806027 0.863824 0
0  -1.639012 0.006635 2.296752  0.083116 -0.000001 0.996540  0.795287 0.881237 0
0  -1.175102 0.006635 2.239814  0.334082 -0.000000 0.942544  0.795344 0.864789 0
dd_c
0  -1.175102 0.006635 2.239814  0.334082 -0.000000 0.942544  0.795344 0.864789 0
0  -1.639012 0.006635 2.296752  0.083116 -0.000001 0.996540  0.795287 0.881237 0
0  -1.073501 -0.195907 2.441124  0.369500 0.506059 0.779342  0.784669 0.863750 0
dd_c
0  -1.073501 -0.195907 2.441124  0.369500 0.506059 0.779342  0.784669 0.863750 0
0  -1.639012 0.006635 2.296752  0.083116 -0.000001 0.996540  0.795287 0.881237 0
0  -1.639012 -0.141140 2.548281  0.020783 0.572824 0.819414  0.785923 0.881205 0
dd_c
0  -1.073501 -0.195907 2.441124  0.369500 0.506059 0.779342  0.784669 0.863750 0
0  -1.639012 -0.141140 2.548281  0.020783 0.572824 0.819414  0.785923 0.881205 0
0  -1.018979 -0.764022 2.549696  0.408449 0.008382 0.912742  0.767323 0.864350 0
dd_c
0  -1.018979 -0.764022 2.549696  0.408449 0.008382 0.912742  0.767323 0.864350 0
0  -1.639012 -0.141140 2.548281  0.020783 0.572824 0.819414  0.785923 0.881205 0
0  -1.639012 -0.764027 2.695781  0.000071 0.000466 1.000000  0.767990 0.881142 0
dd_c
0  -1.018979 -0.764022 2.549696  0.408449 0.008382 0.912742  0.767323 0.864350 0
0  -1.639012 -0.764027 2.695781  0.000071 0.000466 1.000000  0.767990 0.881142 0
0  -1.072737 -1.330272 2.441670  0.373966 -0.373971 0.848702  0.751779 0.866446 0
dd_c
0  -1.072737 -1.330272 2.441670  0.373966 -0.373971 0.848702  0.751779 0.866446 0
0  -1.639012 -0.764027 2.695781  0.000071 0.000466 1.000000  0.767990 0.881142 0
0  -1.639013 -1.384021 2.549700  -0.007962 -0.408479 0.912733  0.751470 0.881085 0
dd_c
0  -1.639012 -0.764027 2.695781  0.000071 0.000466 1.000000  0.767990 0.881142 0
0  -2.259045 -0.764022 2.549696  -0.408458 -0.007697 0.912745  0.767206 0.897929 0
0  -1.639013 -1.384021 2.549700  -0.007962 -0.408479 0.912733  0.751470 0.881085 0
dd_c
0  -1.639013 -1.384021 2.549700  -0.007962 -0.408479 0.912733  0.751470 0.881085 0
0  -2.259045 -0.764022 2.549696  -0.408458 -0.007697 0.912745  0.767206 0.897929 0
0  -2.205288 -1.330271 2.441669  -0.382982 -0.382984 0.840623  0.751677 0.895726 0
dd_c
0  -0.713041 -0.300341 2.232569  0.644738 0.333652 0.687742  0.780853 0.850232 0
0  -1.073501 -0.195907 2.441124  0.369500 0.506059 0.779342  0.784669 0.863750 0
0  -0.656711 -0.764017 2.288900  0.707058 0.000249 0.707156  0.765695 0.852114 0
dd_c
0  -0.713041 -0.300341 2.232569  0.644738 0.333652 0.687742  0.780853 0.850232 0
0  -1.175102 0.006635 2.239814  0.334082 -0.000000 0.942544  0.795344 0.864789 0
0  -1.073501 -0.195907 2.441124  0.369500 0.506059 0.779342  0.784669 0.863750 0
dd_c
0  -0.833487 0.006635 2.112123  0.618661 -0.000001 0.785658  0.795398 0.849513 0
0  -1.175102 0.006635 2.239814  0.334082 -0.000000 0.942544  0.795344 0.864789 0
0  -0.713041 -0.300341 2.232569  0.644738 0.333652 0.687742  0.780853 0.850232 0
dd_c
0  -0.713041 0.313611 2.232569  0.644738 -0.333652 0.687742  0.809937 0.850333 0
0  -1.175102 0.006635 2.239814  0.334082 -0.000000 0.942544  0.795344 0.864789 0
0  -0.833487 0.006635 2.112123  0.618661 -0.000001 0.785658  0.795398 0.849513 0
dd_c
0  -1.073501 0.209178 2.441124  0.369501 -0.506059 0.779342  0.806027 0.863824 0
0  -1.175102 0.006635 2.239814  0.334082 -0.000000 0.942544  0.795344 0.864789 0
0  -0.713041 0.313611 2.232569  0.644738 -0.333652 0.687742  0.809937 0.850333 0
dd_c
0  -0.656711 0.777288 2.288899  0.707058 -0.000248 0.707156  0.825081 0.852321 0
0  -1.073501 0.209178 2.441124  0.369501 -0.506059 0.779342  0.806027 0.863824 0
0  -0.713041 0.313611 2.232569  0.644738 -0.333652 0.687742  0.809937 0.850333 0
dd_c
0  -1.018979 0.777291 2.549696  0.408450 -0.008382 0.912742  0.823369 0.864545 0
0  -1.073501 0.209178 2.441124  0.369501 -0.506059 0.779342  0.806027 0.863824 0
0  -0.656711 0.777288 2.288899  0.707058 -0.000248 0.707156  0.825081 0.852321 0
dd_c
0  -1.018979 0.777291 2.549696  0.408450 -0.008382 0.912742  0.823369 0.864545 0
0  -1.639013 0.154410 2.548281  0.020784 -0.572826 0.819414  0.804651 0.881270 0
0  -1.073501 0.209178 2.441124  0.369501 -0.506059 0.779342  0.806027 0.863824 0
dd_c
0  -1.639012 0.777297 2.695780  0.000070 -0.000466 1.000000  0.822584 0.881332 0
0  -1.639013 0.154410 2.548281  0.020784 -0.572826 0.819414  0.804651 0.881270 0
0  -1.018979 0.777291 2.549696  0.408450 -0.008382 0.912742  0.823369 0.864545 0
dd_c
0  -1.639012 0.777297 2.695780  0.000070 -0.000466 1.000000  0.822584 0.881332 0
0  -2.204523 0.209178 2.441123  -0.344347 -0.464442 0.815916  0.805906 0.898724 0
0  -1.639013 0.154410 2.548281  0.020784 -0.572826 0.819414  0.804651 0.881270 0
dd_c
0  -2.259045 0.777291 2.549696  -0.408459 0.007697 0.912744  0.823252 0.898124 0
0  -2.204523 0.209178 2.441123  -0.344347 -0.464442 0.815916  0.805906 0.898724 0
0  -1.639012 0.777297 2.695780  0.000070 -0.000466 1.000000  0.822584 0.881332 0
dd_c
0  -2.259045 0.777291 2.549696  -0.408459 0.007697 0.912744  0.823252 0.898124 0
0  -2.564983 0.313612 2.232568  -0.687750 -0.333650 0.644731  0.809722 0.912242 0
0  -2.204523 0.209178 2.441123  -0.344347 -0.464442 0.815916  0.805906 0.898724 0
dd_c
0  -2.564983 0.313612 2.232568  -0.687750 -0.333650 0.644731  0.809722 0.912242 0
0  -2.444537 0.006635 2.112122  -0.785656 -0.000001 0.618663  0.795177 0.912961 0
0  -2.204523 0.209178 2.441123  -0.344347 -0.464442 0.815916  0.805906 0.898724 0
dd_c
0  -2.564983 0.313612 2.232568  -0.687750 -0.333650 0.644731  0.809722 0.912242 0
0  -2.572243 0.006635 1.770472  -0.942477 0.000000 0.334271  0.795119 0.929578 0
0  -2.444537 0.006635 2.112122  -0.785656 -0.000001 0.618663  0.795177 0.912961 0
dd_c
0  -2.444537 0.006635 2.112122  -0.785656 -0.000001 0.618663  0.795177 0.912961 0
0  -2.572243 0.006635 1.770472  -0.942477 0.000000 0.334271  0.795119 0.929578 0
0  -2.564983 -0.300341 2.232568  -0.687749 0.333650 0.644732  0.780638 0.912141 0
dd_c
0  -2.564983 -0.300341 2.232568  -0.687749 0.333650 0.644732  0.780638 0.912141 0
0  -2.572243 0.006635 1.770472  -0.942477 0.000000 0.334271  0.795119 0.929578 0
0  -2.773545 -0.195905 1.872090  -0.779182 0.506057 0.369839  0.782547 0.927417 0
dd_c
0  -2.564983 -0.300341 2.232568  -0.687749 0.333650 0.644732  0.780638 0.912141 0
0  -2.773545 -0.195905 1.872090  -0.779182 0.506057 0.369839  0.782547 0.927417 0
0  -2.621313 -0.764017 2.288898  -0.707162 0.000249 0.707052  0.765494 0.910153 0
dd_c
0  -2.621313 -0.764017 2.288898  -0.707162 0.000249 0.707052  0.765494 0.910153 0
0  -2.773545 -0.195905 1.872090  -0.779182 0.506057 0.369839  0.782547 0.927417 0
0  -2.882118 -0.764026 1.926612  -0.912575 0.008401 0.408823  0.762240 0.923407 0
dd_c
0  -0.713041 -0.300341 2.232569  0.644738 0.333652 0.687742  0.780853 0.850232 0
0  -0.504479 -0.195904 1.872091  0.815760 0.464426 0.344736  0.782868 0.834970 0
0  -0.833487 0.006635 2.112123  0.618661 -0.000001 0.785658  0.795398 0.849513 0
dd_c
0  -0.833487 0.006635 2.112123  0.618661 -0.000001 0.785658  0.795398 0.849513 0
0  -0.504479 -0.195904 1.872091  0.815760 0.464426 0.344736  0.782868 0.834970 0
0  -0.705780 0.006635 1.770473  0.954775 -0.000000 0.297329  0.795455 0.832896 0
dd_c
0  -0.705780 0.006635 1.770473  0.954775 -0.000000 0.297329  0.795455 0.832896 0
0  -0.504479 0.209175 1.872091  0.815760 -0.464426 0.344736  0.808028 0.835058 0
0  -0.833487 0.006635 2.112123  0.618661 -0.000001 0.785658  0.795398 0.849513 0
dd_c
0  -0.833487 0.006635 2.112123  0.618661 -0.000001 0.785658  0.795398 0.849513 0
0  -0.504479 0.209175 1.872091  0.815760 -0.464426 0.344736  0.808028 0.835058 0
0  -0.713041 0.313611 2.232569  0.644738 -0.333652 0.687742  0.809937 0.850333 0
dd_c
0  -0.504479 0.209175 1.872091  0.815760 -0.464426 0.344736  0.808028 0.835058 0
0  -0.395905 0.777295 1.926613  0.912563 0.007682 0.408864  0.828335 0.839067 0
0  -0.713041 0.313611 2.232569  0.644738 -0.333652 0.687742  0.809937 0.850333 0
dd_c
0  -0.713041 0.313611 2.232569  0.644738 -0.333652 0.687742  0.809937 0.850333 0
0  -0.395905 0.777295 1.926613  0.912563 0.007682 0.408864  0.828335 0.839067 0
0  -0.656711 0.777288 2.288899  0.707058 -0.000248 0.707156  0.825081 0.852321 0
dd_c
0  -0.395905 0.777295 1.926613  0.912563 0.007682 0.408864  0.828335 0.839067 0
0  -0.503932 1.343544 1.872853  0.840427 0.382996 0.383402  0.846041 0.845361 0
0  -0.656711 0.777288 2.288899  0.707058 -0.000248 0.707156  0.825081 0.852321 0
dd_c
0  -0.656711 0.777288 2.288899  0.707058 -0.000248 0.707156  0.825081 0.852321 0
0  -0.503932 1.343544 1.872853  0.840427 0.382996 0.383402  0.846041 0.845361 0
0  -0.712815 1.240024 2.232794  0.684431 0.306012 0.661748  0.838502 0.855460 0
dd_c
0  -0.712815 1.240024 2.232794  0.684431 0.306012 0.661748  0.838502 0.855460 0
0  -1.018979 0.777291 2.549696  0.408450 -0.008382 0.912742  0.823369 0.864545 0
0  -0.656711 0.777288 2.288899  0.707058 -0.000248 0.707156  0.825081 0.852321 0
dd_c
0  -1.072737 1.343541 2.441670  0.373966 0.373971 0.848702  0.838897 0.866749 0
0  -1.018979 0.777291 2.549696  0.408450 -0.008382 0.912742  0.823369 0.864545 0
0  -0.712815 1.240024 2.232794  0.684431 0.306012 0.661748  0.838502 0.855460 0
dd_c
0  -1.072737 1.343541 2.441670  0.373966 0.373971 0.848702  0.838897 0.866749 0
0  -1.639012 0.777297 2.695780  0.000070 -0.000466 1.000000  0.822584 0.881332 0
0  -1.018979 0.777291 2.549696  0.408450 -0.008382 0.912742  0.823369 0.864545 0
dd_c
0  -1.639013 1.397290 2.549701  -0.007961 0.408478 0.912733  0.839105 0.881389 0
0  -1.639012 0.777297 2.695780  0.000070 -0.000466 1.000000  0.822584 0.881332 0
0  -1.072737 1.343541 2.441670  0.373966 0.373971 0.848702  0.838897 0.866749 0
dd_c
0  -1.639013 1.397290 2.549701  -0.007961 0.408478 0.912733  0.839105 0.881389 0
0  -2.259045 0.777291 2.549696  -0.408459 0.007697 0.912744  0.823252 0.898124 0
0  -1.639012 0.777297 2.695780  0.000070 -0.000466 1.000000  0.822584 0.881332 0
dd_c
0  -2.205288 1.343541 2.441669  -0.382983 0.382985 0.840623  0.838796 0.896028 0
0  -2.259045 0.777291 2.549696  -0.408459 0.007697 0.912744  0.823252 0.898124 0
0  -1.639013 1.397290 2.549701  -0.007961 0.408478 0.912733  0.839105 0.881389 0
dd_c
0  -2.205288 1.343541 2.441669  -0.382983 0.382985 0.840623  0.838796 0.896028 0
0  -2.621313 0.777288 2.288898  -0.707162 -0.000248 0.707051  0.824880 0.910360 0
0  -2.259045 0.777291 2.549696  -0.408459 0.007697 0.912744  0.823252 0.898124 0
dd_c
0  -2.621313 0.777288 2.288898  -0.707162 -0.000248 0.707051  0.824880 0.910360 0
0  -2.564983 0.313612 2.232568  -0.687750 -0.333650 0.644731  0.809722 0.912242 0
0  -2.259045 0.777291 2.549696  -0.408459 0.007697 0.912744  0.823252 0.898124 0
dd_c
0  -2.621313 0.777288 2.288898  -0.707162 -0.000248 0.707051  0.824880 0.910360 0
0  -2.773545 0.209176 1.872090  -0.779182 -0.506058 0.369839  0.807707 0.927504 0
0  -2.564983 0.313612 2.232568  -0.687750 -0.333650 0.644731  0.809722 0.912242 0
dd_c
0  -2.773545 0.209176 1.872090  -0.779182 -0.506058 0.369839  0.807707 0.927504 0
0  -2.572243 0.006635 1.770472  -0.942477 0.000000 0.334271  0.795119 0.929578 0
0  -2.564983 0.313612 2.232568  -0.687750 -0.333650 0.644731  0.809722 0.912242 0
dd_c
0  -0.503932 -1.330274 1.872853  0.840427 -0.382996 0.383401  0.744784 0.845010 0
0  -0.656924 -1.746117 1.310483  0.697184 -0.705126 0.129350  0.719768 0.841580 0
0  -0.396026 -1.383686 1.310202  0.907149 -0.399853 0.131144  0.732476 0.828917 0
dd_c
0  -0.503932 -1.330274 1.872853  0.840427 -0.382996 0.383401  0.744784 0.845010 0
0  -0.396026 -1.383686 1.310202  0.907149 -0.399853 0.131144  0.732476 0.828917 0
0  -0.395905 -0.764026 1.926613  0.912563 -0.007682 0.408864  0.762533 0.838838 0
dd_c
0  -0.395905 -0.764026 1.926613  0.912563 -0.007682 0.408864  0.762533 0.838838 0
0  -0.396026 -1.383686 1.310202  0.907149 -0.399853 0.131144  0.732476 0.828917 0
0  -0.250034 -0.764036 1.309938  0.994380 0.004115 0.105794  0.755349 0.816853 0
dd_c
0  -0.395905 -0.764026 1.926613  0.912563 -0.007682 0.408864  0.762533 0.838838 0
0  -0.250034 -0.764036 1.309938  0.994380 0.004115 0.105794  0.755349 0.816853 0
0  -0.504479 -0.195904 1.872091  0.815760 0.464426 0.344736  0.782868 0.834970 0
dd_c
0  -0.504479 -0.195904 1.872091  0.815760 0.464426 0.344736  0.782868 0.834970 0
0  -0.250034 -0.764036 1.309938  0.994380 0.004115 0.105794  0.755349 0.816853 0
0  -0.397675 -0.140890 1.309784  0.814904 0.572410 0.090982  0.781911 0.811884 0
dd_c
0  -0.504479 -0.195904 1.872091  0.815760 0.464426 0.344736  0.782868 0.834970 0
0  -0.397675 -0.140890 1.309784  0.814904 0.572410 0.090982  0.781911 0.811884 0
0  -0.705780 0.006635 1.770473  0.954775 -0.000000 0.297329  0.795455 0.832896 0
dd_c
0  -0.705780 0.006635 1.770473  0.954775 -0.000000 0.297329  0.795455 0.832896 0
0  -0.397675 -0.140890 1.309784  0.814904 0.572410 0.090982  0.781911 0.811884 0
0  -0.649224 0.006635 1.311040  0.996229 -0.000001 0.086760  0.795526 0.812599 0
dd_c
0  -0.649224 0.006635 1.311040  0.996229 -0.000001 0.086760  0.795526 0.812599 0
0  -0.397675 0.154159 1.309784  0.814904 -0.572411 0.090981  0.809144 0.811979 0
0  -0.705780 0.006635 1.770473  0.954775 -0.000000 0.297329  0.795455 0.832896 0
dd_c
0  -0.705780 0.006635 1.770473  0.954775 -0.000000 0.297329  0.795455 0.832896 0
0  -0.397675 0.154159 1.309784  0.814904 -0.572411 0.090981  0.809144 0.811979 0
0  -0.504479 0.209175 1.872091  0.815760 -0.464426 0.344736  0.808028 0.835058 0
dd_c
0  -0.397675 0.154159 1.309784  0.814904 -0.572411 0.090981  0.809144 0.811979 0
0  -0.250034 0.777307 1.309938  0.994380 -0.004114 0.105794  0.835672 0.817132 0
0  -0.504479 0.209175 1.872091  0.815760 -0.464426 0.344736  0.808028 0.835058 0
dd_c
0  -0.504479 0.209175 1.872091  0.815760 -0.464426 0.344736  0.808028 0.835058 0
0  -0.250034 0.777307 1.309938  0.994380 -0.004114 0.105794  0.835672 0.817132 0
0  -0.395905 0.777295 1.926613  0.912563 0.007682 0.408864  0.828335 0.839067 0
dd_c
0  -0.250034 0.777307 1.309938  0.994380 -0.004114 0.105794  0.835672 0.817132 0
0  -0.396026 1.396957 1.310202  0.907149 0.399854 0.131144  0.858461 0.829354 0
0  -0.395905 0.777295 1.926613  0.912563 0.007682 0.408864  0.828335 0.839067 0
dd_c
0  -0.395905 0.777295 1.926613  0.912563 0.007682 0.408864  0.828335 0.839067 0
0  -0.396026 1.396957 1.310202  0.907149 0.399854 0.131144  0.858461 0.829354 0
0  -0.503932 1.343544 1.872853  0.840427 0.382996 0.383402  0.846041 0.845361 0
dd_c
0  -0.396026 1.396957 1.310202  0.907149 0.399854 0.131144  0.858461 0.829354 0
0  -0.656924 1.759387 1.310483  0.697183 0.705127 0.129351  0.871080 0.842105 0
0  -0.503932 1.343544 1.872853  0.840427 0.382996 0.383402  0.846041 0.845361 0
dd_c
0  -0.503932 1.343544 1.872853  0.840427 0.382996 0.383402  0.846041 0.845361 0
0  -0.656924 1.759387 1.310483  0.697183 0.705127 0.129351  0.871080 0.842105 0
0  -0.712809 1.703468 1.769332  0.684325 0.661667 0.306426  0.857935 0.851803 0
dd_c
0  -0.503932 1.343544 1.872853  0.840427 0.382996 0.383402  0.846041 0.845361 0
0  -0.712809 1.703468 1.769332  0.684325 0.661667 0.306426  0.857935 0.851803 0
0  -0.712815 1.240024 2.232794  0.684431 0.306012 0.661748  0.838502 0.855460 0
dd_c
0  -0.712815 1.240024 2.232794  0.684431 0.306012 0.661748  0.838502 0.855460 0
0  -0.712809 1.703468 1.769332  0.684325 0.661667 0.306426  0.857935 0.851803 0
0  -0.836967 1.579311 2.108644  0.604167 0.563466 0.563461  0.848795 0.858800 0
dd_c
0  -0.836967 1.579311 2.108644  0.604167 0.563466 0.563461  0.848795 0.858800 0
0  -1.072737 1.343541 2.441670  0.373966 0.373971 0.848702  0.838897 0.866749 0
0  -0.712815 1.240024 2.232794  0.684431 0.306012 0.661748  0.838502 0.855460 0
dd_c
0  -0.617423 0.006635 0.702309  0.408150 -0.000042 -0.912915  0.795627 0.783406 0
0  -0.383095 0.147670 0.746428  0.700886 -0.452116 -0.551678  0.812020 0.785605 0
0  -0.649224 0.006635 1.311040  0.996229 -0.000001 0.086760  0.795526 0.812599 0
dd_c
0  -0.649224 0.006635 1.311040  0.996229 -0.000001 0.086760  0.795526 0.812599 0
0  -0.383095 0.147670 0.746428  0.700886 -0.452116 -0.551678  0.812020 0.785605 0
0  -0.397675 0.154159 1.309784  0.814904 -0.572411 0.090981  0.809144 0.811979 0
dd_c
0  -0.383095 0.147670 0.746428  0.700886 -0.452116 -0.551678  0.812020 0.785605 0
0  -0.262901 0.777144 0.745396  0.790603 -0.017615 -0.612075  0.844718 0.793443 0
0  -0.397675 0.154159 1.309784  0.814904 -0.572411 0.090981  0.809144 0.811979 0
dd_c
0  -0.397675 0.154159 1.309784  0.814904 -0.572411 0.090981  0.809144 0.811979 0
0  -0.262901 0.777144 0.745396  0.790603 -0.017615 -0.612075  0.844718 0.793443 0
0  -0.250034 0.777307 1.309938  0.994380 -0.004114 0.105794  0.835672 0.817132 0
dd_c
0  -0.262901 0.777144 0.745396  0.790603 -0.017615 -0.612075  0.844718 0.793443 0
0  -0.381698 1.403595 0.746283  0.772083 0.275835 -0.572541  0.874098 0.809475 0
0  -0.250034 0.777307 1.309938  0.994380 -0.004114 0.105794  0.835672 0.817132 0
dd_c
0  -0.250034 0.777307 1.309938  0.994380 -0.004114 0.105794  0.835672 0.817132 0
0  -0.381698 1.403595 0.746283  0.772083 0.275835 -0.572541  0.874098 0.809475 0
0  -0.396026 1.396957 1.310202  0.907149 0.399854 0.131144  0.858461 0.829354 0
dd_c
0  -0.381698 1.403595 0.746283  0.772083 0.275835 -0.572541  0.874098 0.809475 0
0  -0.613372 1.802084 0.710039  0.575955 0.567736 -0.588177  0.893175 0.826314 0
0  -0.396026 1.396957 1.310202  0.907149 0.399854 0.131144  0.858461 0.829354 0
dd_c
0  -0.396026 1.396957 1.310202  0.907149 0.399854 0.131144  0.858461 0.829354 0
0  -0.613372 1.802084 0.710039  0.575955 0.567736 -0.588177  0.893175 0.826314 0
0  -0.656924 1.759387 1.310483  0.697183 0.705127 0.129351  0.871080 0.842105 0
dd_c
0  -0.613372 1.802084 0.710039  0.575955 0.567736 -0.588177  0.893175 0.826314 0
0  -1.012450 2.033049 0.687212  0.286813 0.705138 -0.648474  0.905704 0.848524 0
0  -0.656924 1.759387 1.310483  0.697183 0.705127 0.129351  0.871080 0.842105 0
dd_c
0  -0.656924 1.759387 1.310483  0.697183 0.705127 0.129351  0.871080 0.842105 0
0  -1.012450 2.033049 0.687212  0.286813 0.705138 -0.648474  0.905704 0.848524 0
0  -1.019348 2.020266 1.310191  0.403103 0.909149 0.104675  0.879876 0.857501 0
dd_c
0  -1.012450 2.033049 0.687212  0.286813 0.705138 -0.648474  0.905704 0.848524 0
0  -1.639184 2.152590 0.687024  0.007081 0.747282 -0.664470  0.911716 0.881641 0
0  -1.019348 2.020266 1.310191  0.403103 0.909149 0.104675  0.879876 0.857501 0
dd_c
0  -1.019348 2.020266 1.310191  0.403103 0.909149 0.104675  0.879876 0.857501 0
0  -1.639184 2.152590 0.687024  0.007081 0.747282 -0.664470  0.911716 0.881641 0
0  -1.639011 2.166243 1.309947  0.003057 0.994370 0.105922  0.885774 0.881551 0
dd_c
0  -1.639184 2.152590 0.687024  0.007081 0.747282 -0.664470  0.911716 0.881641 0
0  -2.265736 2.032724 0.686955  -0.278343 0.694219 -0.663765  0.905475 0.914716 0
0  -1.639011 2.166243 1.309947  0.003057 0.994370 0.105922  0.885774 0.881551 0
dd_c
0  -1.639011 2.166243 1.309947  0.003057 0.994370 0.105922  0.885774 0.881551 0
0  -2.265736 2.032724 0.686955  -0.278343 0.694219 -0.663765  0.905475 0.914716 0
0  -2.258672 2.020266 1.310199  -0.399404 0.907643 0.129075  0.879709 0.905560 0
dd_c
0  -1.639011 2.166243 1.309947  0.003057 0.994370 0.105922  0.885774 0.881551 0
0  -2.258672 2.020266 1.310199  -0.399404 0.907643 0.129075  0.879709 0.905560 0
0  -1.639012 2.020378 1.926602  -0.007944 0.912552 0.408883  0.863225 0.881473 0
dd_c
0  -1.639012 2.020378 1.926602  -0.007944 0.912552 0.408883  0.863225 0.881473 0
0  -2.258672 2.020266 1.310199  -0.399404 0.907643 0.129075  0.879709 0.905560 0
0  -2.205290 1.912346 1.872852  -0.382993 0.840427 0.383405  0.861208 0.898495 0
dd_c
0  -1.639012 2.020378 1.926602  -0.007944 0.912552 0.408883  0.863225 0.881473 0
0  -2.205290 1.912346 1.872852  -0.382993 0.840427 0.383405  0.861208 0.898495 0
0  -1.639012 1.759567 2.288898  -0.011870 0.707060 0.707054  0.850593 0.881429 0
dd_c
0  -1.639012 1.759567 2.288898  -0.011870 0.707060 0.707054  0.850593 0.881429 0
0  -2.205290 1.912346 1.872852  -0.382993 0.840427 0.383405  0.861208 0.898495 0
0  -2.101770 1.703463 2.232794  -0.308566 0.672606 0.672598  0.849927 0.893869 0
dd_c
0  -1.072734 1.912347 1.872853  0.373977 0.848531 0.374349  0.861326 0.864437 0
0  -1.639011 2.166243 1.309947  0.003057 0.994370 0.105922  0.885774 0.881551 0
0  -1.639012 2.020378 1.926602  -0.007944 0.912552 0.408883  0.863225 0.881473 0
dd_c
0  -1.019348 2.020266 1.310191  0.403103 0.909149 0.104675  0.879876 0.857501 0
0  -1.639011 2.166243 1.309947  0.003057 0.994370 0.105922  0.885774 0.881551 0
0  -1.072734 1.912347 1.872853  0.373977 0.848531 0.374349  0.861326 0.864437 0
dd_c
0  -0.656924 1.759387 1.310483  0.697183 0.705127 0.129351  0.871080 0.842105 0
0  -1.019348 2.020266 1.310191  0.403103 0.909149 0.104675  0.879876 0.857501 0
0  -0.712809 1.703468 1.769332  0.684325 0.661667 0.306426  0.857935 0.851803 0
dd_c
0  -0.712809 1.703468 1.769332  0.684325 0.661667 0.306426  0.857935 0.851803 0
0  -1.019348 2.020266 1.310191  0.403103 0.909149 0.104675  0.879876 0.857501 0
0  -1.072734 1.912347 1.872853  0.373977 0.848531 0.374349  0.861326 0.864437 0
dd_c
0  -0.712809 1.703468 1.769332  0.684325 0.661667 0.306426  0.857935 0.851803 0
0  -1.072734 1.912347 1.872853  0.373977 0.848531 0.374349  0.861326 0.864437 0
0  -0.836967 1.579311 2.108644  0.604167 0.563466 0.563461  0.848795 0.858800 0
dd_c
0  -0.836967 1.579311 2.108644  0.604167 0.563466 0.563461  0.848795 0.858800 0
0  -1.072734 1.912347 1.872853  0.373977 0.848531 0.374349  0.861326 0.864437 0
0  -1.176254 1.703462 2.232794  0.303552 0.673745 0.673739  0.849997 0.869074 0
dd_c
0  -1.072734 1.912347 1.872853  0.373977 0.848531 0.374349  0.861326 0.864437 0
0  -1.639012 2.020378 1.926602  -0.007944 0.912552 0.408883  0.863225 0.881473 0
0  -1.176254 1.703462 2.232794  0.303552 0.673745 0.673739  0.849997 0.869074 0
dd_c
0  -1.176254 1.703462 2.232794  0.303552 0.673745 0.673739  0.849997 0.869074 0
0  -1.639012 2.020378 1.926602  -0.007944 0.912552 0.408883  0.863225 0.881473 0
0  -1.639012 1.759567 2.288898  -0.011870 0.707060 0.707054  0.850593 0.881429 0
dd_c
0  -1.176254 1.703462 2.232794  0.303552 0.673745 0.673739  0.849997 0.869074 0
0  -1.072737 1.343541 2.441670  0.373966 0.373971 0.848702  0.838897 0.866749 0
0  -0.836967 1.579311 2.108644  0.604167 0.563466 0.563461  0.848795 0.858800 0
dd_c
0  -1.176254 1.703462 2.232794  0.303552 0.673745 0.673739  0.849997 0.869074 0
0  -1.639013 1.397290 2.549701  -0.007961 0.408478 0.912733  0.839105 0.881389 0
0  -1.072737 1.343541 2.441670  0.373966 0.373971 0.848702  0.838897 0.866749 0
dd_c
0  -1.639012 1.759567 2.288898  -0.011870 0.707060 0.707054  0.850593 0.881429 0
0  -1.639013 1.397290 2.549701  -0.007961 0.408478 0.912733  0.839105 0.881389 0
0  -1.176254 1.703462 2.232794  0.303552 0.673745 0.673739  0.849997 0.869074 0
dd_c
0  -1.639012 1.759567 2.288898  -0.011870 0.707060 0.707054  0.850593 0.881429 0
0  -2.205288 1.343541 2.441669  -0.382983 0.382985 0.840623  0.838796 0.896028 0
0  -1.639013 1.397290 2.549701  -0.007961 0.408478 0.912733  0.839105 0.881389 0
dd_c
0  -2.101770 1.703463 2.232794  -0.308566 0.672606 0.672598  0.849927 0.893869 0
0  -2.205288 1.343541 2.441669  -0.382983 0.382985 0.840623  0.838796 0.896028 0
0  -1.639012 1.759567 2.288898  -0.011870 0.707060 0.707054  0.850593 0.881429 0
dd_c
0  -2.101770 1.703463 2.232794  -0.308566 0.672606 0.672598  0.849927 0.893869 0
0  -2.565208 1.240024 2.232793  -0.661756 0.306011 0.684424  0.838322 0.907314 0
0  -2.205288 1.343541 2.441669  -0.382983 0.382985 0.840623  0.838796 0.896028 0
dd_c
0  -2.565208 1.240024 2.232793  -0.661756 0.306011 0.684424  0.838322 0.907314 0
0  -2.621313 0.777288 2.288898  -0.707162 -0.000248 0.707051  0.824880 0.910360 0
0  -2.205288 1.343541 2.441669  -0.382983 0.382985 0.840623  0.838796 0.896028 0
dd_c
0  -2.565208 1.240024 2.232793  -0.661756 0.306011 0.684424  0.838322 0.907314 0
0  -2.882118 0.777295 1.926612  -0.912575 -0.008401 0.408824  0.828041 0.923636 0
0  -2.621313 0.777288 2.288898  -0.707162 -0.000248 0.707051  0.824880 0.910360 0
dd_c
0  -2.882118 0.777295 1.926612  -0.912575 -0.008401 0.408824  0.828041 0.923636 0
0  -2.773545 0.209176 1.872090  -0.779182 -0.506058 0.369839  0.807707 0.927504 0
0  -2.621313 0.777288 2.288898  -0.707162 -0.000248 0.707051  0.824880 0.910360 0
dd_c
0  -2.882118 0.777295 1.926612  -0.912575 -0.008401 0.408824  0.828041 0.923636 0
0  -2.880352 0.154167 1.309782  -0.802127 -0.585238 0.118695  0.808663 0.950590 0
0  -2.773545 0.209176 1.872090  -0.779182 -0.506058 0.369839  0.807707 0.927504 0
dd_c
0  -2.880352 0.154167 1.309782  -0.802127 -0.585238 0.118695  0.808663 0.950590 0
0  -2.628800 0.006635 1.311036  -0.985460 -0.000001 0.169907  0.795049 0.949876 0
0  -2.773545 0.209176 1.872090  -0.779182 -0.506058 0.369839  0.807707 0.927504 0
dd_c
0  -2.880352 0.154167 1.309782  -0.802127 -0.585238 0.118695  0.808663 0.950590 0
0  -2.660341 0.006635 0.702176  -0.407769 0.000044 -0.913085  0.794948 0.979068 0
0  -2.628800 0.006635 1.311036  -0.985460 -0.000001 0.169907  0.795049 0.949876 0
dd_c
0  -2.628800 0.006635 1.311036  -0.985460 -0.000001 0.169907  0.795049 0.949876 0
0  -2.660341 0.006635 0.702176  -0.407769 0.000044 -0.913085  0.794948 0.979068 0
0  -2.880352 -0.140898 1.309782  -0.802129 0.585236 0.118695  0.781430 0.950496 0
dd_c
0  -2.880352 -0.140898 1.309782  -0.802129 0.585236 0.118695  0.781430 0.950496 0
0  -2.660341 0.006635 0.702176  -0.407769 0.000044 -0.913085  0.794948 0.979068 0
0  -2.894977 -0.134247 0.746582  -0.706071 0.464347 -0.534645  0.778555 0.976869 0
dd_c
0  -2.880352 -0.140898 1.309782  -0.802129 0.585236 0.118695  0.781430 0.950496 0
0  -2.894977 -0.134247 0.746582  -0.706071 0.464347 -0.534645  0.778555 0.976869 0
0  -3.027987 -0.764029 1.309943  -0.994371 -0.002988 0.105914  0.754902 0.945342 0
dd_c
0  -3.027987 -0.764029 1.309943  -0.994371 -0.002988 0.105914  0.754902 0.945342 0
0  -2.894977 -0.134247 0.746582  -0.706071 0.464347 -0.534645  0.778555 0.976869 0
0  -3.015095 -0.764119 0.745364  -0.786355 -0.012255 -0.617653  0.745857 0.969031 0
dd_c
0  -3.027987 -0.764029 1.309943  -0.994371 -0.002988 0.105914  0.754902 0.945342 0
0  -3.015095 -0.764119 0.745364  -0.786355 -0.012255 -0.617653  0.745857 0.969031 0
0  -2.881995 -1.383684 1.310217  -0.909097 -0.402778 0.106362  0.732114 0.933120 0
dd_c
0  -2.881995 -1.383684 1.310217  -0.909097 -0.402778 0.106362  0.732114 0.933120 0
0  -3.015095 -0.764119 0.745364  -0.786355 -0.012255 -0.617653  0.745857 0.969031 0
0  -2.895767 -1.390285 0.745615  -0.754872 -0.279434 -0.593367  0.716477 0.952999 0
dd_c
0  -2.265736 2.032724 0.686955  -0.278343 0.694219 -0.663765  0.905475 0.914716 0
0  -2.664660 1.801494 0.709550  -0.595919 0.534192 -0.599600  0.892791 0.936839 0
0  -2.258672 2.020266 1.310199  -0.399404 0.907643 0.129075  0.879709 0.905560 0
dd_c
0  -2.258672 2.020266 1.310199  -0.399404 0.907643 0.129075  0.879709 0.905560 0
0  -2.664660 1.801494 0.709550  -0.595919 0.534192 -0.599600  0.892791 0.936839 0
0  -2.621092 1.759389 1.310497  -0.704366 0.697806 0.130135  0.870806 0.920894 0
dd_c
0  -2.258672 2.020266 1.310199  -0.399404 0.907643 0.129075  0.879709 0.905560 0
0  -2.621092 1.759389 1.310497  -0.704366 0.697806 0.130135  0.870806 0.920894 0
0  -2.205290 1.912346 1.872852  -0.382993 0.840427 0.383405  0.861208 0.898495 0
dd_c
0  -2.205290 1.912346 1.872852  -0.382993 0.840427 0.383405  0.861208 0.898495 0
0  -2.621092 1.759389 1.310497  -0.704366 0.697806 0.130135  0.870806 0.920894 0
0  -2.565214 1.703467 1.769332  -0.661670 0.684319 0.306432  0.857729 0.911105 0
dd_c
0  -2.205290 1.912346 1.872852  -0.382993 0.840427 0.383405  0.861208 0.898495 0
0  -2.565214 1.703467 1.769332  -0.661670 0.684319 0.306432  0.857729 0.911105 0
0  -2.101770 1.703463 2.232794  -0.308566 0.672606 0.672598  0.849927 0.893869 0
dd_c
0  -2.101770 1.703463 2.232794  -0.308566 0.672606 0.672598  0.849927 0.893869 0
0  -2.565214 1.703467 1.769332  -0.661670 0.684319 0.306432  0.857729 0.911105 0
0  -2.441058 1.579312 2.108643  -0.549682 0.590702 0.590695  0.848638 0.904046 0
dd_c
0  -2.441058 1.579312 2.108643  -0.549682 0.590702 0.590695  0.848638 0.904046 0
0  -2.565208 1.240024 2.232793  -0.661756 0.306011 0.684424  0.838322 0.907314 0
0  -2.101770 1.703463 2.232794  -0.308566 0.672606 0.672598  0.849927 0.893869 0
dd_c
0  -2.441058 1.579312 2.108643  -0.549682 0.590702 0.590695  0.848638 0.904046 0
0  -2.774092 1.343542 1.872852  -0.848530 0.373979 0.374348  0.845791 0.917464 0
0  -2.565208 1.240024 2.232793  -0.661756 0.306011 0.684424  0.838322 0.907314 0
dd_c
0  -2.774092 1.343542 1.872852  -0.848530 0.373979 0.374348  0.845791 0.917464 0
0  -2.882118 0.777295 1.926612  -0.912575 -0.008401 0.408824  0.828041 0.923636 0
0  -2.565208 1.240024 2.232793  -0.661756 0.306011 0.684424  0.838322 0.907314 0
dd_c
0  -2.774092 1.343542 1.872852  -0.848530 0.373979 0.374348  0.845791 0.917464 0
0  -3.027987 0.777298 1.309943  -0.994371 0.002988 0.105913  0.835226 0.945621 0
0  -2.882118 0.777295 1.926612  -0.912575 -0.008401 0.408824  0.828041 0.923636 0
dd_c
0  -3.027987 0.777298 1.309943  -0.994371 0.002988 0.105913  0.835226 0.945621 0
0  -2.880352 0.154167 1.309782  -0.802127 -0.585238 0.118695  0.808663 0.950590 0
0  -2.882118 0.777295 1.926612  -0.912575 -0.008401 0.408824  0.828041 0.923636 0
dd_c
0  -3.027987 0.777298 1.309943  -0.994371 0.002988 0.105913  0.835226 0.945621 0
0  -2.894977 0.147517 0.746582  -0.706112 -0.464291 -0.534639  0.811355 0.976983 0
0  -2.880352 0.154167 1.309782  -0.802127 -0.585238 0.118695  0.808663 0.950590 0
dd_c
0  -2.894977 0.147517 0.746582  -0.706112 -0.464291 -0.534639  0.811355 0.976983 0
0  -2.660341 0.006635 0.702176  -0.407769 0.000044 -0.913085  0.794948 0.979068 0
0  -2.880352 0.154167 1.309782  -0.802127 -0.585238 0.118695  0.808663 0.950590 0
dd_c
0  -2.664660 1.801494 0.709550  -0.595919 0.534192 -0.599600  0.892791 0.936839 0
0  -2.895767 1.403555 0.745615  -0.754874 0.279511 -0.593328  0.873597 0.953544 0
0  -2.621092 1.759389 1.310497  -0.704366 0.697806 0.130135  0.870806 0.920894 0
dd_c
0  -2.621092 1.759389 1.310497  -0.704366 0.697806 0.130135  0.870806 0.920894 0
0  -2.895767 1.403555 0.745615  -0.754874 0.279511 -0.593328  0.873597 0.953544 0
0  -2.881996 1.396954 1.310217  -0.909097 0.402778 0.106362  0.858099 0.933557 0
dd_c
0  -2.621092 1.759389 1.310497  -0.704366 0.697806 0.130135  0.870806 0.920894 0
0  -2.881996 1.396954 1.310217  -0.909097 0.402778 0.106362  0.858099 0.933557 0
0  -2.565214 1.703467 1.769332  -0.661670 0.684319 0.306432  0.857729 0.911105 0
dd_c
0  -2.565214 1.703467 1.769332  -0.661670 0.684319 0.306432  0.857729 0.911105 0
0  -2.881996 1.396954 1.310217  -0.909097 0.402778 0.106362  0.858099 0.933557 0
0  -2.774092 1.343542 1.872852  -0.848530 0.373979 0.374348  0.845791 0.917464 0
dd_c
0  -2.565214 1.703467 1.769332  -0.661670 0.684319 0.306432  0.857729 0.911105 0
0  -2.774092 1.343542 1.872852  -0.848530 0.373979 0.374348  0.845791 0.917464 0
0  -2.441058 1.579312 2.108643  -0.549682 0.590702 0.590695  0.848638 0.904046 0
dd_c
0  -3.015095 0.777389 0.745364  -0.786355 0.012207 -0.617654  0.844107 0.969372 0
0  -2.894977 0.147517 0.746582  -0.706112 -0.464291 -0.534639  0.811355 0.976983 0
0  -3.027987 0.777298 1.309943  -0.994371 0.002988 0.105913  0.835226 0.945621 0
dd_c
0  -2.881996 1.396954 1.310217  -0.909097 0.402778 0.106362  0.858099 0.933557 0
0  -3.027987 0.777298 1.309943  -0.994371 0.002988 0.105913  0.835226 0.945621 0
0  -2.774092 1.343542 1.872852  -0.848530 0.373979 0.374348  0.845791 0.917464 0
dd_c
0  -2.881996 1.396954 1.310217  -0.909097 0.402778 0.106362  0.858099 0.933557 0
0  -3.015095 0.777389 0.745364  -0.786355 0.012207 -0.617654  0.844107 0.969372 0
0  -3.027987 0.777298 1.309943  -0.994371 0.002988 0.105913  0.835226 0.945621 0
dd_c
0  -2.895767 1.403555 0.745615  -0.754874 0.279511 -0.593328  0.873597 0.953544 0
0  -3.015095 0.777389 0.745364  -0.786355 0.012207 -0.617654  0.844107 0.969372 0
0  -2.881996 1.396954 1.310217  -0.909097 0.402778 0.106362  0.858099 0.933557 0
dd_c
0  -0.794156 0.675609 4.289395  -0.778771 0.627216 0.010763  0.539929 0.372262 0
0  -0.420755 0.973183 4.290104  -0.427531 0.903715 0.022709  0.501189 0.369201 0
0  -0.908177 0.737271 2.255474  -0.784454 0.620184 -0.001677  0.561248 0.184723 0
dd_c
0  -0.908177 0.737271 2.255474  -0.784454 0.620184 -0.001677  0.561248 0.184723 0
0  -0.420755 0.973183 4.290104  -0.427531 0.903715 0.022709  0.501189 0.369201 0
0  -0.500478 1.062534 2.256015  -0.439391 0.898258 0.008202  0.518259 0.184328 0
dd_c
0  -0.420755 0.973183 4.290104  -0.427531 0.903715 0.022709  0.501189 0.369201 0
0  0.044708 1.079207 4.290977  0.007599 0.999273 0.037369  0.462475 0.366180 0
0  -0.500478 1.062534 2.256015  -0.439391 0.898258 0.008202  0.518259 0.184328 0
dd_c
0  -0.500478 1.062534 2.256015  -0.439391 0.898258 0.008202  0.518259 0.184328 0
0  0.044708 1.079207 4.290977  0.007599 0.999273 0.037369  0.462475 0.366180 0
0  0.007994 1.178717 2.256710  -0.007247 0.999750 0.021179  0.476454 0.183510 0
dd_c
0  0.044708 1.079207 4.290977  0.007599 0.999273 0.037369  0.462475 0.366180 0
0  0.509980 0.972788 4.291836  0.439396 0.896803 0.051719  0.423978 0.363413 0
0  0.007994 1.178717 2.256710  -0.007247 0.999750 0.021179  0.476454 0.183510 0
dd_c
0  0.007994 1.178717 2.256710  -0.007247 0.999750 0.021179  0.476454 0.183510 0
0  0.509980 0.972788 4.291836  0.439396 0.896803 0.051719  0.423978 0.363413 0
0  0.516481 1.062806 2.257480  0.426534 0.903735 0.036498  0.434935 0.182314 0
dd_c
0  0.509980 0.972788 4.291836  0.439396 0.896803 0.051719  0.423978 0.363413 0
0  0.882955 0.675118 4.292511  0.783167 0.618614 0.062977  0.385764 0.361130 0
0  0.516481 1.062806 2.257480  0.426534 0.903735 0.036498  0.434935 0.182314 0
dd_c
0  0.516481 1.062806 2.257480  0.426534 0.903735 0.036498  0.434935 0.182314 0
0  0.882955 0.675118 4.292511  0.783167 0.618614 0.062977  0.385764 0.361130 0
0  0.924317 0.737784 2.258287  0.776206 0.628222 0.053302  0.393822 0.181042 0
dd_c
0  0.882955 0.675118 4.292511  0.783167 0.618614 0.062977  0.385764 0.361130 0
0  1.089883 0.245190 4.292881  0.972960 0.220386 0.069133  0.347784 0.359511 0
0  0.924317 0.737784 2.258287  0.776206 0.628222 0.053302  0.393822 0.181042 0
dd_c
0  0.924317 0.737784 2.258287  0.776206 0.628222 0.053302  0.393822 0.181042 0
0  1.089883 0.245190 4.292881  0.972960 0.220386 0.069133  0.347784 0.359511 0
0  1.150851 0.267699 2.258922  0.972336 0.224202 0.065547  0.352817 0.180017 0
dd_c
0  1.089883 0.245190 4.292881  0.972960 0.220386 0.069133  0.347784 0.359511 0
0  1.089883 -0.231922 4.292881  0.972961 -0.220369 0.069167  0.309890 0.358593 0
0  1.150851 0.267699 2.258922  0.972336 0.224202 0.065547  0.352817 0.180017 0
dd_c
0  1.150851 0.267699 2.258922  0.972336 0.224202 0.065547  0.352817 0.180017 0
0  1.089883 -0.231922 4.292881  0.972961 -0.220369 0.069167  0.309890 0.358593 0
0  1.150851 -0.254433 2.258922  0.972070 -0.226055 0.063076  0.311813 0.179593 0
dd_c
0  1.089883 -0.231922 4.292881  0.972961 -0.220369 0.069167  0.309890 0.358593 0
0  0.882955 -0.661851 4.292511  0.783165 -0.618607 0.063065  0.271877 0.358697 0
0  1.150851 -0.254433 2.258922  0.972070 -0.226055 0.063076  0.311813 0.179593 0
dd_c
0  1.150851 -0.254433 2.258922  0.972070 -0.226055 0.063076  0.311813 0.179593 0
0  0.882955 -0.661851 4.292511  0.783165 -0.618607 0.063065  0.271877 0.358697 0
0  0.924317 -0.724516 2.258287  0.776839 -0.627731 0.049750  0.271207 0.179591 0
dd_c
0  0.882955 -0.661851 4.292511  0.783165 -0.618607 0.063065  0.271877 0.358697 0
0  0.509980 -0.959521 4.291836  0.439389 -0.896800 0.051835  0.233605 0.359398 0
0  0.924317 -0.724516 2.258287  0.776839 -0.627731 0.049750  0.271207 0.179591 0
dd_c
0  0.924317 -0.724516 2.258287  0.776839 -0.627731 0.049750  0.271207 0.179591 0
0  0.509980 -0.959521 4.291836  0.439389 -0.896800 0.051835  0.233605 0.359398 0
0  0.516481 -1.049539 2.257480  0.427255 -0.903454 0.034976  0.230919 0.179801 0
dd_c
0  0.509980 -0.959521 4.291836  0.439389 -0.896800 0.051835  0.233605 0.359398 0
0  0.044708 -1.065941 4.290977  0.007595 -0.999268 0.037493  0.194994 0.360483 0
0  0.516481 -1.049539 2.257480  0.427255 -0.903454 0.034976  0.230919 0.179801 0
dd_c
0  0.516481 -1.049539 2.257480  0.427255 -0.903454 0.034976  0.230919 0.179801 0
0  0.044708 -1.065941 4.290977  0.007595 -0.999268 0.037493  0.194994 0.360483 0
0  0.007994 -1.165450 2.256710  -0.007020 -0.999757 0.020875  0.190481 0.179835 0
dd_c
0  0.044708 -1.065941 4.290977  0.007595 -0.999268 0.037493  0.194994 0.360483 0
0  -0.420755 -0.959916 4.290103  -0.427533 -0.903711 0.022824  0.156072 0.361686 0
0  0.007994 -1.165450 2.256710  -0.007020 -0.999757 0.020875  0.190481 0.179835 0
dd_c
0  0.007994 -1.165450 2.256710  -0.007020 -0.999757 0.020875  0.190481 0.179835 0
0  -0.420755 -0.959916 4.290103  -0.427533 -0.903711 0.022824  0.156072 0.361686 0
0  -0.500478 -1.049266 2.256015  -0.439400 -0.898255 0.008145  0.150310 0.179356 0
dd_c
0  0.315455 0.927523 6.316698  0.435127 0.898816 0.052866  0.421865 0.551278 0
0  0.670989 0.643832 6.318601  0.779590 0.620036 0.088285  0.383120 0.547636 0
0  0.509980 0.972788 4.291836  0.439396 0.896803 0.051719  0.423978 0.363413 0
dd_c
0  0.509980 0.972788 4.291836  0.439396 0.896803 0.051719  0.423978 0.363413 0
0  0.670989 0.643832 6.318601  0.779590 0.620036 0.088285  0.383120 0.547636 0
0  0.882955 0.675118 4.292511  0.783167 0.618614 0.062977  0.385764 0.361130 0
dd_c
0  0.670989 0.643832 6.318601  0.779590 0.620036 0.088285  0.383120 0.547636 0
0  0.868234 0.234026 6.319646  0.969352 0.220772 0.107778  0.344458 0.545224 0
0  0.882955 0.675118 4.292511  0.783167 0.618614 0.062977  0.385764 0.361130 0
dd_c
0  0.882955 0.675118 4.292511  0.783167 0.618614 0.062977  0.385764 0.361130 0
0  0.868234 0.234026 6.319646  0.969352 0.220772 0.107778  0.344458 0.545224 0
0  1.089883 0.245190 4.292881  0.972960 0.220386 0.069133  0.347784 0.359511 0
dd_c
0  0.868234 0.234026 6.319646  0.969352 0.220772 0.107778  0.344458 0.545224 0
0  0.868233 -0.220760 6.319646  0.969345 -0.220795 0.107800  0.305765 0.544465 0
0  1.089883 0.245190 4.292881  0.972960 0.220386 0.069133  0.347784 0.359511 0
dd_c
0  1.089883 0.245190 4.292881  0.972960 0.220386 0.069133  0.347784 0.359511 0
0  0.868233 -0.220760 6.319646  0.969345 -0.220795 0.107800  0.305765 0.544465 0
0  1.089883 -0.231922 4.292881  0.972961 -0.220369 0.069167  0.309890 0.358593 0
dd_c
0  0.868233 -0.220760 6.319646  0.969345 -0.220795 0.107800  0.305765 0.544465 0
0  0.670989 -0.630565 6.318601  0.779591 -0.620031 0.088316  0.267073 0.545256 0
0  1.089883 -0.231922 4.292881  0.972961 -0.220369 0.069167  0.309890 0.358593 0
dd_c
0  1.089883 -0.231922 4.292881  0.972961 -0.220369 0.069167  0.309890 0.358593 0
0  0.670989 -0.630565 6.318601  0.779591 -0.620031 0.088316  0.267073 0.545256 0
0  0.882955 -0.661851 4.292511  0.783165 -0.618607 0.063065  0.271877 0.358697 0
dd_c
0  0.670989 -0.630565 6.318601  0.779591 -0.620031 0.088316  0.267073 0.545256 0
0  0.315456 -0.914257 6.316698  0.435128 -0.898815 0.052867  0.228275 0.547300 0
0  0.882955 -0.661851 4.292511  0.783165 -0.618607 0.063065  0.271877 0.358697 0
dd_c
0  0.882955 -0.661851 4.292511  0.783165 -0.618607 0.063065  0.271877 0.358697 0
0  0.315456 -0.914257 6.316698  0.435128 -0.898815 0.052867  0.228275 0.547300 0
0  0.509980 -0.959521 4.291836  0.439389 -0.896800 0.051835  0.233605 0.359398 0
dd_c
0  0.315456 -0.914257 6.316698  0.435128 -0.898815 0.052867  0.228275 0.547300 0
0  -0.128008 -1.015547 6.314306  0.002529 -0.999963 0.008188  0.189352 0.550043 0
0  0.509980 -0.959521 4.291836  0.439389 -0.896800 0.051835  0.233605 0.359398 0
dd_c
0  0.509980 -0.959521 4.291836  0.439389 -0.896800 0.051835  0.233605 0.359398 0
0  -0.128008 -1.015547 6.314306  0.002529 -0.999963 0.008188  0.189352 0.550043 0
0  0.044708 -1.065941 4.290977  0.007595 -0.999268 0.037493  0.194994 0.360483 0
dd_c
0  -0.128008 -1.015547 6.314306  0.002529 -0.999963 0.008188  0.189352 0.550043 0
0  -0.571492 -0.914295 6.311901  -0.431342 -0.901437 -0.036822  0.150214 0.552769 0
0  0.044708 -1.065941 4.290977  0.007595 -0.999268 0.037493  0.194994 0.360483 0
dd_c
0  0.044708 -1.065941 4.290977  0.007595 -0.999268 0.037493  0.194994 0.360483 0
0  -0.571492 -0.914295 6.311901  -0.431342 -0.901437 -0.036822  0.150214 0.552769 0
0  -0.420755 -0.959916 4.290103  -0.427533 -0.903711 0.022824  0.156072 0.361686 0
dd_c
0  -0.571492 -0.914295 6.311901  -0.431342 -0.901437 -0.036822  0.150214 0.552769 0
0  -0.927067 -0.630611 6.309974  -0.778605 -0.623256 -0.072976  0.110799 0.554725 0
0  -0.420755 -0.959916 4.290103  -0.427533 -0.903711 0.022824  0.156072 0.361686 0
dd_c
0  -0.420755 -0.959916 4.290103  -0.427533 -0.903711 0.022824  0.156072 0.361686 0
0  -0.927067 -0.630611 6.309974  -0.778605 -0.623256 -0.072976  0.110799 0.554725 0
0  -0.794156 -0.662343 4.289394  -0.778772 -0.627213 0.010846  0.116966 0.362753 0
dd_c
0  -0.420755 -0.959916 4.290103  -0.427533 -0.903711 0.022824  0.156072 0.361686 0
0  -0.794156 -0.662343 4.289394  -0.778772 -0.627213 0.010846  0.116966 0.362753 0
0  -0.500478 -1.049266 2.256015  -0.439400 -0.898255 0.008145  0.150310 0.179356 0
dd_c
0  -0.500478 -1.049266 2.256015  -0.439400 -0.898255 0.008145  0.150310 0.179356 0
0  -0.794156 -0.662343 4.289394  -0.778772 -0.627213 0.010846  0.116966 0.362753 0
0  -0.908177 -0.724005 2.255474  -0.784454 -0.620184 -0.001738  0.109820 0.178093 0
dd_c
0  -1.128581 0.653282 7.872245  -0.782685 0.619173 -0.063470  0.539039 0.707343 0
0  -0.768114 0.940911 7.873788  -0.438548 0.897916 -0.037723  0.499558 0.702850 0
0  -0.927067 0.643878 6.309974  -0.778621 0.623241 -0.072939  0.539262 0.563177 0
dd_c
0  -0.927067 0.643878 6.309974  -0.778621 0.623241 -0.072939  0.539262 0.563177 0
0  -0.768114 0.940911 7.873788  -0.438548 0.897916 -0.037723  0.499558 0.702850 0
0  -0.571492 0.927562 6.311902  -0.431353 0.901432 -0.036805  0.499836 0.559816 0
dd_c
0  -0.927067 0.643878 6.309974  -0.778621 0.623241 -0.072939  0.539262 0.563177 0
0  -0.571492 0.927562 6.311902  -0.431353 0.901432 -0.036805  0.499836 0.559816 0
0  -0.794156 0.675609 4.289395  -0.778771 0.627216 0.010763  0.539929 0.372262 0
dd_c
0  -0.794156 0.675609 4.289395  -0.778771 0.627216 0.010763  0.539929 0.372262 0
0  -0.571492 0.927562 6.311902  -0.431353 0.901432 -0.036805  0.499836 0.559816 0
0  -0.420755 0.973183 4.290104  -0.427531 0.903715 0.022709  0.501189 0.369201 0
dd_c
0  -0.571492 0.927562 6.311902  -0.431353 0.901432 -0.036805  0.499836 0.559816 0
0  -0.128008 1.028813 6.314305  0.002534 0.999963 0.008200  0.460732 0.555584 0
0  -0.420755 0.973183 4.290104  -0.427531 0.903715 0.022709  0.501189 0.369201 0
dd_c
0  -0.420755 0.973183 4.290104  -0.427531 0.903715 0.022709  0.501189 0.369201 0
0  -0.128008 1.028813 6.314305  0.002534 0.999963 0.008200  0.460732 0.555584 0
0  0.044708 1.079207 4.290977  0.007599 0.999273 0.037369  0.462475 0.366180 0
dd_c
0  -0.128008 1.028813 6.314305  0.002534 0.999963 0.008200  0.460732 0.555584 0
0  0.315455 0.927523 6.316698  0.435127 0.898816 0.052866  0.421865 0.551278 0
0  0.044708 1.079207 4.290977  0.007599 0.999273 0.037369  0.462475 0.366180 0
dd_c
0  0.044708 1.079207 4.290977  0.007599 0.999273 0.037369  0.462475 0.366180 0
0  0.315455 0.927523 6.316698  0.435127 0.898816 0.052866  0.421865 0.551278 0
0  0.509980 0.972788 4.291836  0.439396 0.896803 0.051719  0.423978 0.363413 0
dd_c
0  -0.768114 0.940911 7.873788  -0.438548 0.897916 -0.037723  0.499558 0.702850 0
0  -0.318123 1.043793 7.875633  -0.005468 0.999981 -0.003008  0.460380 0.697983 0
0  -0.571492 0.927562 6.311902  -0.431353 0.901432 -0.036805  0.499836 0.559816 0
dd_c
0  -0.571492 0.927562 6.311902  -0.431353 0.901432 -0.036805  0.499836 0.559816 0
0  -0.318123 1.043793 7.875633  -0.005468 0.999981 -0.003008  0.460380 0.697983 0
0  -0.128008 1.028813 6.314305  0.002534 0.999963 0.008200  0.460732 0.555584 0
dd_c
0  -0.318123 1.043793 7.875633  -0.005468 0.999981 -0.003008  0.460380 0.697983 0
0  0.132035 0.941111 7.877673  0.430132 0.902064 0.035586  0.421157 0.693327 0
0  -0.128008 1.028813 6.314305  0.002534 0.999963 0.008200  0.460732 0.555584 0
dd_c
0  -0.128008 1.028813 6.314305  0.002534 0.999963 0.008200  0.460732 0.555584 0
0  0.132035 0.941111 7.877673  0.430132 0.902064 0.035586  0.421157 0.693327 0
0  0.315455 0.927523 6.316698  0.435127 0.898816 0.052866  0.421865 0.551278 0
dd_c
0  0.132035 0.941111 7.877673  0.430132 0.902064 0.035586  0.421157 0.693327 0
0  0.492637 0.653637 7.879137  0.774142 0.629977 0.061913  0.381728 0.689519 0
0  0.315455 0.927523 6.316698  0.435127 0.898816 0.052866  0.421865 0.551278 0
dd_c
0  0.315455 0.927523 6.316698  0.435127 0.898816 0.052866  0.421865 0.551278 0
0  0.492637 0.653637 7.879137  0.774142 0.629977 0.061913  0.381728 0.689519 0
0  0.670989 0.643832 6.318601  0.779590 0.620036 0.088285  0.383120 0.547636 0
dd_c
0  0.492637 0.653637 7.879137  0.774142 0.629977 0.061913  0.381728 0.689519 0
0  0.693076 0.237933 7.879405  0.972691 0.224154 0.060231  0.342006 0.687262 0
0  0.670989 0.643832 6.318601  0.779590 0.620036 0.088285  0.383120 0.547636 0
dd_c
0  0.670989 0.643832 6.318601  0.779590 0.620036 0.088285  0.383120 0.547636 0
0  0.693076 0.237933 7.879405  0.972691 0.224154 0.060231  0.342006 0.687262 0
0  0.868234 0.234026 6.319646  0.969352 0.220772 0.107778  0.344458 0.545224 0
dd_c
0  0.693076 0.237933 7.879405  0.972691 0.224154 0.060231  0.342006 0.687262 0
0  0.693076 -0.224667 7.879406  0.970625 -0.230774 0.068040  0.302164 0.686234 0
0  0.868234 0.234026 6.319646  0.969352 0.220772 0.107778  0.344458 0.545224 0
dd_c
0  0.868234 0.234026 6.319646  0.969352 0.220772 0.107778  0.344458 0.545224 0
0  0.693076 -0.224667 7.879406  0.970625 -0.230774 0.068040  0.302164 0.686234 0
0  0.868233 -0.220760 6.319646  0.969345 -0.220795 0.107800  0.305765 0.544465 0
dd_c
0  0.693076 -0.224667 7.879406  0.970625 -0.230774 0.068040  0.302164 0.686234 0
0  0.492637 -0.640371 7.879137  0.778730 -0.623675 0.067888  0.262458 0.686678 0
0  0.868233 -0.220760 6.319646  0.969345 -0.220795 0.107800  0.305765 0.544465 0
dd_c
0  0.868233 -0.220760 6.319646  0.969345 -0.220795 0.107800  0.305765 0.544465 0
0  0.492637 -0.640371 7.879137  0.778730 -0.623675 0.067888  0.262458 0.686678 0
0  0.670989 -0.630565 6.318601  0.779591 -0.620031 0.088316  0.267073 0.545256 0
dd_c
0  0.492637 -0.640371 7.879137  0.778730 -0.623675 0.067888  0.262458 0.686678 0
0  0.132035 -0.927845 7.877673  0.429464 -0.902459 0.033603  0.223115 0.688649 0
0  0.670989 -0.630565 6.318601  0.779591 -0.620031 0.088316  0.267073 0.545256 0
dd_c
0  0.670989 -0.630565 6.318601  0.779591 -0.620031 0.088316  0.267073 0.545256 0
0  0.132035 -0.927845 7.877673  0.429464 -0.902459 0.033603  0.223115 0.688649 0
0  0.315456 -0.914257 6.316698  0.435128 -0.898815 0.052867  0.228275 0.547300 0
dd_c
0  0.132035 -0.927845 7.877673  0.429464 -0.902459 0.033603  0.223115 0.688649 0
0  -0.318123 -1.030527 7.875633  -0.006019 -0.999976 -0.003461  0.184077 0.691476 0
0  0.315456 -0.914257 6.316698  0.435128 -0.898815 0.052867  0.228275 0.547300 0
dd_c
0  0.315456 -0.914257 6.316698  0.435128 -0.898815 0.052867  0.228275 0.547300 0
0  -0.318123 -1.030527 7.875633  -0.006019 -0.999976 -0.003461  0.184077 0.691476 0
0  -0.128008 -1.015547 6.314306  0.002529 -0.999963 0.008188  0.189352 0.550043 0
dd_c
0  -0.318123 -1.030527 7.875633  -0.006019 -0.999976 -0.003461  0.184077 0.691476 0
0  -0.768114 -0.927644 7.873789  -0.438647 -0.897883 -0.037362  0.145247 0.694541 0
0  -0.128008 -1.015547 6.314306  0.002529 -0.999963 0.008188  0.189352 0.550043 0
dd_c
0  -0.128008 -1.015547 6.314306  0.002529 -0.999963 0.008188  0.189352 0.550043 0
0  -0.768114 -0.927644 7.873789  -0.438647 -0.897883 -0.037362  0.145247 0.694541 0
0  -0.571492 -0.914295 6.311901  -0.431342 -0.901437 -0.036822  0.150214 0.552769 0
dd_c
0  -0.768114 -0.927644 7.873789  -0.438647 -0.897883 -0.037362  0.145247 0.694541 0
0  -1.128581 -0.640016 7.872245  -0.780077 -0.622053 -0.067300  0.106361 0.697284 0
0  -0.571492 -0.914295 6.311901  -0.431342 -0.901437 -0.036822  0.150214 0.552769 0
dd_c
0  -0.571492 -0.914295 6.311901  -0.431342 -0.901437 -0.036822  0.150214 0.552769 0
0  -1.128581 -0.640016 7.872245  -0.780077 -0.622053 -0.067300  0.106361 0.697284 0
0  -0.927067 -0.630611 6.309974  -0.778605 -0.623256 -0.072976  0.110799 0.554725 0
dd_c
0  -1.153039 0.651800 8.689633  -0.773364 0.633095 0.033140  0.531767 0.780771 0
0  -0.797241 0.937827 8.713269  -0.436188 0.898531 0.048812  0.492747 0.777468 0
0  -1.128581 0.653282 7.872245  -0.782685 0.619173 -0.063470  0.539039 0.707343 0
dd_c
0  -1.128581 0.653282 7.872245  -0.782685 0.619173 -0.063470  0.539039 0.707343 0
0  -0.797241 0.937827 8.713269  -0.436188 0.898531 0.048812  0.492747 0.777468 0
0  -0.768114 0.940911 7.873788  -0.438548 0.897916 -0.037723  0.499558 0.702850 0
dd_c
0  -0.797241 0.937827 8.713269  -0.436188 0.898531 0.048812  0.492747 0.777468 0
0  -0.351985 1.040234 8.706540  0.008235 0.997583 0.069002  0.454526 0.771668 0
0  -0.768114 0.940911 7.873788  -0.438548 0.897916 -0.037723  0.499558 0.702850 0
dd_c
0  -0.768114 0.940911 7.873788  -0.438548 0.897916 -0.037723  0.499558 0.702850 0
0  -0.351985 1.040234 8.706540  0.008235 0.997583 0.069002  0.454526 0.771668 0
0  -0.318123 1.043793 7.875633  -0.005468 0.999981 -0.003008  0.460380 0.697983 0
dd_c
0  -0.351985 1.040234 8.706540  0.008235 0.997583 0.069002  0.454526 0.771668 0
0  0.093314 0.937149 8.645826  0.453107 0.886210 0.096571  0.416979 0.761672 0
0  -0.318123 1.043793 7.875633  -0.005468 0.999981 -0.003008  0.460380 0.697983 0
dd_c
0  -0.318123 1.043793 7.875633  -0.005468 0.999981 -0.003008  0.460380 0.697983 0
0  0.093314 0.937149 8.645826  0.453107 0.886210 0.096571  0.416979 0.761672 0
0  0.132035 0.941111 7.877673  0.430132 0.902064 0.035586  0.421157 0.693327 0
dd_c
0  0.093314 0.937149 8.645826  0.453107 0.886210 0.096571  0.416979 0.761672 0
0  0.448314 0.651096 8.551755  0.769320 0.627527 0.119815  0.379384 0.749655 0
0  0.132035 0.941111 7.877673  0.430132 0.902064 0.035586  0.421157 0.693327 0
dd_c
0  0.132035 0.941111 7.877673  0.430132 0.902064 0.035586  0.421157 0.693327 0
0  0.448314 0.651096 8.551755  0.769320 0.627527 0.119815  0.379384 0.749655 0
0  0.492637 0.653637 7.879137  0.774142 0.629977 0.061913  0.381728 0.689519 0
dd_c
0  0.448314 0.651096 8.551755  0.769320 0.627527 0.119815  0.379384 0.749655 0
0  0.686865 0.237508 8.424795  0.966551 0.236331 0.099632  0.340100 0.735673 0
0  0.492637 0.653637 7.879137  0.774142 0.629977 0.061913  0.381728 0.689519 0
dd_c
0  -1.323770 0.216457 9.439517  -0.947328 0.256445 -0.191845  0.560088 0.857621 0
0  -1.102278 0.590672 9.481762  -0.731276 0.640054 -0.235725  0.521021 0.855051 0
0  -1.373871 0.237674 8.665414  -0.969453 0.245081 0.009865  0.572922 0.784443 0
dd_c
0  -1.373871 0.237674 8.665414  -0.969453 0.245081 0.009865  0.572922 0.784443 0
0  -1.102278 0.590672 9.481762  -0.731276 0.640054 -0.235725  0.521021 0.855051 0
0  -1.153039 0.651800 8.689633  -0.773364 0.633095 0.033140  0.531767 0.780771 0
dd_c
0  -1.102278 0.590672 9.481762  -0.731276 0.640054 -0.235725  0.521021 0.855051 0
0  -0.784851 0.847016 9.521517  -0.421422 0.857475 -0.295195  0.484314 0.853243 0
0  -1.153039 0.651800 8.689633  -0.773364 0.633095 0.033140  0.531767 0.780771 0
dd_c
0  -1.153039 0.651800 8.689633  -0.773364 0.633095 0.033140  0.531767 0.780771 0
0  -0.784851 0.847016 9.521517  -0.421422 0.857475 -0.295195  0.484314 0.853243 0
0  -0.797241 0.937827 8.713269  -0.436188 0.898531 0.048812  0.492747 0.777468 0
dd_c
0  -0.784851 0.847016 9.521517  -0.421422 0.857475 -0.295195  0.484314 0.853243 0
0  -0.390710 0.939010 9.505035  -0.066388 0.944866 -0.320656  0.448528 0.847214 0
0  -0.797241 0.937827 8.713269  -0.436188 0.898531 0.048812  0.492747 0.777468 0
dd_c
0  -0.797241 0.937827 8.713269  -0.436188 0.898531 0.048812  0.492747 0.777468 0
0  -0.390710 0.939010 9.505035  -0.066388 0.944866 -0.320656  0.448528 0.847214 0
0  -0.351985 1.040234 8.706540  0.008235 0.997583 0.069002  0.454526 0.771668 0
dd_c
0  -0.390710 0.939010 9.505035  -0.066388 0.944866 -0.320656  0.448528 0.847214 0
0  0.004620 0.849741 9.388518  0.309320 0.904874 -0.292445  0.413343 0.832537 0
0  -0.351985 1.040234 8.706540  0.008235 0.997583 0.069002  0.454526 0.771668 0
dd_c
0  -0.351985 1.040234 8.706540  0.008235 0.997583 0.069002  0.454526 0.771668 0
0  0.004620 0.849741 9.388518  0.309320 0.904874 -0.292445  0.413343 0.832537 0
0  0.093314 0.937149 8.645826  0.453107 0.886210 0.096571  0.416979 0.761672 0
dd_c
0  0.004620 0.849741 9.388518  0.309320 0.904874 -0.292445  0.413343 0.832537 0
0  0.322816 0.596381 9.210981  0.626440 0.744182 -0.231875  0.377670 0.813147 0
0  0.093314 0.937149 8.645826  0.453107 0.886210 0.096571  0.416979 0.761672 0
dd_c
0  0.093314 0.937149 8.645826  0.453107 0.886210 0.096571  0.416979 0.761672 0
0  0.322816 0.596381 9.210981  0.626440 0.744182 -0.231875  0.377670 0.813147 0
0  0.448314 0.651096 8.551755  0.769320 0.627527 0.119815  0.379384 0.749655 0
dd_c
0  0.322816 0.596381 9.210981  0.626440 0.744182 -0.231875  0.377670 0.813147 0
0  0.584146 0.219426 8.974821  0.939640 0.308247 -0.148530  0.337954 0.788237 0
0  0.448314 0.651096 8.551755  0.769320 0.627527 0.119815  0.379384 0.749655 0
dd_c
0  0.448314 0.651096 8.551755  0.769320 0.627527 0.119815  0.379384 0.749655 0
0  0.584146 0.219426 8.974821  0.939640 0.308247 -0.148530  0.337954 0.788237 0
0  0.686865 0.237508 8.424795  0.966551 0.236331 0.099632  0.340100 0.735673 0
dd_c
0  0.584146 0.219426 8.974821  0.939640 0.308247 -0.148530  0.337954 0.788237 0
0  0.584146 -0.206160 8.974821  0.936565 -0.312710 -0.158299  0.300945 0.787068 0
0  0.686865 0.237508 8.424795  0.966551 0.236331 0.099632  0.340100 0.735673 0
dd_c
0  0.686865 0.237508 8.424795  0.966551 0.236331 0.099632  0.340100 0.735673 0
0  0.584146 -0.206160 8.974821  0.936565 -0.312710 -0.158299  0.300945 0.787068 0
0  0.686865 -0.224242 8.424795  0.964041 -0.248686 0.093707  0.301659 0.734936 0
dd_c
0  0.584146 -0.206160 8.974821  0.936565 -0.312710 -0.158299  0.300945 0.787068 0
0  0.322816 -0.583114 9.210981  0.625479 -0.743409 -0.236895  0.260175 0.809845 0
0  0.686865 -0.224242 8.424795  0.964041 -0.248686 0.093707  0.301659 0.734936 0
dd_c
0  0.686865 -0.224242 8.424795  0.964041 -0.248686 0.093707  0.301659 0.734936 0
0  0.322816 -0.583114 9.210981  0.625479 -0.743409 -0.236895  0.260175 0.809845 0
0  0.448314 -0.637830 8.551755  0.777524 -0.617662 0.118110  0.261837 0.746689 0
dd_c
0  0.322816 -0.583114 9.210981  0.625479 -0.743409 -0.236895  0.260175 0.809845 0
0  0.004620 -0.836475 9.388518  0.299433 -0.907526 -0.294510  0.223597 0.827222 0
0  0.448314 -0.637830 8.551755  0.777524 -0.617662 0.118110  0.261837 0.746689 0
dd_c
0  0.448314 -0.637830 8.551755  0.777524 -0.617662 0.118110  0.261837 0.746689 0
0  0.004620 -0.836475 9.388518  0.299433 -0.907526 -0.294510  0.223597 0.827222 0
0  0.093314 -0.923883 8.645826  0.450393 -0.887963 0.093101  0.223901 0.756657 0
dd_c
0  0.004620 -0.836475 9.388518  0.299433 -0.907526 -0.294510  0.223597 0.827222 0
0  -0.390710 -0.925744 9.505035  -0.073040 -0.944682 -0.319751  0.187721 0.839774 0
0  0.093314 -0.923883 8.645826  0.450393 -0.887963 0.093101  0.223901 0.756657 0
dd_c
0  0.093314 -0.923883 8.645826  0.450393 -0.887963 0.093101  0.223901 0.756657 0
0  -0.390710 -0.925744 9.505035  -0.073040 -0.944682 -0.319751  0.187721 0.839774 0
0  -0.351985 -1.026968 8.706540  0.006275 -0.997690 0.067638  0.186220 0.764571 0
dd_c
0  -0.390710 -0.925744 9.505035  -0.073040 -0.944682 -0.319751  0.187721 0.839774 0
0  -0.784851 -0.833749 9.521517  -0.427703 -0.856387 -0.289262  0.151776 0.843500 0
0  -0.351985 -1.026968 8.706540  0.006275 -0.997690 0.067638  0.186220 0.764571 0
dd_c
0  -0.351985 -1.026968 8.706540  0.006275 -0.997690 0.067638  0.186220 0.764571 0
0  -0.784851 -0.833749 9.521517  -0.427703 -0.856387 -0.289262  0.151776 0.843500 0
0  -0.797241 -0.924561 8.713269  -0.436722 -0.898259 0.049033  0.148258 0.768215 0
dd_c
0  -0.784851 -0.833749 9.521517  -0.427703 -0.856387 -0.289262  0.151776 0.843500 0
0  -1.102278 -0.577406 9.481762  -0.733029 -0.642417 -0.223537  0.115236 0.842835 0
0  -0.797241 -0.924561 8.713269  -0.436722 -0.898259 0.049033  0.148258 0.768215 0
dd_c
0  -0.797241 -0.924561 8.713269  -0.436722 -0.898259 0.049033  0.148258 0.768215 0
0  -1.102278 -0.577406 9.481762  -0.733029 -0.642417 -0.223537  0.115236 0.842835 0
0  -1.153039 -0.638534 8.689633  -0.768624 -0.638809 0.033756  0.109876 0.769240 0
dd_c
0  -1.102278 -0.577406 9.481762  -0.733029 -0.642417 -0.223537  0.115236 0.842835 0
0  -1.323770 -0.203191 9.439517  -0.948661 -0.257819 -0.183226  0.076359 0.842385 0
0  -1.153039 -0.638534 8.689633  -0.768624 -0.638809 0.033756  0.109876 0.769240 0
dd_c
0  -1.153039 -0.638534 8.689633  -0.768624 -0.638809 0.033756  0.109876 0.769240 0
0  -1.323770 -0.203191 9.439517  -0.948661 -0.257819 -0.183226  0.076359 0.842385 0
0  -1.373871 -0.224408 8.665414  -0.971119 -0.238372 0.010312  0.069977 0.770249 0
dd_c
0  -1.323770 -0.203191 9.439517  -0.948661 -0.257819 -0.183226  0.076359 0.842385 0
0  -1.323770 0.216457 9.439517  -0.947389 0.256249 -0.191807  0.039908 0.846245 0
0  -1.373871 -0.224408 8.665414  -0.971119 -0.238372 0.010312  0.069977 0.770249 0
dd_c
0  -1.373871 -0.224408 8.665414  -0.971119 -0.238372 0.010312  0.069977 0.770249 0
0  -1.323770 0.216457 9.439517  -0.947389 0.256249 -0.191807  0.039908 0.846245 0
0  -1.373871 0.237674 8.665414  -0.969528 0.244782 0.009854  0.030141 0.773398 0
dd_c
0  -1.373871 -0.224408 8.665414  -0.971119 -0.238372 0.010312  0.069977 0.770249 0
0  -1.373871 0.237674 8.665414  -0.969528 0.244782 0.009854  0.030141 0.773398 0
0  -1.328736 -0.224368 7.871104  -0.971078 -0.220812 -0.090828  0.067135 0.699154 0
dd_c
0  -1.328736 -0.224368 7.871104  -0.971078 -0.220812 -0.090828  0.067135 0.699154 0
0  -1.373871 0.237674 8.665414  -0.969528 0.244782 0.009854  0.030141 0.773398 0
0  -1.328736 0.237634 7.871105  -0.970665 0.224351 -0.086467  0.026817 0.699694 0
dd_c
0  0.492637 0.653637 7.879137  0.774142 0.629977 0.061913  0.381728 0.689519 0
0  0.686865 0.237508 8.424795  0.966551 0.236331 0.099632  0.340100 0.735673 0
0  0.693076 0.237933 7.879405  0.972691 0.224154 0.060231  0.342006 0.687262 0
dd_c
0  0.686865 0.237508 8.424795  0.966551 0.236331 0.099632  0.340100 0.735673 0
0  0.686865 -0.224242 8.424795  0.964041 -0.248686 0.093707  0.301659 0.734936 0
0  0.693076 0.237933 7.879405  0.972691 0.224154 0.060231  0.342006 0.687262 0
dd_c
0  0.693076 0.237933 7.879405  0.972691 0.224154 0.060231  0.342006 0.687262 0
0  0.686865 -0.224242 8.424795  0.964041 -0.248686 0.093707  0.301659 0.734936 0
0  0.693076 -0.224667 7.879406  0.970625 -0.230774 0.068040  0.302164 0.686234 0
dd_c
0  0.686865 -0.224242 8.424795  0.964041 -0.248686 0.093707  0.301659 0.734936 0
0  0.448314 -0.637830 8.551755  0.777524 -0.617662 0.118110  0.261837 0.746689 0
0  0.693076 -0.224667 7.879406  0.970625 -0.230774 0.068040  0.302164 0.686234 0
dd_c
0  0.693076 -0.224667 7.879406  0.970625 -0.230774 0.068040  0.302164 0.686234 0
0  0.448314 -0.637830 8.551755  0.777524 -0.617662 0.118110  0.261837 0.746689 0
0  0.492637 -0.640371 7.879137  0.778730 -0.623675 0.067888  0.262458 0.686678 0
dd_c
0  0.448314 -0.637830 8.551755  0.777524 -0.617662 0.118110  0.261837 0.746689 0
0  0.093314 -0.923883 8.645826  0.450393 -0.887963 0.093101  0.223901 0.756657 0
0  0.492637 -0.640371 7.879137  0.778730 -0.623675 0.067888  0.262458 0.686678 0
dd_c
0  0.492637 -0.640371 7.879137  0.778730 -0.623675 0.067888  0.262458 0.686678 0
0  0.093314 -0.923883 8.645826  0.450393 -0.887963 0.093101  0.223901 0.756657 0
0  0.132035 -0.927845 7.877673  0.429464 -0.902459 0.033603  0.223115 0.688649 0
dd_c
0  0.093314 -0.923883 8.645826  0.450393 -0.887963 0.093101  0.223901 0.756657 0
0  -0.351985 -1.026968 8.706540  0.006275 -0.997690 0.067638  0.186220 0.764571 0
0  0.132035 -0.927845 7.877673  0.429464 -0.902459 0.033603  0.223115 0.688649 0
dd_c
0  0.132035 -0.927845 7.877673  0.429464 -0.902459 0.033603  0.223115 0.688649 0
0  -0.351985 -1.026968 8.706540  0.006275 -0.997690 0.067638  0.186220 0.764571 0
0  -0.318123 -1.030527 7.875633  -0.006019 -0.999976 -0.003461  0.184077 0.691476 0
dd_c
0  -0.351985 -1.026968 8.706540  0.006275 -0.997690 0.067638  0.186220 0.764571 0
0  -0.797241 -0.924561 8.713269  -0.436722 -0.898259 0.049033  0.148258 0.768215 0
0  -0.318123 -1.030527 7.875633  -0.006019 -0.999976 -0.003461  0.184077 0.691476 0
dd_c
0  -0.318123 -1.030527 7.875633  -0.006019 -0.999976 -0.003461  0.184077 0.691476 0
0  -0.797241 -0.924561 8.713269  -0.436722 -0.898259 0.049033  0.148258 0.768215 0
0  -0.768114 -0.927644 7.873789  -0.438647 -0.897883 -0.037362  0.145247 0.694541 0
dd_c
0  -0.797241 -0.924561 8.713269  -0.436722 -0.898259 0.049033  0.148258 0.768215 0
0  -1.153039 -0.638534 8.689633  -0.768624 -0.638809 0.033756  0.109876 0.769240 0
0  -0.768114 -0.927644 7.873789  -0.438647 -0.897883 -0.037362  0.145247 0.694541 0
dd_c
0  -0.768114 -0.927644 7.873789  -0.438647 -0.897883 -0.037362  0.145247 0.694541 0
0  -1.153039 -0.638534 8.689633  -0.768624 -0.638809 0.033756  0.109876 0.769240 0
0  -1.128581 -0.640016 7.872245  -0.780077 -0.622053 -0.067300  0.106361 0.697284 0
dd_c
0  -1.153039 -0.638534 8.689633  -0.768624 -0.638809 0.033756  0.109876 0.769240 0
0  -1.373871 -0.224408 8.665414  -0.971119 -0.238372 0.010312  0.069977 0.770249 0
0  -1.128581 -0.640016 7.872245  -0.780077 -0.622053 -0.067300  0.106361 0.697284 0
dd_c
0  -1.128581 -0.640016 7.872245  -0.780077 -0.622053 -0.067300  0.106361 0.697284 0
0  -1.373871 -0.224408 8.665414  -0.971119 -0.238372 0.010312  0.069977 0.770249 0
0  -1.328736 -0.224368 7.871104  -0.971078 -0.220812 -0.090828  0.067135 0.699154 0
dd_c
0  -1.128581 -0.640016 7.872245  -0.780077 -0.622053 -0.067300  0.106361 0.697284 0
0  -1.328736 -0.224368 7.871104  -0.971078 -0.220812 -0.090828  0.067135 0.699154 0
0  -0.927067 -0.630611 6.309974  -0.778605 -0.623256 -0.072976  0.110799 0.554725 0
dd_c
0  -0.927067 -0.630611 6.309974  -0.778605 -0.623256 -0.072976  0.110799 0.554725 0
0  -1.328736 -0.224368 7.871104  -0.971078 -0.220812 -0.090828  0.067135 0.699154 0
0  -1.124341 -0.220779 6.308910  -0.970558 -0.222201 -0.092977  0.071117 0.555239 0
dd_c
0  -0.927067 -0.630611 6.309974  -0.778605 -0.623256 -0.072976  0.110799 0.554725 0
0  -1.124341 -0.220779 6.308910  -0.970558 -0.222201 -0.092977  0.071117 0.555239 0
0  -0.794156 -0.662343 4.289394  -0.778772 -0.627213 0.010846  0.116966 0.362753 0
dd_c
0  -1.328736 -0.224368 7.871104  -0.971078 -0.220812 -0.090828  0.067135 0.699154 0
0  -1.328736 0.237634 7.871105  -0.970665 0.224351 -0.086467  0.026817 0.699694 0
0  -1.124341 -0.220779 6.308910  -0.970558 -0.222201 -0.092977  0.071117 0.555239 0
dd_c
0  -1.124341 -0.220779 6.308910  -0.970558 -0.222201 -0.092977  0.071117 0.555239 0
0  -1.328736 0.237634 7.871105  -0.970665 0.224351 -0.086467  0.026817 0.699694 0
0  -1.124341 0.234045 6.308909  -0.970595 0.222062 -0.092923  0.031036 0.553871 0
dd_c
0  -1.124341 -0.220779 6.308910  -0.970558 -0.222201 -0.092977  0.071117 0.555239 0
0  -1.124341 0.234045 6.308909  -0.970595 0.222062 -0.092923  0.031036 0.553871 0
0  -1.001425 -0.232141 4.288998  -0.974534 -0.224202 0.004113  0.077946 0.363535 0
dd_c
0  -1.001425 -0.232141 4.288998  -0.974534 -0.224202 0.004113  0.077946 0.363535 0
0  -1.124341 0.234045 6.308909  -0.970595 0.222062 -0.092923  0.031036 0.553871 0
0  -1.001425 0.245408 4.288997  -0.974562 0.224082 0.004067  0.039286 0.363970 0
dd_c
0  -1.001425 -0.232141 4.288998  -0.974534 -0.224202 0.004113  0.077946 0.363535 0
0  -1.001425 0.245408 4.288997  -0.974562 0.224082 0.004067  0.039286 0.363970 0
0  -1.134398 -0.254115 2.255177  -0.975235 -0.221056 -0.007135  0.068148 0.175946 0
dd_c
0  -1.134398 -0.254115 2.255177  -0.975235 -0.221056 -0.007135  0.068148 0.175946 0
0  -1.001425 0.245408 4.288997  -0.974562 0.224082 0.004067  0.039286 0.363970 0
0  -1.134398 0.267382 2.255177  -0.975266 0.220921 -0.007087  0.022629 0.172915 0
dd_c
0  -1.134398 0.267382 2.255177  -0.975266 0.220921 -0.007087  0.022629 0.172915 0
0  -1.009857 0.265103 0.742042  -0.753280 0.173392 -0.634432  0.050116 0.042650 0
0  -1.134398 -0.254115 2.255177  -0.975235 -0.221056 -0.007135  0.068148 0.175946 0
dd_c
0  -1.134398 -0.254115 2.255177  -0.975235 -0.221056 -0.007135  0.068148 0.175946 0
0  -1.009857 0.265103 0.742042  -0.753280 0.173392 -0.634432  0.050116 0.042650 0
0  -1.009857 -0.251835 0.742042  -0.753190 -0.173646 -0.634470  0.089112 0.058293 0
dd_c
0  -1.009857 0.265103 0.742042  -0.753280 0.173392 -0.634432  0.050116 0.042650 0
0  -0.669408 0.187308 0.682308  -0.974128 0.222347 -0.040459  0.070760 0.015224 0
0  -1.009857 -0.251835 0.742042  -0.753190 -0.173646 -0.634470  0.089112 0.058293 0
dd_c
0  -1.009857 -0.251835 0.742042  -0.753190 -0.173646 -0.634470  0.089112 0.058293 0
0  -0.669408 0.187308 0.682308  -0.974128 0.222347 -0.040459  0.070760 0.015224 0
0  -0.669408 -0.174042 0.682308  -0.974014 -0.222860 -0.040366  0.099153 0.028168 0
dd_c
0  -1.009857 -0.251835 0.742042  -0.753190 -0.173646 -0.634470  0.089112 0.058293 0
0  -0.669408 -0.174042 0.682308  -0.974014 -0.222860 -0.040366  0.099153 0.028168 0
0  -0.785697 -0.717686 0.742364  -0.605193 -0.488676 -0.628440  0.126153 0.065701 0
dd_c
0  -0.785697 -0.717686 0.742364  -0.605193 -0.488676 -0.628440  0.126153 0.065701 0
0  -0.669408 -0.174042 0.682308  -0.974014 -0.222860 -0.040366  0.099153 0.028168 0
0  -0.512623 -0.499606 0.682308  -0.781107 -0.623138 -0.039626  0.131300 0.033964 0
dd_c
0  -0.785697 -0.717686 0.742364  -0.605193 -0.488676 -0.628440  0.126153 0.065701 0
0  -0.512623 -0.499606 0.682308  -0.781107 -0.623138 -0.039626  0.131300 0.033964 0
0  -0.381256 -1.040426 0.742896  -0.323277 -0.712594 -0.622657  0.162397 0.068912 0
dd_c
0  -0.381256 -1.040426 0.742896  -0.323277 -0.712594 -0.622657  0.162397 0.068912 0
0  -0.512623 -0.499606 0.682308  -0.781107 -0.623138 -0.039626  0.131300 0.033964 0
0  -0.228848 -0.725507 0.682704  -0.400394 -0.915805 -0.031382  0.165107 0.035936 0
dd_c
0  -0.381256 -1.040426 0.742896  -0.323277 -0.712594 -0.622657  0.162397 0.068912 0
0  -0.228848 -0.725507 0.682704  -0.400394 -0.915805 -0.031382  0.165107 0.035936 0
0  0.124143 -1.156335 0.765304  0.050873 -0.799002 -0.599173  0.198615 0.070819 0
dd_c
0  0.124143 -1.156335 0.765304  0.050873 -0.799002 -0.599173  0.198615 0.070819 0
0  -0.228848 -0.725507 0.682704  -0.400394 -0.915805 -0.031382  0.165107 0.035936 0
0  0.127566 -0.805076 0.685143  0.083528 -0.996285 0.020948  0.200327 0.036045 0
dd_c
0  0.124143 -1.156335 0.765304  0.050873 -0.799002 -0.599173  0.198615 0.070819 0
0  0.127566 -0.805076 0.685143  0.083528 -0.996285 0.020948  0.200327 0.036045 0
0  0.631013 -1.041953 0.842080  0.427799 -0.756921 -0.494023  0.235505 0.074260 0
dd_c
0  0.631013 -1.041953 0.842080  0.427799 -0.756921 -0.494023  0.235505 0.074260 0
0  0.127566 -0.805076 0.685143  0.083528 -0.996285 0.020948  0.200327 0.036045 0
0  0.611197 -0.720140 0.690969  0.557718 -0.807139 0.193588  0.237054 0.035517 0
dd_c
0  -0.794156 -0.662343 4.289394  -0.778772 -0.627213 0.010846  0.116966 0.362753 0
0  -1.124341 -0.220779 6.308910  -0.970558 -0.222201 -0.092977  0.071117 0.555239 0
0  -1.001425 -0.232141 4.288998  -0.974534 -0.224202 0.004113  0.077946 0.363535 0
dd_c
0  -0.794156 -0.662343 4.289394  -0.778772 -0.627213 0.010846  0.116966 0.362753 0
0  -1.001425 -0.232141 4.288998  -0.974534 -0.224202 0.004113  0.077946 0.363535 0
0  -0.908177 -0.724005 2.255474  -0.784454 -0.620184 -0.001738  0.109820 0.178093 0
dd_c
0  -0.908177 -0.724005 2.255474  -0.784454 -0.620184 -0.001738  0.109820 0.178093 0
0  -1.001425 -0.232141 4.288998  -0.974534 -0.224202 0.004113  0.077946 0.363535 0
0  -1.134398 -0.254115 2.255177  -0.975235 -0.221056 -0.007135  0.068148 0.175946 0
dd_c
0  -1.134398 -0.254115 2.255177  -0.975235 -0.221056 -0.007135  0.068148 0.175946 0
0  -1.009857 -0.251835 0.742042  -0.753190 -0.173646 -0.634470  0.089112 0.058293 0
0  -0.908177 -0.724005 2.255474  -0.784454 -0.620184 -0.001738  0.109820 0.178093 0
dd_c
0  -0.908177 -0.724005 2.255474  -0.784454 -0.620184 -0.001738  0.109820 0.178093 0
0  -1.009857 -0.251835 0.742042  -0.753190 -0.173646 -0.634470  0.089112 0.058293 0
0  -0.785697 -0.717686 0.742364  -0.605193 -0.488676 -0.628440  0.126153 0.065701 0
dd_c
0  -0.908177 -0.724005 2.255474  -0.784454 -0.620184 -0.001738  0.109820 0.178093 0
0  -0.785697 -0.717686 0.742364  -0.605193 -0.488676 -0.628440  0.126153 0.065701 0
0  -0.500478 -1.049266 2.256015  -0.439400 -0.898255 0.008145  0.150310 0.179356 0
dd_c
0  -0.500478 -1.049266 2.256015  -0.439400 -0.898255 0.008145  0.150310 0.179356 0
0  -0.785697 -0.717686 0.742364  -0.605193 -0.488676 -0.628440  0.126153 0.065701 0
0  -0.381256 -1.040426 0.742896  -0.323277 -0.712594 -0.622657  0.162397 0.068912 0
dd_c
0  -0.500478 -1.049266 2.256015  -0.439400 -0.898255 0.008145  0.150310 0.179356 0
0  -0.381256 -1.040426 0.742896  -0.323277 -0.712594 -0.622657  0.162397 0.068912 0
0  0.007994 -1.165450 2.256710  -0.007020 -0.999757 0.020875  0.190481 0.179835 0
dd_c
0  0.007994 -1.165450 2.256710  -0.007020 -0.999757 0.020875  0.190481 0.179835 0
0  -0.381256 -1.040426 0.742896  -0.323277 -0.712594 -0.622657  0.162397 0.068912 0
0  0.124143 -1.156335 0.765304  0.050873 -0.799002 -0.599173  0.198615 0.070819 0
dd_c
0  0.007994 -1.165450 2.256710  -0.007020 -0.999757 0.020875  0.190481 0.179835 0
0  0.124143 -1.156335 0.765304  0.050873 -0.799002 -0.599173  0.198615 0.070819 0
0  0.516481 -1.049539 2.257480  0.427255 -0.903454 0.034976  0.230919 0.179801 0
dd_c
0  0.516481 -1.049539 2.257480  0.427255 -0.903454 0.034976  0.230919 0.179801 0
0  0.124143 -1.156335 0.765304  0.050873 -0.799002 -0.599173  0.198615 0.070819 0
0  0.631013 -1.041953 0.842080  0.427799 -0.756921 -0.494023  0.235505 0.074260 0
dd_c
0  0.516481 -1.049539 2.257480  0.427255 -0.903454 0.034976  0.230919 0.179801 0
0  0.631013 -1.041953 0.842080  0.427799 -0.756921 -0.494023  0.235505 0.074260 0
0  0.924317 -0.724516 2.258287  0.776839 -0.627731 0.049750  0.271207 0.179591 0
dd_c
0  0.924317 -0.724516 2.258287  0.776839 -0.627731 0.049750  0.271207 0.179591 0
0  0.631013 -1.041953 0.842080  0.427799 -0.756921 -0.494023  0.235505 0.074260 0
0  1.038008 -0.719373 0.993859  0.777313 -0.549516 -0.306294  0.273783 0.082917 0
dd_c
0  0.924317 -0.724516 2.258287  0.776839 -0.627731 0.049750  0.271207 0.179591 0
0  1.038008 -0.719373 0.993859  0.777313 -0.549516 -0.306294  0.273783 0.082917 0
0  1.150851 -0.254433 2.258922  0.972070 -0.226055 0.063076  0.311813 0.179593 0
dd_c
0  1.150851 -0.254433 2.258922  0.972070 -0.226055 0.063076  0.311813 0.179593 0
0  1.038008 -0.719373 0.993859  0.777313 -0.549516 -0.306294  0.273783 0.082917 0
0  1.263700 -0.252725 1.155034  0.963296 -0.210027 -0.167184  0.312825 0.093565 0
dd_c
0  1.150851 -0.254433 2.258922  0.972070 -0.226055 0.063076  0.311813 0.179593 0
0  1.263700 -0.252725 1.155034  0.963296 -0.210027 -0.167184  0.312825 0.093565 0
0  1.150851 0.267699 2.258922  0.972336 0.224202 0.065547  0.352817 0.180017 0
dd_c
0  1.150851 0.267699 2.258922  0.972336 0.224202 0.065547  0.352817 0.180017 0
0  1.263700 -0.252725 1.155034  0.963296 -0.210027 -0.167184  0.312825 0.093565 0
0  1.263700 0.265992 1.155034  0.967238 0.199329 -0.157224  0.352531 0.094182 0
dd_c
0  1.150851 0.267699 2.258922  0.972336 0.224202 0.065547  0.352817 0.180017 0
0  1.263700 0.265992 1.155034  0.967238 0.199329 -0.157224  0.352531 0.094182 0
0  0.924317 0.737784 2.258287  0.776206 0.628222 0.053302  0.393822 0.181042 0
dd_c
0  0.631013 -1.041953 0.842080  0.427799 -0.756921 -0.494023  0.235505 0.074260 0
0  0.611197 -0.720140 0.690969  0.557718 -0.807139 0.193588  0.237054 0.035517 0
0  1.038008 -0.719373 0.993859  0.777313 -0.549516 -0.306294  0.273783 0.082917 0
dd_c
0  1.038008 -0.719373 0.993859  0.777313 -0.549516 -0.306294  0.273783 0.082917 0
0  0.611197 -0.720140 0.690969  0.557718 -0.807139 0.193588  0.237054 0.035517 0
0  0.889396 -0.492189 0.697721  0.788462 -0.517161 0.332974  0.275182 0.034879 0
dd_c
0  1.038008 -0.719373 0.993859  0.777313 -0.549516 -0.306294  0.273783 0.082917 0
0  0.889396 -0.492189 0.697721  0.788462 -0.517161 0.332974  0.275182 0.034879 0
0  1.263700 -0.252725 1.155034  0.963296 -0.210027 -0.167184  0.312825 0.093565 0
dd_c
0  1.263700 -0.252725 1.155034  0.963296 -0.210027 -0.167184  0.312825 0.093565 0
0  0.889396 -0.492189 0.697721  0.788462 -0.517161 0.332974  0.275182 0.034879 0
0  1.040906 -0.170437 0.701773  0.898102 -0.190855 0.396216  0.313725 0.033801 0
dd_c
0  1.263700 -0.252725 1.155034  0.963296 -0.210027 -0.167184  0.312825 0.093565 0
0  1.040906 -0.170437 0.701773  0.898102 -0.190855 0.396216  0.313725 0.033801 0
0  1.263700 0.265992 1.155034  0.967238 0.199329 -0.157224  0.352531 0.094182 0
dd_c
0  1.263700 0.265992 1.155034  0.967238 0.199329 -0.157224  0.352531 0.094182 0
0  1.040906 -0.170437 0.701773  0.898102 -0.190855 0.396216  0.313725 0.033801 0
0  1.040906 0.183704 0.701773  0.911160 0.163993 0.378014  0.352094 0.032130 0
dd_c
0  1.263700 0.265992 1.155034  0.967238 0.199329 -0.157224  0.352531 0.094182 0
0  1.040906 0.183704 0.701773  0.911160 0.163993 0.378014  0.352094 0.032130 0
0  1.038008 0.732639 0.993859  0.782118 0.559132 -0.275068  0.392281 0.083286 0
dd_c
0  1.038008 0.732639 0.993859  0.782118 0.559132 -0.275068  0.392281 0.083286 0
0  1.040906 0.183704 0.701773  0.911160 0.163993 0.378014  0.352094 0.032130 0
0  0.889396 0.505456 0.697722  0.806226 0.523143 0.276261  0.391706 0.034384 0
dd_c
0  1.038008 0.732639 0.993859  0.782118 0.559132 -0.275068  0.392281 0.083286 0
0  0.889396 0.505456 0.697722  0.806226 0.523143 0.276261  0.391706 0.034384 0
0  0.631013 1.055220 0.842080  0.432906 0.775484 -0.459584  0.431075 0.074701 0
dd_c
0  0.631013 1.055220 0.842080  0.432906 0.775484 -0.459584  0.431075 0.074701 0
0  0.889396 0.505456 0.697722  0.806226 0.523143 0.276261  0.391706 0.034384 0
0  0.611196 0.733408 0.690969  0.525305 0.844426 0.104880  0.430107 0.036041 0
dd_c
0  0.631013 1.055220 0.842080  0.432906 0.775484 -0.459584  0.431075 0.074701 0
0  0.611196 0.733408 0.690969  0.525305 0.844426 0.104880  0.430107 0.036041 0
0  0.124143 1.169601 0.765304  0.032036 0.811517 -0.583449  0.468167 0.071165 0
dd_c
0  0.124143 1.169601 0.765304  0.032036 0.811517 -0.583449  0.468167 0.071165 0
0  0.611196 0.733408 0.690969  0.525305 0.844426 0.104880  0.430107 0.036041 0
0  0.127566 0.818343 0.685143  0.021007 0.999606 -0.018622  0.466463 0.037198 0
dd_c
0  0.124143 1.169601 0.765304  0.032036 0.811517 -0.583449  0.468167 0.071165 0
0  0.127566 0.818343 0.685143  0.021007 0.999606 -0.018622  0.466463 0.037198 0
0  -0.381256 1.053694 0.742896  -0.328232 0.712837 -0.619780  0.504516 0.068156 0
dd_c
0  -0.381256 1.053694 0.742896  -0.328232 0.712837 -0.619780  0.504516 0.068156 0
0  0.127566 0.818343 0.685143  0.021007 0.999606 -0.018622  0.466463 0.037198 0
0  -0.228848 0.738773 0.682704  -0.426195 0.903788 -0.039059  0.500628 0.036867 0
dd_c
0  -0.381256 1.053694 0.742896  -0.328232 0.712837 -0.619780  0.504516 0.068156 0
0  -0.228848 0.738773 0.682704  -0.426195 0.903788 -0.039059  0.500628 0.036867 0
0  -0.785697 0.730952 0.742364  -0.605122 0.488763 -0.628441  0.542978 0.062780 0
dd_c
0  -0.785697 0.730952 0.742364  -0.605122 0.488763 -0.628441  0.542978 0.062780 0
0  -0.228848 0.738773 0.682704  -0.426195 0.903788 -0.039059  0.500628 0.036867 0
0  -0.512623 0.512874 0.682308  -0.780137 0.624337 -0.039867  0.533515 0.029202 0
dd_c
0  -0.785697 0.730952 0.742364  -0.605122 0.488763 -0.628441  0.542978 0.062780 0
0  -0.512623 0.512874 0.682308  -0.780137 0.624337 -0.039867  0.533515 0.029202 0
0  -1.009857 0.265103 0.742042  -0.753210 0.173721 -0.634425  0.587466 0.049021 0
dd_c
0  -1.009857 0.265103 0.742042  -0.753210 0.173721 -0.634425  0.587466 0.049021 0
0  -0.512623 0.512874 0.682308  -0.780137 0.624337 -0.039867  0.533515 0.029202 0
0  -0.669408 0.187308 0.682308  -0.972273 0.230373 -0.040159  0.566004 0.015223 0
dd_c
0  0.924317 0.737784 2.258287  0.776206 0.628222 0.053302  0.393822 0.181042 0
0  1.263700 0.265992 1.155034  0.967238 0.199329 -0.157224  0.352531 0.094182 0
0  1.038008 0.732639 0.993859  0.782118 0.559132 -0.275068  0.392281 0.083286 0
dd_c
0  0.924317 0.737784 2.258287  0.776206 0.628222 0.053302  0.393822 0.181042 0
0  1.038008 0.732639 0.993859  0.782118 0.559132 -0.275068  0.392281 0.083286 0
0  0.516481 1.062806 2.257480  0.426534 0.903735 0.036498  0.434935 0.182314 0
dd_c
0  0.516481 1.062806 2.257480  0.426534 0.903735 0.036498  0.434935 0.182314 0
0  1.038008 0.732639 0.993859  0.782118 0.559132 -0.275068  0.392281 0.083286 0
0  0.631013 1.055220 0.842080  0.432906 0.775484 -0.459584  0.431075 0.074701 0
dd_c
0  0.516481 1.062806 2.257480  0.426534 0.903735 0.036498  0.434935 0.182314 0
0  0.631013 1.055220 0.842080  0.432906 0.775484 -0.459584  0.431075 0.074701 0
0  0.007994 1.178717 2.256710  -0.007247 0.999750 0.021179  0.476454 0.183510 0
dd_c
0  0.007994 1.178717 2.256710  -0.007247 0.999750 0.021179  0.476454 0.183510 0
0  0.631013 1.055220 0.842080  0.432906 0.775484 -0.459584  0.431075 0.074701 0
0  0.124143 1.169601 0.765304  0.032036 0.811517 -0.583449  0.468167 0.071165 0
dd_c
0  0.007994 1.178717 2.256710  -0.007247 0.999750 0.021179  0.476454 0.183510 0
0  0.124143 1.169601 0.765304  0.032036 0.811517 -0.583449  0.468167 0.071165 0
0  -0.500478 1.062534 2.256015  -0.439391 0.898258 0.008202  0.518259 0.184328 0
dd_c
0  -0.500478 1.062534 2.256015  -0.439391 0.898258 0.008202  0.518259 0.184328 0
0  0.124143 1.169601 0.765304  0.032036 0.811517 -0.583449  0.468167 0.071165 0
0  -0.381256 1.053694 0.742896  -0.328232 0.712837 -0.619780  0.504516 0.068156 0
dd_c
0  -0.500478 1.062534 2.256015  -0.439391 0.898258 0.008202  0.518259 0.184328 0
0  -0.381256 1.053694 0.742896  -0.328232 0.712837 -0.619780  0.504516 0.068156 0
0  -0.908177 0.737271 2.255474  -0.784454 0.620184 -0.001677  0.561248 0.184723 0
dd_c
0  -0.908177 0.737271 2.255474  -0.784454 0.620184 -0.001677  0.561248 0.184723 0
0  -0.381256 1.053694 0.742896  -0.328232 0.712837 -0.619780  0.504516 0.068156 0
0  -0.785697 0.730952 0.742364  -0.605122 0.488763 -0.628441  0.542978 0.062780 0
dd_c
0  -0.908177 0.737271 2.255474  -0.784454 0.620184 -0.001677  0.561248 0.184723 0
0  -0.785697 0.730952 0.742364  -0.605122 0.488763 -0.628441  0.542978 0.062780 0
0  -1.134398 0.267382 2.255177  -0.975206 0.221184 -0.007074  0.605978 0.184901 0
dd_c
0  -1.134398 0.267382 2.255177  -0.975206 0.221184 -0.007074  0.605978 0.184901 0
0  -0.794156 0.675609 4.289395  -0.778771 0.627216 0.010763  0.539929 0.372262 0
0  -0.908177 0.737271 2.255474  -0.784454 0.620184 -0.001677  0.561248 0.184723 0
dd_c
0  -1.001425 0.245408 4.288997  -0.974510 0.224310 0.004045  0.578322 0.375254 0
0  -0.794156 0.675609 4.289395  -0.778771 0.627216 0.010763  0.539929 0.372262 0
0  -1.134398 0.267382 2.255177  -0.975206 0.221184 -0.007074  0.605978 0.184901 0
dd_c
0  -1.001425 0.245408 4.288997  -0.974510 0.224310 0.004045  0.578322 0.375254 0
0  -0.927067 0.643878 6.309974  -0.778621 0.623241 -0.072939  0.539262 0.563177 0
0  -0.794156 0.675609 4.289395  -0.778771 0.627216 0.010763  0.539929 0.372262 0
dd_c
0  -1.124341 0.234045 6.308909  -0.970537 0.222312 -0.092923  0.579251 0.564991 0
0  -0.927067 0.643878 6.309974  -0.778621 0.623241 -0.072939  0.539262 0.563177 0
0  -1.001425 0.245408 4.288997  -0.974510 0.224310 0.004045  0.578322 0.375254 0
dd_c
0  -1.124341 0.234045 6.308909  -0.970537 0.222312 -0.092923  0.579251 0.564991 0
0  -1.128581 0.653282 7.872245  -0.782685 0.619173 -0.063470  0.539039 0.707343 0
0  -0.927067 0.643878 6.309974  -0.778621 0.623241 -0.072939  0.539262 0.563177 0
dd_c
0  -1.328736 0.237634 7.871105  -0.970603 0.224628 -0.086443  0.579058 0.710806 0
0  -1.128581 0.653282 7.872245  -0.782685 0.619173 -0.063470  0.539039 0.707343 0
0  -1.124341 0.234045 6.308909  -0.970537 0.222312 -0.092923  0.579251 0.564991 0
dd_c
0  -1.328736 0.237634 7.871105  -0.970603 0.224628 -0.086443  0.579058 0.710806 0
0  -1.153039 0.651800 8.689633  -0.773364 0.633095 0.033140  0.531767 0.780771 0
0  -1.128581 0.653282 7.872245  -0.782685 0.619173 -0.063470  0.539039 0.707343 0
dd_c
0  -1.373871 0.237674 8.665414  -0.969453 0.245081 0.009865  0.572922 0.784443 0
0  -1.153039 0.651800 8.689633  -0.773364 0.633095 0.033140  0.531767 0.780771 0
0  -1.328736 0.237634 7.871105  -0.970603 0.224628 -0.086443  0.579058 0.710806 0
dd_c
0  -1.134398 0.267382 2.255177  -0.975206 0.221184 -0.007074  0.605978 0.184901 0
0  -0.785697 0.730952 0.742364  -0.605122 0.488763 -0.628441  0.542978 0.062780 0
0  -1.009857 0.265103 0.742042  -0.753210 0.173721 -0.634425  0.587466 0.049021 0
dd_c
0  -0.669408 0.187308 0.682308  -0.976403 0.212021 -0.041041  0.879678 0.317492 0
0  -1.147756 0.296488 0.563081  -0.530185 0.120844 0.839226  0.910607 0.300959 0
0  -0.669408 -0.174042 0.682308  -0.974028 -0.222800 -0.040359  0.886285 0.337965 0
dd_c
0  -0.669408 -0.174042 0.682308  -0.974028 -0.222800 -0.040359  0.886285 0.337965 0
0  -1.147756 0.296488 0.563081  -0.530185 0.120844 0.839226  0.910607 0.300959 0
0  -1.147756 -0.283221 0.563081  -0.530147 -0.121003 0.839228  0.918567 0.333635 0
dd_c
0  -0.669408 -0.174042 0.682308  -0.974028 -0.222800 -0.040359  0.886285 0.337965 0
0  -1.147756 -0.283221 0.563081  -0.530147 -0.121003 0.839228  0.918567 0.333635 0
0  -0.512623 -0.499606 0.682308  -0.781103 -0.623142 -0.039659  0.886349 0.359182 0
dd_c
0  -0.512623 -0.499606 0.682308  -0.781103 -0.623142 -0.039659  0.886349 0.359182 0
0  -1.147756 -0.283221 0.563081  -0.530147 -0.121003 0.839228  0.918567 0.333635 0
0  -0.896229 -0.805522 0.563081  -0.425235 -0.339034 0.839185  0.917740 0.364463 0
dd_c
0  -0.512623 -0.499606 0.682308  -0.781103 -0.623142 -0.039659  0.886349 0.359182 0
0  -0.896229 -0.805522 0.563081  -0.425235 -0.339034 0.839185  0.917740 0.364463 0
0  -0.228848 -0.725507 0.682704  -0.400433 -0.915788 -0.031387  0.880364 0.379406 0
dd_c
0  -0.228848 -0.725507 0.682704  -0.400433 -0.915788 -0.031387  0.880364 0.379406 0
0  -0.896229 -0.805522 0.563081  -0.425235 -0.339034 0.839185  0.917740 0.364463 0
0  -0.442993 -1.166965 0.563081  -0.236622 -0.490364 0.838781  0.908721 0.393285 0
dd_c
0  -0.228848 -0.725507 0.682704  -0.400433 -0.915788 -0.031387  0.880364 0.379406 0
0  -0.442993 -1.166965 0.563081  -0.236622 -0.490364 0.838781  0.908721 0.393285 0
0  0.127566 -0.805076 0.685143  0.083513 -0.996285 0.021009  0.868961 0.397044 0
dd_c
0  0.127566 -0.805076 0.685143  0.083513 -0.996285 0.021009  0.868961 0.397044 0
0  -0.442993 -1.166965 0.563081  -0.236622 -0.490364 0.838781  0.908721 0.393285 0
0  0.122181 -1.295963 0.563081  -0.002378 -0.547860 0.836567  0.892149 0.418252 0
dd_c
0  0.127566 -0.805076 0.685143  0.083513 -0.996285 0.021009  0.868961 0.397044 0
0  0.122181 -1.295963 0.563081  -0.002378 -0.547860 0.836567  0.892149 0.418252 0
0  0.611197 -0.720140 0.690969  0.557637 -0.807125 0.193883  0.853116 0.410713 0
dd_c
0  0.611197 -0.720140 0.690969  0.557637 -0.807125 0.193883  0.853116 0.410713 0
0  0.122181 -1.295963 0.563081  -0.002378 -0.547860 0.836567  0.892149 0.418252 0
0  0.687356 -1.166965 0.563081  0.238751 -0.507329 0.828019  0.869343 0.437481 0
dd_c
0  0.611197 -0.720140 0.690969  0.557637 -0.807125 0.193883  0.853116 0.410713 0
0  0.687356 -1.166965 0.563081  0.238751 -0.507329 0.828019  0.869343 0.437481 0
0  0.889396 -0.492189 0.697721  0.788516 -0.517165 0.332842  0.834137 0.419346 0
dd_c
0  0.889396 -0.492189 0.697721  0.788516 -0.517165 0.332842  0.834137 0.419346 0
0  0.687356 -1.166965 0.563081  0.238751 -0.507329 0.828019  0.869343 0.437481 0
0  1.140592 -0.805523 0.563081  0.448435 -0.363058 0.816759  0.842159 0.449485 0
dd_c
0  0.889396 -0.492189 0.697721  0.788516 -0.517165 0.332842  0.834137 0.419346 0
0  1.140592 -0.805523 0.563081  0.448435 -0.363058 0.816759  0.842159 0.449485 0
0  1.040906 -0.170437 0.701773  0.898213 -0.190869 0.395958  0.813572 0.422289 0
dd_c
0  1.040906 -0.170437 0.701773  0.898213 -0.190869 0.395958  0.813572 0.422289 0
0  1.140592 -0.805523 0.563081  0.448435 -0.363058 0.816759  0.842159 0.449485 0
0  1.392119 -0.283221 0.563081  0.572521 -0.132262 0.809152  0.812805 0.453355 0
dd_c
0  1.040906 -0.170437 0.701773  0.898213 -0.190869 0.395958  0.813572 0.422289 0
0  1.392119 -0.283221 0.563081  0.572521 -0.132262 0.809152  0.812805 0.453355 0
0  1.040906 0.183704 0.701773  0.911273 0.163933 0.377766  0.793082 0.419346 0
dd_c
0  1.040906 0.183704 0.701773  0.911273 0.163933 0.377766  0.793082 0.419346 0
0  1.392119 -0.283221 0.563081  0.572521 -0.132262 0.809152  0.812805 0.453355 0
0  1.392119 0.296489 0.563081  0.571664 0.132771 0.809674  0.783652 0.448836 0
dd_c
0  1.040906 0.183704 0.701773  0.911273 0.163933 0.377766  0.793082 0.419346 0
0  1.392119 0.296489 0.563081  0.571664 0.132771 0.809674  0.783652 0.448836 0
0  0.889396 0.505456 0.697722  0.806248 0.523121 0.276241  0.774313 0.410796 0
dd_c
0  0.889396 0.505456 0.697722  0.806248 0.523121 0.276241  0.774313 0.410796 0
0  1.392119 0.296489 0.563081  0.571664 0.132771 0.809674  0.783652 0.448836 0
0  1.140592 0.818789 0.563081  0.446446 0.362349 0.818162  0.757040 0.436348 0
dd_c
0  0.889396 0.505456 0.697722  0.806248 0.523121 0.276241  0.774313 0.410796 0
0  1.140592 0.818789 0.563081  0.446446 0.362349 0.818162  0.757040 0.436348 0
0  0.611196 0.733408 0.690969  0.525308 0.844385 0.105197  0.758763 0.397364 0
dd_c
0  -1.147756 0.296488 0.563081  -0.530185 0.120844 0.839226  0.910607 0.300959 0
0  -1.305457 0.332483 0.382173  -0.921439 0.210151 0.326784  0.923058 0.296346 0
0  -1.147756 -0.283221 0.563081  -0.530147 -0.121003 0.839228  0.918567 0.333635 0
dd_c
0  -1.147756 -0.283221 0.563081  -0.530147 -0.121003 0.839228  0.918567 0.333635 0
0  -1.305457 0.332483 0.382173  -0.921439 0.210151 0.326784  0.923058 0.296346 0
0  -1.305457 -0.319215 0.382173  -0.921399 -0.210303 0.326798  0.930353 0.332390 0
dd_c
0  -1.147756 -0.283221 0.563081  -0.530147 -0.121003 0.839228  0.918567 0.333635 0
0  -1.305457 -0.319215 0.382173  -0.921399 -0.210303 0.326798  0.930353 0.332390 0
0  -0.896229 -0.805522 0.563081  -0.425235 -0.339034 0.839185  0.917740 0.364463 0
dd_c
0  -0.896229 -0.805522 0.563081  -0.425235 -0.339034 0.839185  0.917740 0.364463 0
0  -1.305457 -0.319215 0.382173  -0.921399 -0.210303 0.326798  0.930353 0.332390 0
0  -1.022695 -0.906375 0.382173  -0.738905 -0.589256 0.326798  0.929095 0.366262 0
dd_c
0  -0.896229 -0.805522 0.563081  -0.425235 -0.339034 0.839185  0.917740 0.364463 0
0  -1.022695 -0.906375 0.382173  -0.738905 -0.589256 0.326798  0.929095 0.366262 0
0  -0.442993 -1.166965 0.563081  -0.236622 -0.490364 0.838781  0.908721 0.393285 0
dd_c
0  -0.442993 -1.166965 0.563081  -0.236622 -0.490364 0.838781  0.908721 0.393285 0
0  -1.022695 -0.906375 0.382173  -0.738905 -0.589256 0.326798  0.929095 0.366262 0
0  -0.513178 -1.312702 0.382173  -0.410062 -0.851499 0.326799  0.919046 0.398091 0
dd_c
0  -0.442993 -1.166965 0.563081  -0.236622 -0.490364 0.838781  0.908721 0.393285 0
0  -0.513178 -1.312702 0.382173  -0.410062 -0.851499 0.326799  0.919046 0.398091 0
0  0.122181 -1.295963 0.563081  -0.002378 -0.547860 0.836567  0.892149 0.418252 0
dd_c
0  1.267058 0.919643 0.382173  0.738904 0.589256 0.326798  0.751015 0.445707 0
0  1.540019 0.330246 0.048867  0.729263 0.166351 -0.663704  0.776103 0.474781 0
0  1.259199 0.913375 0.048867  0.579334 0.461960 -0.671539  0.742548 0.459050 0
dd_c
0  1.549819 0.332483 0.382173  0.921399 0.210303 0.326798  0.780492 0.459547 0
0  1.540019 0.330246 0.048867  0.729263 0.166351 -0.663704  0.776103 0.474781 0
0  1.267058 0.919643 0.382173  0.738904 0.589256 0.326798  0.751015 0.445707 0
dd_c
0  1.549819 0.332483 0.382173  0.921399 0.210303 0.326798  0.780492 0.459547 0
0  1.540019 -0.316979 0.048867  0.728159 -0.166610 -0.664850  0.812851 0.480470 0
0  1.540019 0.330246 0.048867  0.729263 0.166351 -0.663704  0.776103 0.474781 0
dd_c
0  1.549819 -0.319215 0.382173  0.921399 -0.210303 0.326798  0.812782 0.464562 0
0  1.540019 -0.316979 0.048867  0.728159 -0.166610 -0.664850  0.812851 0.480470 0
0  1.549819 0.332483 0.382173  0.921399 0.210303 0.326798  0.780492 0.459547 0
dd_c
0  1.549819 -0.319215 0.382173  0.921399 -0.210303 0.326798  0.812782 0.464562 0
0  1.259199 -0.900108 0.048867  0.585585 -0.464997 -0.663979  0.849848 0.475589 0
0  1.540019 -0.316979 0.048867  0.728159 -0.166610 -0.664850  0.812851 0.480470 0
dd_c
0  1.267058 -0.906375 0.382173  0.738905 -0.589257 0.326798  0.845297 0.460286 0
0  1.259199 -0.900108 0.048867  0.585585 -0.464997 -0.663979  0.849848 0.475589 0
0  1.549819 -0.319215 0.382173  0.921399 -0.210303 0.326798  0.812782 0.464562 0
dd_c
0  1.267058 -0.906375 0.382173  0.738905 -0.589257 0.326798  0.845297 0.460286 0
0  0.753179 -1.303646 0.048867  0.326014 -0.675934 -0.660930  0.884107 0.460458 0
0  1.259199 -0.900108 0.048867  0.585585 -0.464997 -0.663979  0.849848 0.475589 0
dd_c
0  0.757540 -1.312702 0.382173  0.410061 -0.851500 0.326799  0.875410 0.447001 0
0  0.753179 -1.303646 0.048867  0.326014 -0.675934 -0.660930  0.884107 0.460458 0
0  1.267058 -0.906375 0.382173  0.738905 -0.589257 0.326798  0.845297 0.460286 0
dd_c
0  0.757540 -1.312702 0.382173  0.410061 -0.851500 0.326799  0.875410 0.447001 0
0  0.122181 -1.447667 0.048867  -0.001009 -0.749538 -0.661961  0.912842 0.436231 0
0  0.753179 -1.303646 0.048867  0.326014 -0.675934 -0.660930  0.884107 0.460458 0
dd_c
0  0.122181 -1.457719 0.382173  -0.000000 -0.945094 0.326798  0.900677 0.425716 0
0  0.122181 -1.447667 0.048867  -0.001009 -0.749538 -0.661961  0.912842 0.436231 0
0  0.757540 -1.312702 0.382173  0.410061 -0.851500 0.326799  0.875410 0.447001 0
dd_c
0  0.122181 -1.457719 0.382173  -0.000000 -0.945094 0.326798  0.900677 0.425716 0
0  -0.508816 -1.303646 0.048867  -0.325353 -0.674815 -0.662397  0.933708 0.404818 0
0  0.122181 -1.447667 0.048867  -0.001009 -0.749538 -0.661961  0.912842 0.436231 0
dd_c
0  -0.513178 -1.312702 0.382173  -0.410062 -0.851499 0.326799  0.919046 0.398091 0
0  -0.508816 -1.303646 0.048867  -0.325353 -0.674815 -0.662397  0.933708 0.404818 0
0  0.122181 -1.457719 0.382173  -0.000000 -0.945094 0.326798  0.900677 0.425716 0
dd_c
0  -0.513178 -1.312702 0.382173  -0.410062 -0.851499 0.326799  0.919046 0.398091 0
0  -1.014836 -0.900108 0.048867  -0.579334 -0.461959 -0.671540  0.945063 0.368752 0
0  -0.508816 -1.303646 0.048867  -0.325353 -0.674815 -0.662397  0.933708 0.404818 0
dd_c
0  -1.022695 -0.906375 0.382173  -0.738905 -0.589256 0.326798  0.929095 0.366262 0
0  -1.014836 -0.900108 0.048867  -0.579334 -0.461959 -0.671540  0.945063 0.368752 0
0  -0.513178 -1.312702 0.382173  -0.410062 -0.851499 0.326799  0.919046 0.398091 0
dd_c
0  -1.022695 -0.906375 0.382173  -0.738905 -0.589256 0.326798  0.929095 0.366262 0
0  -1.295656 -0.316979 0.048867  -0.729262 -0.166353 -0.663704  0.946393 0.330986 0
0  -1.014836 -0.900108 0.048867  -0.579334 -0.461959 -0.671540  0.945063 0.368752 0
dd_c
0  -1.305457 -0.319215 0.382173  -0.921399 -0.210303 0.326798  0.930353 0.332390 0
0  -1.295656 -0.316979 0.048867  -0.729262 -0.166353 -0.663704  0.946393 0.330986 0
0  -1.022695 -0.906375 0.382173  -0.738905 -0.589256 0.326798  0.929095 0.366262 0
dd_c
0  -1.305457 -0.319215 0.382173  -0.921399 -0.210303 0.326798  0.930353 0.332390 0
0  -1.295656 0.330246 0.048867  -0.728147 0.166622 -0.664861  0.939746 0.293395 0
0  -1.295656 -0.316979 0.048867  -0.729262 -0.166353 -0.663704  0.946393 0.330986 0
dd_c
0  -1.305457 0.332483 0.382173  -0.921439 0.210151 0.326784  0.923058 0.296346 0
0  -1.295656 0.330246 0.048867  -0.728147 0.166622 -0.664861  0.939746 0.293395 0
0  -1.305457 -0.319215 0.382173  -0.921399 -0.210303 0.326798  0.930353 0.332390 0
dd_c
0  0.122181 -1.295963 0.563081  -0.002378 -0.547860 0.836567  0.892149 0.418252 0
0  -0.513178 -1.312702 0.382173  -0.410062 -0.851499 0.326799  0.919046 0.398091 0
0  0.122181 -1.457719 0.382173  -0.000000 -0.945094 0.326798  0.900677 0.425716 0
dd_c
0  0.122181 -1.295963 0.563081  -0.002378 -0.547860 0.836567  0.892149 0.418252 0
0  0.122181 -1.457719 0.382173  -0.000000 -0.945094 0.326798  0.900677 0.425716 0
0  0.687356 -1.166965 0.563081  0.238751 -0.507329 0.828019  0.869343 0.437481 0
dd_c
0  0.687356 -1.166965 0.563081  0.238751 -0.507329 0.828019  0.869343 0.437481 0
0  0.122181 -1.457719 0.382173  -0.000000 -0.945094 0.326798  0.900677 0.425716 0
0  0.757540 -1.312702 0.382173  0.410061 -0.851500 0.326799  0.875410 0.447001 0
dd_c
0  0.687356 -1.166965 0.563081  0.238751 -0.507329 0.828019  0.869343 0.437481 0
0  0.757540 -1.312702 0.382173  0.410061 -0.851500 0.326799  0.875410 0.447001 0
0  1.140592 -0.805523 0.563081  0.448435 -0.363058 0.816759  0.842159 0.449485 0
dd_c
0  1.140592 -0.805523 0.563081  0.448435 -0.363058 0.816759  0.842159 0.449485 0
0  0.757540 -1.312702 0.382173  0.410061 -0.851500 0.326799  0.875410 0.447001 0
0  1.267058 -0.906375 0.382173  0.738905 -0.589257 0.326798  0.845297 0.460286 0
dd_c
0  1.140592 -0.805523 0.563081  0.448435 -0.363058 0.816759  0.842159 0.449485 0
0  1.267058 -0.906375 0.382173  0.738905 -0.589257 0.326798  0.845297 0.460286 0
0  1.392119 -0.283221 0.563081  0.572521 -0.132262 0.809152  0.812805 0.453355 0
dd_c
0  1.392119 -0.283221 0.563081  0.572521 -0.132262 0.809152  0.812805 0.453355 0
0  1.267058 -0.906375 0.382173  0.738905 -0.589257 0.326798  0.845297 0.460286 0
0  1.549819 -0.319215 0.382173  0.921399 -0.210303 0.326798  0.812782 0.464562 0
dd_c
0  1.392119 -0.283221 0.563081  0.572521 -0.132262 0.809152  0.812805 0.453355 0
0  1.549819 -0.319215 0.382173  0.921399 -0.210303 0.326798  0.812782 0.464562 0
0  1.392119 0.296489 0.563081  0.571664 0.132771 0.809674  0.783652 0.448836 0
dd_c
0  1.392119 0.296489 0.563081  0.571664 0.132771 0.809674  0.783652 0.448836 0
0  1.549819 -0.319215 0.382173  0.921399 -0.210303 0.326798  0.812782 0.464562 0
0  1.549819 0.332483 0.382173  0.921399 0.210303 0.326798  0.780492 0.459547 0
dd_c
0  1.392119 0.296489 0.563081  0.571664 0.132771 0.809674  0.783652 0.448836 0
0  1.549819 0.332483 0.382173  0.921399 0.210303 0.326798  0.780492 0.459547 0
0  1.140592 0.818789 0.563081  0.446446 0.362349 0.818162  0.757040 0.436348 0
dd_c
0  1.140592 0.818789 0.563081  0.446446 0.362349 0.818162  0.757040 0.436348 0
0  1.549819 0.332483 0.382173  0.921399 0.210303 0.326798  0.780492 0.459547 0
0  1.267058 0.919643 0.382173  0.738904 0.589256 0.326798  0.751015 0.445707 0
dd_c
0  1.140592 0.818789 0.563081  0.446446 0.362349 0.818162  0.757040 0.436348 0
0  1.267058 0.919643 0.382173  0.738904 0.589256 0.326798  0.751015 0.445707 0
0  0.687356 1.180232 0.563081  0.235448 0.504400 0.830750  0.735095 0.416938 0
dd_c
0  0.687356 1.180232 0.563081  0.235448 0.504400 0.830750  0.735095 0.416938 0
0  1.267058 0.919643 0.382173  0.738904 0.589256 0.326798  0.751015 0.445707 0
0  0.757539 1.325970 0.382173  0.410061 0.851500 0.326799  0.726701 0.424200 0
dd_c
0  0.687356 1.180232 0.563081  0.235448 0.504400 0.830750  0.735095 0.416938 0
0  0.757539 1.325970 0.382173  0.410061 0.851500 0.326799  0.726701 0.424200 0
0  0.122182 1.309229 0.563081  -0.000537 0.545300 0.838241  0.719571 0.392175 0
dd_c
0  0.122182 1.309229 0.563081  -0.000537 0.545300 0.838241  0.719571 0.392175 0
0  0.757539 1.325970 0.382173  0.410061 0.851500 0.326799  0.726701 0.424200 0
0  0.122182 1.470986 0.382173  0.000001 0.945094 0.326798  0.709470 0.396764 0
dd_c
0  0.122182 1.309229 0.563081  -0.000537 0.545300 0.838241  0.719571 0.392175 0
0  0.122182 1.470986 0.382173  0.000001 0.945094 0.326798  0.709470 0.396764 0
0  -0.442993 1.180232 0.563081  -0.236118 0.490075 0.839092  0.711739 0.363969 0
dd_c
0  -0.442993 1.180232 0.563081  -0.236118 0.490075 0.839092  0.711739 0.363969 0
0  0.122182 1.470986 0.382173  0.000001 0.945094 0.326798  0.709470 0.396764 0
0  -0.513178 1.325970 0.382173  -0.410060 0.851500 0.326799  0.700684 0.365513 0
dd_c
0  -0.442993 1.180232 0.563081  -0.236118 0.490075 0.839092  0.711739 0.363969 0
0  -0.513178 1.325970 0.382173  -0.410060 0.851500 0.326799  0.700684 0.365513 0
0  -0.896229 0.818789 0.563081  -0.425145 0.339041 0.839228  0.712362 0.334195 0
dd_c
0  0.611196 0.733408 0.690969  0.525308 0.844385 0.105197  0.758763 0.397364 0
0  1.140592 0.818789 0.563081  0.446446 0.362349 0.818162  0.757040 0.436348 0
0  0.687356 1.180232 0.563081  0.235448 0.504400 0.830750  0.735095 0.416938 0
dd_c
0  0.611196 0.733408 0.690969  0.525308 0.844385 0.105197  0.758763 0.397364 0
0  0.687356 1.180232 0.563081  0.235448 0.504400 0.830750  0.735095 0.416938 0
0  0.127566 0.818343 0.685143  0.021029 0.999606 -0.018605  0.747673 0.380164 0
dd_c
0  0.127566 0.818343 0.685143  0.021029 0.999606 -0.018605  0.747673 0.380164 0
0  0.687356 1.180232 0.563081  0.235448 0.504400 0.830750  0.735095 0.416938 0
0  0.122182 1.309229 0.563081  -0.000537 0.545300 0.838241  0.719571 0.392175 0
dd_c
0  0.127566 0.818343 0.685143  0.021029 0.999606 -0.018605  0.747673 0.380164 0
0  0.122182 1.309229 0.563081  -0.000537 0.545300 0.838241  0.719571 0.392175 0
0  -0.228848 0.738773 0.682704  -0.426214 0.903779 -0.039050  0.741964 0.360601 0
dd_c
0  -0.228848 0.738773 0.682704  -0.426214 0.903779 -0.039050  0.741964 0.360601 0
0  0.122182 1.309229 0.563081  -0.000537 0.545300 0.838241  0.719571 0.392175 0
0  -0.442993 1.180232 0.563081  -0.236118 0.490075 0.839092  0.711739 0.363969 0
dd_c
0  -0.228848 0.738773 0.682704  -0.426214 0.903779 -0.039050  0.741964 0.360601 0
0  -0.442993 1.180232 0.563081  -0.236118 0.490075 0.839092  0.711739 0.363969 0
0  -0.512623 0.512874 0.682308  -0.780113 0.624367 -0.039875  0.742307 0.340293 0
dd_c
0  -0.512623 0.512874 0.682308  -0.780113 0.624367 -0.039875  0.742307 0.340293 0
0  -0.442993 1.180232 0.563081  -0.236118 0.490075 0.839092  0.711739 0.363969 0
0  -0.896229 0.818789 0.563081  -0.425145 0.339041 0.839228  0.712362 0.334195 0
dd_c
0  -0.512623 0.512874 0.682308  -0.780113 0.624367 -0.039875  0.742307 0.340293 0
0  -0.896229 0.818789 0.563081  -0.425145 0.339041 0.839228  0.712362 0.334195 0
0  -0.669408 0.187308 0.682308  -0.974140 0.222292 -0.040472  0.749582 0.321278 0
dd_c
0  -0.669408 0.187308 0.682308  -0.974140 0.222292 -0.040472  0.749582 0.321278 0
0  -0.896229 0.818789 0.563081  -0.425145 0.339041 0.839228  0.712362 0.334195 0
0  -1.147756 0.296488 0.563081  -0.530119 0.121138 0.839225  0.722318 0.303462 0
dd_c
0  -0.896229 0.818789 0.563081  -0.425145 0.339041 0.839228  0.712362 0.334195 0
0  -1.022695 0.919643 0.382173  -0.738904 0.589257 0.326798  0.701103 0.332557 0
0  -1.147756 0.296488 0.563081  -0.530119 0.121138 0.839225  0.722318 0.303462 0
dd_c
0  -0.896229 0.818789 0.563081  -0.425145 0.339041 0.839228  0.712362 0.334195 0
0  -0.513178 1.325970 0.382173  -0.410060 0.851500 0.326799  0.700684 0.365513 0
0  -1.022695 0.919643 0.382173  -0.738904 0.589257 0.326798  0.701103 0.332557 0
dd_c
0  -0.513178 1.325970 0.382173  -0.410060 0.851500 0.326799  0.700684 0.365513 0
0  -0.508816 1.316913 0.048867  -0.326015 0.675934 -0.660930  0.685001 0.367911 0
0  -1.022695 0.919643 0.382173  -0.738904 0.589257 0.326798  0.701103 0.332557 0
dd_c
0  -0.513178 1.325970 0.382173  -0.410060 0.851500 0.326799  0.700684 0.365513 0
0  0.122182 1.460933 0.048867  0.001009 0.749537 -0.661961  0.695172 0.403407 0
0  -0.508816 1.316913 0.048867  -0.326015 0.675934 -0.660930  0.685001 0.367911 0
dd_c
0  0.122182 1.470986 0.382173  0.000001 0.945094 0.326798  0.709470 0.396764 0
0  0.122182 1.460933 0.048867  0.001009 0.749537 -0.661961  0.695172 0.403407 0
0  -0.513178 1.325970 0.382173  -0.410060 0.851500 0.326799  0.700684 0.365513 0
dd_c
0  0.122182 1.470986 0.382173  0.000001 0.945094 0.326798  0.709470 0.396764 0
0  0.753178 1.316913 0.048867  0.325352 0.674816 -0.662397  0.714850 0.434598 0
0  0.122182 1.460933 0.048867  0.001009 0.749537 -0.661961  0.695172 0.403407 0
dd_c
0  0.757539 1.325970 0.382173  0.410061 0.851500 0.326799  0.726701 0.424200 0
0  0.753178 1.316913 0.048867  0.325352 0.674816 -0.662397  0.714850 0.434598 0
0  0.122182 1.470986 0.382173  0.000001 0.945094 0.326798  0.709470 0.396764 0
dd_c
0  0.757539 1.325970 0.382173  0.410061 0.851500 0.326799  0.726701 0.424200 0
0  1.259199 0.913375 0.048867  0.579334 0.461960 -0.671539  0.742548 0.459050 0
0  0.753178 1.316913 0.048867  0.325352 0.674816 -0.662397  0.714850 0.434598 0
dd_c
0  1.267058 0.919643 0.382173  0.738904 0.589256 0.326798  0.751015 0.445707 0
0  1.259199 0.913375 0.048867  0.579334 0.461960 -0.671539  0.742548 0.459050 0
0  0.757539 1.325970 0.382173  0.410061 0.851500 0.326799  0.726701 0.424200 0
dd_c
0  -1.147756 0.296488 0.563081  -0.530119 0.121138 0.839225  0.722318 0.303462 0
0  -1.022695 0.919643 0.382173  -0.738904 0.589257 0.326798  0.701103 0.332557 0
0  -1.305457 0.332483 0.382173  -0.921359 0.210462 0.326807  0.710931 0.297915 0
dd_c
0  -1.022695 0.919643 0.382173  -0.738904 0.589257 0.326798  0.701103 0.332557 0
0  -1.014836 0.913375 0.048867  -0.585586 0.464996 -0.663979  0.684933 0.330671 0
0  -1.305457 0.332483 0.382173  -0.921359 0.210462 0.326807  0.710931 0.297915 0
dd_c
0  -1.022695 0.919643 0.382173  -0.738904 0.589257 0.326798  0.701103 0.332557 0
0  -0.508816 1.316913 0.048867  -0.326015 0.675934 -0.660930  0.685001 0.367911 0
0  -1.014836 0.913375 0.048867  -0.585586 0.464996 -0.663979  0.684933 0.330671 0
dd_c
0  -1.305457 0.332483 0.382173  -0.921359 0.210462 0.326807  0.710931 0.297915 0
0  -1.014836 0.913375 0.048867  -0.585586 0.464996 -0.663979  0.684933 0.330671 0
0  -1.295656 0.330246 0.048867  -0.728158 0.166613 -0.664850  0.694051 0.293395 0
end
