version 1
nodes
0 "blender_implicit" -1
1 "Bone" -1
2 "Bone.001" 1
3 "Bone.002" 2
4 "Bone.003" 3
5 "Bone.004" 4
end
skeleton
time 0
0  0 0 0  0 0 0
1  0.001589 0.000000 0.004342  1.570797 0.020470 0.000000
2  -0.000000 0.053379 -0.000000  -0.094071 1.570796 0.000000
3  -0.000000 0.042279 -0.000000  0.042634 3.141592 -0.000000
4  -0.000000 0.038233 -0.000000  0.016566 -3.141591 0.000000
5  0.000000 0.038811 -0.000000  -0.164794 3.141589 -0.000000
end
triangles
dd_c
0  0.008438 -0.003580 0.195560  0.890087 -0.139362 0.433962  0.804048 0.085646 2 4 0.067572 5 0.932428
0  0.004205 -0.010280 0.199641  0.796806 -0.402327 0.450814  0.779205 0.106581 1 5 1.000000
0  0.011888 -0.004385 0.188478  0.934046 -0.197879 0.297326  0.802015 0.055016 2 4 0.144195 5 0.855805
dd_c
0  0.008438 -0.003580 0.195560  0.890087 -0.139362 0.433962  0.804048 0.085646 2 4 0.067572 5 0.932428
0  0.001599 -0.007494 0.207003  0.781289 -0.320802 0.535419  0.790695 0.132584 1 5 1.000000
0  0.004205 -0.010280 0.199641  0.796806 -0.402327 0.450814  0.779205 0.106581 1 5 1.000000
dd_c
0  0.001599 -0.007494 0.207003  0.781289 -0.320802 0.535419  0.790695 0.132584 1 5 1.000000
0  -0.002398 -0.010990 0.209360  0.511017 -0.561888 0.650494  0.778857 0.145763 1 5 1.000000
0  0.004205 -0.010280 0.199641  0.796806 -0.402327 0.450814  0.779205 0.106581 1 5 1.000000
dd_c
0  -0.002398 -0.010990 0.209360  0.511017 -0.561888 0.650494  0.778857 0.145763 1 5 1.000000
0  0.001599 -0.007494 0.207003  0.781289 -0.320802 0.535419  0.790695 0.132584 1 5 1.000000
0  -0.001683 -0.007457 0.210891  0.548428 -0.302209 0.779677  0.790208 0.148054 1 5 1.000000
dd_c
0  -0.007422 -0.007478 0.212875  0.120587 -0.317607 0.940524  0.786039 0.166624 1 5 1.000000
0  -0.002398 -0.010990 0.209360  0.511017 -0.561888 0.650494  0.778857 0.145763 1 5 1.000000
0  -0.001683 -0.007457 0.210891  0.548428 -0.302209 0.779677  0.790208 0.148054 1 5 1.000000
dd_c
0  -0.007422 -0.007478 0.212875  0.120587 -0.317607 0.940524  0.786039 0.166624 1 5 1.000000
0  -0.001683 -0.007457 0.210891  0.548428 -0.302209 0.779677  0.790208 0.148054 1 5 1.000000
0  -0.007418 -0.002590 0.214284  0.103593 -0.128003 0.986349  0.803650 0.172376 1 5 1.000000
dd_c
0  -0.012584 -0.002573 0.213400  -0.305321 -0.107523 0.946160  0.798441 0.195485 1 5 1.000000
0  -0.007422 -0.007478 0.212875  0.120587 -0.317607 0.940524  0.786039 0.166624 1 5 1.000000
0  -0.007418 -0.002590 0.214284  0.103593 -0.128003 0.986349  0.803650 0.172376 1 5 1.000000
dd_c
0  -0.012584 -0.002573 0.213400  -0.305321 -0.107523 0.946160  0.798441 0.195485 1 5 1.000000
0  -0.007418 -0.002590 0.214284  0.103593 -0.128003 0.986349  0.803650 0.172376 1 5 1.000000
0  -0.012584 0.002838 0.213400  -0.309929 0.088848 0.946599  0.827561 0.195485 1 5 1.000000
dd_c
0  -0.019208 0.002876 0.210024  -0.655385 0.129215 0.744160  0.827561 0.234701 1 5 1.000000
0  -0.012584 -0.002573 0.213400  -0.305321 -0.107523 0.946160  0.798441 0.195485 1 5 1.000000
0  -0.012584 0.002838 0.213400  -0.309929 0.088848 0.946599  0.827561 0.195485 1 5 1.000000
dd_c
0  -0.019208 -0.002610 0.210024  -0.651805 -0.132452 0.746730  0.798441 0.234701 1 5 1.000000
0  -0.012584 -0.002573 0.213400  -0.305321 -0.107523 0.946160  0.798441 0.195485 1 5 1.000000
0  -0.019208 0.002876 0.210024  -0.655385 0.129215 0.744160  0.827561 0.234701 1 5 1.000000
dd_c
0  -0.019208 -0.002610 0.210024  -0.651805 -0.132452 0.746730  0.798441 0.234701 1 5 1.000000
0  -0.019208 0.002876 0.210024  -0.655385 0.129215 0.744160  0.827561 0.234701 1 5 1.000000
0  -0.023940 -0.003626 0.203570  -0.819499 -0.182104 0.543379  0.793043 0.277957 1 5 1.000000
dd_c
0  -0.023940 -0.003626 0.203570  -0.819499 -0.182104 0.543379  0.793043 0.277957 1 5 1.000000
0  -0.019208 0.002876 0.210024  -0.655385 0.129215 0.744160  0.827561 0.234701 1 5 1.000000
0  -0.023940 0.003891 0.203570  -0.819534 0.181894 0.543395  0.832958 0.277957 1 5 1.000000
dd_c
0  -0.023940 -0.003626 0.203570  -0.819499 -0.182104 0.543379  0.793043 0.277957 1 5 1.000000
0  -0.023940 0.003891 0.203570  -0.819534 0.181894 0.543395  0.832958 0.277957 1 5 1.000000
0  -0.027008 -0.004410 0.198033  -0.921836 -0.221505 0.318047  0.788884 0.311959 2 4 0.085698 5 0.914302
dd_c
0  -0.027008 -0.004410 0.198033  -0.921836 -0.221505 0.318047  0.788884 0.311959 2 4 0.085698 5 0.914302
0  -0.023940 0.003891 0.203570  -0.819534 0.181894 0.543395  0.832958 0.277957 1 5 1.000000
0  -0.027008 0.004676 0.198033  -0.921897 0.220748 0.318397  0.837118 0.311959 2 4 0.086322 5 0.913678
dd_c
0  -0.027008 -0.004410 0.198033  -0.921836 -0.221505 0.318047  0.788884 0.311959 2 4 0.085698 5 0.914302
0  -0.027008 0.004676 0.198033  -0.921897 0.220748 0.318397  0.837118 0.311959 2 4 0.086322 5 0.913678
0  -0.027915 -0.004703 0.192042  -0.952416 -0.264686 -0.151148  0.787490 0.343033 2 4 0.149446 5 0.850554
dd_c
0  -0.027915 -0.004703 0.192042  -0.952416 -0.264686 -0.151148  0.787490 0.343033 2 4 0.149446 5 0.850554
0  -0.027008 0.004676 0.198033  -0.921897 0.220748 0.318397  0.837118 0.311959 2 4 0.086322 5 0.913678
0  -0.027915 0.004969 0.192042  -0.954635 0.258887 -0.147138  0.838511 0.343033 2 4 0.150184 5 0.849816
dd_c
0  -0.027915 -0.004703 0.192042  -0.952416 -0.264686 -0.151148  0.787490 0.343033 2 4 0.149446 5 0.850554
0  -0.027915 0.004969 0.192042  -0.954635 0.258887 -0.147138  0.838511 0.343033 2 4 0.150184 5 0.849816
0  -0.026475 -0.004064 0.188790  -0.948634 -0.257741 -0.183475  0.791016 0.362722 2 4 0.211372 5 0.788628
dd_c
0  -0.026475 -0.004064 0.188790  -0.948634 -0.257741 -0.183475  0.791016 0.362722 2 4 0.211372 5 0.788628
0  -0.027915 0.004969 0.192042  -0.954635 0.258887 -0.147138  0.838511 0.343033 2 4 0.150184 5 0.849816
0  -0.026475 0.004329 0.188790  -0.947358 0.256218 -0.192000  0.834985 0.362722 2 4 0.213444 5 0.786556
dd_c
0  -0.019208 0.002876 0.210024  -0.655382 0.129504 0.744113  0.852871 0.225189 1 5 1.000000
0  -0.016518 0.007792 0.210574  -0.559604 0.351902 0.750339  0.859422 0.199019 1 5 1.000000
0  -0.023940 0.003891 0.203570  -0.819469 0.182156 0.543405  0.893372 0.238570 1 5 1.000000
dd_c
0  -0.019208 0.002876 0.210024  -0.655382 0.129504 0.744113  0.852871 0.225189 1 5 1.000000
0  -0.012584 0.002838 0.213400  -0.309929 0.088848 0.946599  0.827561 0.195485 1 5 1.000000
0  -0.016518 0.007792 0.210574  -0.559604 0.351902 0.750339  0.859422 0.199019 1 5 1.000000
dd_c
0  -0.016518 0.007792 0.210574  -0.559604 0.351902 0.750339  0.859422 0.199019 1 5 1.000000
0  -0.012584 0.002838 0.213400  -0.309929 0.088848 0.946599  0.827561 0.195485 1 5 1.000000
0  -0.011952 0.007704 0.212597  -0.225728 0.279455 0.933248  0.847487 0.183562 1 5 1.000000
dd_c
0  -0.012584 0.002838 0.213400  -0.309929 0.088848 0.946599  0.827561 0.195485 1 5 1.000000
0  -0.007418 0.002855 0.214284  0.123178 0.123471 0.984674  0.823860 0.173352 1 5 1.000000
0  -0.011952 0.007704 0.212597  -0.225728 0.279455 0.933248  0.847487 0.183562 1 5 1.000000
dd_c
0  -0.012584 0.002838 0.213400  -0.309929 0.088848 0.946599  0.827561 0.195485 1 5 1.000000
0  -0.007418 -0.002590 0.214284  0.103593 -0.128003 0.986349  0.803650 0.172376 1 5 1.000000
0  -0.007418 0.002855 0.214284  0.123178 0.123471 0.984674  0.823860 0.173352 1 5 1.000000
dd_c
0  -0.007418 -0.002590 0.214284  0.103593 -0.128003 0.986349  0.803650 0.172376 1 5 1.000000
0  -0.001473 -0.002563 0.211768  0.596179 -0.079200 0.798936  0.805753 0.150860 1 5 1.000000
0  -0.007418 0.002855 0.214284  0.123178 0.123471 0.984674  0.823860 0.173352 1 5 1.000000
dd_c
0  -0.007418 -0.002590 0.214284  0.103593 -0.128003 0.986349  0.803650 0.172376 1 5 1.000000
0  -0.001683 -0.007457 0.210891  0.548428 -0.302209 0.779677  0.790208 0.148054 1 5 1.000000
0  -0.001473 -0.002563 0.211768  0.596179 -0.079200 0.798936  0.805753 0.150860 1 5 1.000000
dd_c
0  -0.001683 -0.007457 0.210891  0.548428 -0.302209 0.779677  0.790208 0.148054 1 5 1.000000
0  0.001599 -0.007494 0.207003  0.781289 -0.320802 0.535419  0.790695 0.132584 1 5 1.000000
0  -0.001473 -0.002563 0.211768  0.596179 -0.079200 0.798936  0.805753 0.150860 1 5 1.000000
dd_c
0  -0.023940 0.003891 0.203570  -0.819469 0.182156 0.543405  0.893372 0.238570 1 5 1.000000
0  -0.020246 0.010627 0.204322  -0.685494 0.477844 0.549329  0.892069 0.202553 1 5 1.000000
0  -0.027008 0.004676 0.198033  -0.921820 0.221041 0.318416  0.926063 0.240911 2 4 0.086322 5 0.913678
dd_c
0  -0.023940 0.003891 0.203570  -0.819469 0.182156 0.543405  0.893372 0.238570 1 5 1.000000
0  -0.016518 0.007792 0.210574  -0.559604 0.351902 0.750339  0.859422 0.199019 1 5 1.000000
0  -0.020246 0.010627 0.204322  -0.685494 0.477844 0.549329  0.892069 0.202553 1 5 1.000000
dd_c
0  -0.016518 0.007792 0.210574  -0.559604 0.351902 0.750339  0.859422 0.199019 1 5 1.000000
0  -0.012530 0.011249 0.211136  -0.299801 0.554287 0.776457  0.860140 0.179220 1 5 1.000000
0  -0.020246 0.010627 0.204322  -0.685494 0.477844 0.549329  0.892069 0.202553 1 5 1.000000
dd_c
0  -0.016518 0.007792 0.210574  -0.559604 0.351902 0.750339  0.859422 0.199019 1 5 1.000000
0  -0.011952 0.007704 0.212597  -0.225728 0.279455 0.933248  0.847487 0.183562 1 5 1.000000
0  -0.012530 0.011249 0.211136  -0.299801 0.554287 0.776457  0.860140 0.179220 1 5 1.000000
dd_c
0  -0.011952 0.007704 0.212597  -0.225728 0.279455 0.933248  0.847487 0.183562 1 5 1.000000
0  -0.007422 0.007743 0.212875  0.138624 0.313610 0.939379  0.841530 0.168820 1 5 1.000000
0  -0.012530 0.011249 0.211136  -0.299801 0.554287 0.776457  0.860140 0.179220 1 5 1.000000
dd_c
0  -0.011952 0.007704 0.212597  -0.225728 0.279455 0.933248  0.847487 0.183562 1 5 1.000000
0  -0.007418 0.002855 0.214284  0.123178 0.123471 0.984674  0.823860 0.173352 1 5 1.000000
0  -0.007422 0.007743 0.212875  0.138624 0.313610 0.939379  0.841530 0.168820 1 5 1.000000
dd_c
0  -0.007418 0.002855 0.214284  0.123178 0.123471 0.984674  0.823860 0.173352 1 5 1.000000
0  -0.001473 0.002828 0.211768  0.590937 0.092363 0.801413  0.823291 0.151803 1 5 1.000000
0  -0.007422 0.007743 0.212875  0.138624 0.313610 0.939379  0.841530 0.168820 1 5 1.000000
dd_c
0  -0.007418 0.002855 0.214284  0.123178 0.123471 0.984674  0.823860 0.173352 1 5 1.000000
0  -0.001473 -0.002563 0.211768  0.596179 -0.079200 0.798936  0.805753 0.150860 1 5 1.000000
0  -0.001473 0.002828 0.211768  0.590937 0.092363 0.801413  0.823291 0.151803 1 5 1.000000
dd_c
0  -0.001473 -0.002563 0.211768  0.596179 -0.079200 0.798936  0.805753 0.150860 1 5 1.000000
0  0.004697 -0.002594 0.204002  0.857846 -0.116464 0.500536  0.806914 0.118900 1 5 1.000000
0  -0.001473 0.002828 0.211768  0.590937 0.092363 0.801413  0.823291 0.151803 1 5 1.000000
dd_c
0  -0.001473 -0.002563 0.211768  0.596179 -0.079200 0.798936  0.805753 0.150860 1 5 1.000000
0  0.001599 -0.007494 0.207003  0.781289 -0.320802 0.535419  0.790695 0.132584 1 5 1.000000
0  0.004697 -0.002594 0.204002  0.857846 -0.116464 0.500536  0.806914 0.118900 1 5 1.000000
dd_c
0  0.004697 -0.002594 0.204002  0.857846 -0.116464 0.500536  0.806914 0.118900 1 5 1.000000
0  0.001599 -0.007494 0.207003  0.781289 -0.320802 0.535419  0.790695 0.132584 1 5 1.000000
0  0.008438 -0.003580 0.195560  0.890087 -0.139362 0.433962  0.804048 0.085646 2 4 0.067572 5 0.932428
dd_c
0  -0.023150 0.013583 0.192962  -0.744460 0.641813 -0.184000  0.941757 0.193745 2 4 0.134753 5 0.865247
0  -0.016321 0.019513 0.193884  -0.435430 0.877540 -0.200809  0.927352 0.159874 2 4 0.119563 5 0.880437
0  -0.022046 0.011813 0.189635  -0.731226 0.639993 -0.236046  0.960218 0.192300 2 4 0.197159 5 0.802841
dd_c
0  -0.026475 0.004329 0.188790  -0.947303 0.256418 -0.192005  0.972602 0.232496 2 4 0.213444 5 0.786556
0  -0.023150 0.013583 0.192962  -0.744460 0.641813 -0.184000  0.941757 0.193745 2 4 0.134753 5 0.865247
0  -0.022046 0.011813 0.189635  -0.731226 0.639993 -0.236046  0.960218 0.192300 2 4 0.197159 5 0.802841
dd_c
0  -0.027915 0.004969 0.192042  -0.954544 0.259213 -0.147153  0.955040 0.237097 2 4 0.150184 5 0.849816
0  -0.023150 0.013583 0.192962  -0.744460 0.641813 -0.184000  0.941757 0.193745 2 4 0.134753 5 0.865247
0  -0.026475 0.004329 0.188790  -0.947303 0.256418 -0.192005  0.972602 0.232496 2 4 0.213444 5 0.786556
dd_c
0  -0.027915 0.004969 0.192042  -0.954544 0.259213 -0.147153  0.955040 0.237097 2 4 0.150184 5 0.849816
0  -0.022538 0.012802 0.198950  -0.754378 0.567167 0.330509  0.917864 0.199094 2 4 0.076910 5 0.923090
0  -0.023150 0.013583 0.192962  -0.744460 0.641813 -0.184000  0.941757 0.193745 2 4 0.134753 5 0.865247
dd_c
0  -0.027008 0.004676 0.198033  -0.921820 0.221041 0.318416  0.926063 0.240911 2 4 0.086322 5 0.913678
0  -0.022538 0.012802 0.198950  -0.754378 0.567167 0.330509  0.917864 0.199094 2 4 0.076910 5 0.923090
0  -0.027915 0.004969 0.192042  -0.954544 0.259213 -0.147153  0.955040 0.237097 2 4 0.150184 5 0.849816
dd_c
0  -0.027008 0.004676 0.198033  -0.921820 0.221041 0.318416  0.926063 0.240911 2 4 0.086322 5 0.913678
0  -0.020246 0.010627 0.204322  -0.685494 0.477844 0.549329  0.892069 0.202553 1 5 1.000000
0  -0.022538 0.012802 0.198950  -0.754378 0.567167 0.330509  0.917864 0.199094 2 4 0.076910 5 0.923090
dd_c
0  -0.020246 0.010627 0.204322  -0.685494 0.477844 0.549329  0.892069 0.202553 1 5 1.000000
0  -0.014855 0.015324 0.205079  -0.400637 0.714788 0.573209  0.886599 0.175583 1 5 1.000000
0  -0.022538 0.012802 0.198950  -0.754378 0.567167 0.330509  0.917864 0.199094 2 4 0.076910 5 0.923090
dd_c
0  -0.020246 0.010627 0.204322  -0.685494 0.477844 0.549329  0.892069 0.202553 1 5 1.000000
0  -0.012530 0.011249 0.211136  -0.299801 0.554287 0.776457  0.860140 0.179220 1 5 1.000000
0  -0.014855 0.015324 0.205079  -0.400637 0.714788 0.573209  0.886599 0.175583 1 5 1.000000
dd_c
0  -0.012530 0.011249 0.211136  -0.299801 0.554287 0.776457  0.860140 0.179220 1 5 1.000000
0  -0.007452 0.012491 0.210942  0.117698 0.631607 0.766303  0.856575 0.163307 1 5 1.000000
0  -0.014855 0.015324 0.205079  -0.400637 0.714788 0.573209  0.886599 0.175583 1 5 1.000000
dd_c
0  -0.012530 0.011249 0.211136  -0.299801 0.554287 0.776457  0.860140 0.179220 1 5 1.000000
0  -0.007422 0.007743 0.212875  0.138624 0.313610 0.939379  0.841530 0.168820 1 5 1.000000
0  -0.007452 0.012491 0.210942  0.117698 0.631607 0.766303  0.856575 0.163307 1 5 1.000000
dd_c
0  -0.007422 0.007743 0.212875  0.138624 0.313610 0.939379  0.841530 0.168820 1 5 1.000000
0  -0.001683 0.007722 0.210891  0.555602 0.279956 0.782899  0.838915 0.150258 1 5 1.000000
0  -0.007452 0.012491 0.210942  0.117698 0.631607 0.766303  0.856575 0.163307 1 5 1.000000
dd_c
0  -0.007422 0.007743 0.212875  0.138624 0.313610 0.939379  0.841530 0.168820 1 5 1.000000
0  -0.001473 0.002828 0.211768  0.590937 0.092363 0.801413  0.823291 0.151803 1 5 1.000000
0  -0.001683 0.007722 0.210891  0.555602 0.279956 0.782899  0.838915 0.150258 1 5 1.000000
dd_c
0  -0.001473 0.002828 0.211768  0.590937 0.092363 0.801413  0.823291 0.151803 1 5 1.000000
0  0.004697 0.002860 0.204002  0.856880 0.117638 0.501913  0.824892 0.119670 1 5 1.000000
0  -0.001683 0.007722 0.210891  0.555602 0.279956 0.782899  0.838915 0.150258 1 5 1.000000
dd_c
0  -0.001473 0.002828 0.211768  0.590937 0.092363 0.801413  0.823291 0.151803 1 5 1.000000
0  0.004697 -0.002594 0.204002  0.857846 -0.116464 0.500536  0.806914 0.118900 1 5 1.000000
0  0.004697 0.002860 0.204002  0.856880 0.117638 0.501913  0.824892 0.119670 1 5 1.000000
dd_c
0  0.004697 0.002860 0.204002  0.856880 0.117638 0.501913  0.824892 0.119670 1 5 1.000000
0  0.004697 -0.002594 0.204002  0.857846 -0.116464 0.500536  0.806914 0.118900 1 5 1.000000
0  0.008438 0.003845 0.195560  0.890073 0.139909 0.433816  0.831270 0.087028 2 4 0.065782 5 0.934218
dd_c
0  0.008438 0.003845 0.195560  0.890073 0.139909 0.433816  0.831270 0.087028 2 4 0.065782 5 0.934218
0  0.004697 -0.002594 0.204002  0.857846 -0.116464 0.500536  0.806914 0.118900 1 5 1.000000
0  0.008438 -0.003580 0.195560  0.890087 -0.139362 0.433962  0.804048 0.085646 2 4 0.067572 5 0.932428
dd_c
0  0.008438 0.003845 0.195560  0.890073 0.139909 0.433816  0.831270 0.087028 2 4 0.065782 5 0.934218
0  0.008438 -0.003580 0.195560  0.890087 -0.139362 0.433962  0.804048 0.085646 2 4 0.067572 5 0.932428
0  0.011888 0.004650 0.188478  0.933811 0.200131 0.296556  0.836901 0.056884 2 4 0.141752 5 0.858248
dd_c
0  0.011888 0.004650 0.188478  0.933811 0.200131 0.296556  0.836901 0.056884 2 4 0.141752 5 0.858248
0  0.008438 -0.003580 0.195560  0.890087 -0.139362 0.433962  0.804048 0.085646 2 4 0.067572 5 0.932428
0  0.011888 -0.004385 0.188478  0.934046 -0.197879 0.297326  0.802015 0.055016 2 4 0.144195 5 0.855805
dd_c
0  0.006759 0.012717 0.193420  0.806843 0.491295 0.328077  0.865781 0.087070 2 4 0.095496 5 0.904504
0  0.011888 0.004650 0.188478  0.933811 0.200131 0.296556  0.836901 0.056884 2 4 0.141752 5 0.858248
0  0.007585 0.013657 0.187092  0.668166 0.713595 -0.210561  0.876276 0.064390 2 4 0.173910 5 0.826090
dd_c
0  0.006759 0.012717 0.193420  0.806843 0.491295 0.328077  0.865781 0.087070 2 4 0.095496 5 0.904504
0  0.008438 0.003845 0.195560  0.890073 0.139909 0.433816  0.831270 0.087028 2 4 0.065782 5 0.934218
0  0.011888 0.004650 0.188478  0.933811 0.200131 0.296556  0.836901 0.056884 2 4 0.141752 5 0.858248
dd_c
0  0.004205 0.010546 0.199641  0.796822 0.402736 0.450421  0.853574 0.110288 1 5 1.000000
0  0.008438 0.003845 0.195560  0.890073 0.139909 0.433816  0.831270 0.087028 2 4 0.065782 5 0.934218
0  0.006759 0.012717 0.193420  0.806843 0.491295 0.328077  0.865781 0.087070 2 4 0.095496 5 0.904504
dd_c
0  0.004205 0.010546 0.199641  0.796822 0.402736 0.450421  0.853574 0.110288 1 5 1.000000
0  0.004697 0.002860 0.204002  0.856880 0.117638 0.501913  0.824892 0.119670 1 5 1.000000
0  0.008438 0.003845 0.195560  0.890073 0.139909 0.433816  0.831270 0.087028 2 4 0.065782 5 0.934218
dd_c
0  0.001599 0.007759 0.207003  0.780433 0.308010 0.544109  0.839750 0.134892 1 5 1.000000
0  0.004697 0.002860 0.204002  0.856880 0.117638 0.501913  0.824892 0.119670 1 5 1.000000
0  0.004205 0.010546 0.199641  0.796822 0.402736 0.450421  0.853574 0.110288 1 5 1.000000
dd_c
0  -0.001683 0.007722 0.210891  0.555602 0.279956 0.782899  0.838915 0.150258 1 5 1.000000
0  0.004697 0.002860 0.204002  0.856880 0.117638 0.501913  0.824892 0.119670 1 5 1.000000
0  0.001599 0.007759 0.207003  0.780433 0.308010 0.544109  0.839750 0.134892 1 5 1.000000
dd_c
0  -0.001683 0.007722 0.210891  0.555602 0.279956 0.782899  0.838915 0.150258 1 5 1.000000
0  0.001599 0.007759 0.207003  0.780433 0.308010 0.544109  0.839750 0.134892 1 5 1.000000
0  -0.002398 0.011255 0.209360  0.520843 0.568796 0.636549  0.850266 0.148943 1 5 1.000000
dd_c
0  -0.007452 0.012491 0.210942  0.117698 0.631607 0.766303  0.856575 0.163307 1 5 1.000000
0  -0.001683 0.007722 0.210891  0.555602 0.279956 0.782899  0.838915 0.150258 1 5 1.000000
0  -0.002398 0.011255 0.209360  0.520843 0.568796 0.636549  0.850266 0.148943 1 5 1.000000
dd_c
0  -0.007452 0.012491 0.210942  0.117698 0.631607 0.766303  0.856575 0.163307 1 5 1.000000
0  -0.002398 0.011255 0.209360  0.520843 0.568796 0.636549  0.850266 0.148943 1 5 1.000000
0  -0.007990 0.017023 0.204823  0.083807 0.819308 0.567195  0.878845 0.153426 1 5 1.000000
dd_c
0  -0.014855 0.015324 0.205079  -0.400637 0.714788 0.573209  0.886599 0.175583 1 5 1.000000
0  -0.007452 0.012491 0.210942  0.117698 0.631607 0.766303  0.856575 0.163307 1 5 1.000000
0  -0.007990 0.017023 0.204823  0.083807 0.819308 0.567195  0.878845 0.153426 1 5 1.000000
dd_c
0  -0.014855 0.015324 0.205079  -0.400637 0.714788 0.573209  0.886599 0.175583 1 5 1.000000
0  -0.007990 0.017023 0.204823  0.083807 0.819308 0.567195  0.878845 0.153426 1 5 1.000000
0  -0.016055 0.018444 0.199867  -0.439492 0.822378 0.361304  0.907314 0.168212 2 4 0.069451 5 0.930549
dd_c
0  -0.022538 0.012802 0.198950  -0.754378 0.567167 0.330509  0.917864 0.199094 2 4 0.076910 5 0.923090
0  -0.014855 0.015324 0.205079  -0.400637 0.714788 0.573209  0.886599 0.175583 1 5 1.000000
0  -0.016055 0.018444 0.199867  -0.439492 0.822378 0.361304  0.907314 0.168212 2 4 0.069451 5 0.930549
dd_c
0  -0.022538 0.012802 0.198950  -0.754378 0.567167 0.330509  0.917864 0.199094 2 4 0.076910 5 0.923090
0  -0.016055 0.018444 0.199867  -0.439492 0.822378 0.361304  0.907314 0.168212 2 4 0.069451 5 0.930549
0  -0.023150 0.013583 0.192962  -0.744460 0.641813 -0.184000  0.941757 0.193745 2 4 0.134753 5 0.865247
dd_c
0  -0.023150 0.013583 0.192962  -0.744460 0.641813 -0.184000  0.941757 0.193745 2 4 0.134753 5 0.865247
0  -0.016055 0.018444 0.199867  -0.439492 0.822378 0.361304  0.907314 0.168212 2 4 0.069451 5 0.930549
0  -0.016321 0.019513 0.193884  -0.435430 0.877540 -0.200809  0.927352 0.159874 2 4 0.119563 5 0.880437
dd_c
0  -0.016055 0.018444 0.199867  -0.439492 0.822378 0.361304  0.907314 0.168212 2 4 0.069451 5 0.930549
0  -0.007852 0.020468 0.199587  0.061456 0.922655 0.380698  0.896489 0.141900 2 4 0.068051 5 0.931949
0  -0.016321 0.019513 0.193884  -0.435430 0.877540 -0.200809  0.927352 0.159874 2 4 0.119563 5 0.880437
dd_c
0  -0.016321 0.019513 0.193884  -0.435430 0.877540 -0.200809  0.927352 0.159874 2 4 0.119563 5 0.880437
0  -0.007852 0.020468 0.199587  0.061456 0.922655 0.380698  0.896489 0.141900 2 4 0.068051 5 0.931949
0  -0.007766 0.021651 0.193571  -0.020035 0.980030 -0.197837  0.913127 0.129742 2 4 0.116954 5 0.883046
dd_c
0  -0.007852 0.020468 0.199587  0.061456 0.922655 0.380698  0.896489 0.141900 2 4 0.068051 5 0.931949
0  0.000326 0.018380 0.197145  0.538706 0.764155 0.354772  0.884380 0.115176 2 4 0.077020 5 0.922980
0  -0.007766 0.021651 0.193571  -0.020035 0.980030 -0.197837  0.913127 0.129742 2 4 0.116954 5 0.883046
dd_c
0  -0.007766 0.021651 0.193571  -0.020035 0.980030 -0.197837  0.913127 0.129742 2 4 0.116954 5 0.883046
0  0.000326 0.018380 0.197145  0.538706 0.764155 0.354772  0.884380 0.115176 2 4 0.077020 5 0.922980
0  0.000780 0.019534 0.190994  0.384508 0.896744 -0.219100  0.898552 0.098138 2 4 0.136161 5 0.863839
dd_c
0  -0.007852 0.020468 0.199587  0.061456 0.922655 0.380698  0.896489 0.141900 2 4 0.068051 5 0.931949
0  -0.001146 0.015269 0.202761  0.549293 0.663692 0.507731  0.868801 0.131791 1 5 1.000000
0  0.000326 0.018380 0.197145  0.538706 0.764155 0.354772  0.884380 0.115176 2 4 0.077020 5 0.922980
dd_c
0  -0.016055 0.018444 0.199867  -0.439492 0.822378 0.361304  0.907314 0.168212 2 4 0.069451 5 0.930549
0  -0.007990 0.017023 0.204823  0.083807 0.819308 0.567195  0.878845 0.153426 1 5 1.000000
0  -0.007852 0.020468 0.199587  0.061456 0.922655 0.380698  0.896489 0.141900 2 4 0.068051 5 0.931949
dd_c
0  -0.007990 0.017023 0.204823  0.083807 0.819308 0.567195  0.878845 0.153426 1 5 1.000000
0  -0.001146 0.015269 0.202761  0.549293 0.663692 0.507731  0.868801 0.131791 1 5 1.000000
0  -0.007852 0.020468 0.199587  0.061456 0.922655 0.380698  0.896489 0.141900 2 4 0.068051 5 0.931949
dd_c
0  -0.007990 0.017023 0.204823  0.083807 0.819308 0.567195  0.878845 0.153426 1 5 1.000000
0  -0.002398 0.011255 0.209360  0.520843 0.568796 0.636549  0.850266 0.148943 1 5 1.000000
0  -0.001146 0.015269 0.202761  0.549293 0.663692 0.507731  0.868801 0.131791 1 5 1.000000
dd_c
0  -0.002398 0.011255 0.209360  0.520843 0.568796 0.636549  0.850266 0.148943 1 5 1.000000
0  0.001599 0.007759 0.207003  0.780433 0.308010 0.544109  0.839750 0.134892 1 5 1.000000
0  -0.001146 0.015269 0.202761  0.549293 0.663692 0.507731  0.868801 0.131791 1 5 1.000000
dd_c
0  -0.001146 0.015269 0.202761  0.549293 0.663692 0.507731  0.868801 0.131791 1 5 1.000000
0  0.001599 0.007759 0.207003  0.780433 0.308010 0.544109  0.839750 0.134892 1 5 1.000000
0  0.004205 0.010546 0.199641  0.796822 0.402736 0.450421  0.853574 0.110288 1 5 1.000000
dd_c
0  -0.001146 0.015269 0.202761  0.549293 0.663692 0.507731  0.868801 0.131791 1 5 1.000000
0  0.004205 0.010546 0.199641  0.796822 0.402736 0.450421  0.853574 0.110288 1 5 1.000000
0  0.000326 0.018380 0.197145  0.538706 0.764155 0.354772  0.884380 0.115176 2 4 0.077020 5 0.922980
dd_c
0  0.000326 0.018380 0.197145  0.538706 0.764155 0.354772  0.884380 0.115176 2 4 0.077020 5 0.922980
0  0.004205 0.010546 0.199641  0.796822 0.402736 0.450421  0.853574 0.110288 1 5 1.000000
0  0.006759 0.012717 0.193420  0.806843 0.491295 0.328077  0.865781 0.087070 2 4 0.095496 5 0.904504
dd_c
0  0.000326 0.018380 0.197145  0.538706 0.764155 0.354772  0.884380 0.115176 2 4 0.077020 5 0.922980
0  0.006759 0.012717 0.193420  0.806843 0.491295 0.328077  0.865781 0.087070 2 4 0.095496 5 0.904504
0  0.000780 0.019534 0.190994  0.384508 0.896744 -0.219100  0.898552 0.098138 2 4 0.136161 5 0.863839
dd_c
0  0.000780 0.019534 0.190994  0.384508 0.896744 -0.219100  0.898552 0.098138 2 4 0.136161 5 0.863839
0  0.006759 0.012717 0.193420  0.806843 0.491295 0.328077  0.865781 0.087070 2 4 0.095496 5 0.904504
0  0.007585 0.013657 0.187092  0.668166 0.713595 -0.210561  0.876276 0.064390 2 4 0.173910 5 0.826090
dd_c
0  -0.007766 -0.021386 0.193571  -0.023949 -0.979778 -0.198648  0.716866 0.120184 2 4 0.114324 5 0.885676
0  -0.016321 -0.019247 0.193884  -0.437398 -0.875558 -0.205139  0.699270 0.149523 2 4 0.117499 5 0.882501
0  -0.007814 -0.018515 0.190101  -0.073102 -0.944642 -0.319856  0.699753 0.106536 2 4 0.174891 5 0.825109
dd_c
0  0.000092 -0.016729 0.187770  0.299390 -0.907504 -0.294621  0.726572 0.072025 2 4 0.202840 5 0.797160
0  -0.007766 -0.021386 0.193571  -0.023949 -0.979778 -0.198648  0.716866 0.120184 2 4 0.114324 5 0.885676
0  -0.007814 -0.018515 0.190101  -0.073102 -0.944642 -0.319856  0.699753 0.106536 2 4 0.174891 5 0.825109
dd_c
0  0.000780 -0.019268 0.190994  0.383647 -0.897832 -0.216134  0.735007 0.089558 2 4 0.135807 5 0.864193
0  -0.007766 -0.021386 0.193571  -0.023949 -0.979778 -0.198648  0.716866 0.120184 2 4 0.114324 5 0.885676
0  0.000092 -0.016729 0.187770  0.299390 -0.907504 -0.294621  0.726572 0.072025 2 4 0.202840 5 0.797160
dd_c
0  0.006456 -0.011662 0.184220  0.625482 -0.743395 -0.236931  0.758626 0.040808 2 4 0.248682 5 0.751318
0  0.000780 -0.019268 0.190994  0.383647 -0.897832 -0.216134  0.735007 0.089558 2 4 0.135807 5 0.864193
0  0.000092 -0.016729 0.187770  0.299390 -0.907504 -0.294621  0.726572 0.072025 2 4 0.202840 5 0.797160
dd_c
0  0.007585 -0.013391 0.187092  0.674176 -0.709583 -0.204887  0.761297 0.057846 2 4 0.177904 5 0.822096
0  0.000780 -0.019268 0.190994  0.383647 -0.897832 -0.216134  0.735007 0.089558 2 4 0.135807 5 0.864193
0  0.006456 -0.011662 0.184220  0.625482 -0.743395 -0.236931  0.758626 0.040808 2 4 0.248682 5 0.751318
dd_c
0  0.011683 -0.004123 0.179496  0.936528 -0.312727 -0.158484  0.801564 0.013080 2 4 0.330056 5 0.669944
0  0.007585 -0.013391 0.187092  0.674176 -0.709583 -0.204887  0.761297 0.057846 2 4 0.177904 5 0.822096
0  0.006456 -0.011662 0.184220  0.625482 -0.743395 -0.236931  0.758626 0.040808 2 4 0.248682 5 0.751318
dd_c
0  0.013121 -0.004797 0.181858  0.908762 -0.342871 -0.237887  0.801402 0.028432 2 4 0.255289 5 0.744711
0  0.007585 -0.013391 0.187092  0.674176 -0.709583 -0.204887  0.761297 0.057846 2 4 0.177904 5 0.822096
0  0.011683 -0.004123 0.179496  0.936528 -0.312727 -0.158484  0.801564 0.013080 2 4 0.330056 5 0.669944
dd_c
0  0.011683 0.004389 0.179496  0.939600 0.308280 -0.148708  0.843121 0.017011 2 4 0.323332 5 0.676668
0  0.013121 -0.004797 0.181858  0.908762 -0.342871 -0.237887  0.801402 0.028432 2 4 0.255289 5 0.744711
0  0.011683 -0.004123 0.179496  0.936528 -0.312727 -0.158484  0.801564 0.013080 2 4 0.330056 5 0.669944
dd_c
0  0.013121 0.005062 0.181858  0.904648 0.351560 -0.240869  0.841473 0.030914 2 4 0.253195 5 0.746805
0  0.013121 -0.004797 0.181858  0.908762 -0.342871 -0.237887  0.801402 0.028432 2 4 0.255289 5 0.744711
0  0.011683 0.004389 0.179496  0.939600 0.308280 -0.148708  0.843121 0.017011 2 4 0.323332 5 0.676668
dd_c
0  0.006456 0.011928 0.184220  0.626395 0.744177 -0.232014  0.880822 0.048113 2 4 0.242409 5 0.757591
0  0.013121 0.005062 0.181858  0.904648 0.351560 -0.240869  0.841473 0.030914 2 4 0.253195 5 0.746805
0  0.011683 0.004389 0.179496  0.939600 0.308280 -0.148708  0.843121 0.017011 2 4 0.323332 5 0.676668
dd_c
0  0.007585 0.013657 0.187092  0.668166 0.713595 -0.210561  0.876276 0.064390 2 4 0.173910 5 0.826090
0  0.013121 0.005062 0.181858  0.904648 0.351560 -0.240869  0.841473 0.030914 2 4 0.253195 5 0.746805
0  0.006456 0.011928 0.184220  0.626395 0.744177 -0.232014  0.880822 0.048113 2 4 0.242409 5 0.757591
dd_c
0  0.000092 0.016995 0.187770  0.309281 0.904846 -0.292573  0.908591 0.081972 2 4 0.200810 5 0.799190
0  0.007585 0.013657 0.187092  0.668166 0.713595 -0.210561  0.876276 0.064390 2 4 0.173910 5 0.826090
0  0.006456 0.011928 0.184220  0.626395 0.744177 -0.232014  0.880822 0.048113 2 4 0.242409 5 0.757591
dd_c
0  0.000780 0.019534 0.190994  0.384508 0.896744 -0.219100  0.898552 0.098138 2 4 0.136161 5 0.863839
0  0.007585 0.013657 0.187092  0.668166 0.713595 -0.210561  0.876276 0.064390 2 4 0.173910 5 0.826090
0  0.000092 0.016995 0.187770  0.309281 0.904846 -0.292573  0.908591 0.081972 2 4 0.200810 5 0.799190
dd_c
0  -0.007814 0.018780 0.190101  -0.066402 0.944802 -0.320843  0.931065 0.118205 2 4 0.177893 5 0.822107
0  0.000780 0.019534 0.190994  0.384508 0.896744 -0.219100  0.898552 0.098138 2 4 0.136161 5 0.863839
0  0.000092 0.016995 0.187770  0.309281 0.904846 -0.292573  0.908591 0.081972 2 4 0.200810 5 0.799190
dd_c
0  -0.007766 0.021651 0.193571  -0.020035 0.980030 -0.197837  0.913127 0.129742 2 4 0.116954 5 0.883046
0  0.000780 0.019534 0.190994  0.384508 0.896744 -0.219100  0.898552 0.098138 2 4 0.136161 5 0.863839
0  -0.007814 0.018780 0.190101  -0.066402 0.944802 -0.320843  0.931065 0.118205 2 4 0.177893 5 0.822107
dd_c
0  -0.015697 0.016940 0.190430  -0.421385 0.857391 -0.295493  0.946432 0.155279 2 4 0.180992 5 0.819008
0  -0.007766 0.021651 0.193571  -0.020035 0.980030 -0.197837  0.913127 0.129742 2 4 0.116954 5 0.883046
0  -0.007814 0.018780 0.190101  -0.066402 0.944802 -0.320843  0.931065 0.118205 2 4 0.177893 5 0.822107
dd_c
0  -0.016321 0.019513 0.193884  -0.435430 0.877540 -0.200809  0.927352 0.159874 2 4 0.119563 5 0.880437
0  -0.007766 0.021651 0.193571  -0.020035 0.980030 -0.197837  0.913127 0.129742 2 4 0.116954 5 0.883046
0  -0.015697 0.016940 0.190430  -0.421385 0.857391 -0.295493  0.946432 0.155279 2 4 0.180992 5 0.819008
dd_c
0  -0.022046 0.011813 0.189635  -0.731226 0.639993 -0.236046  0.960218 0.192300 2 4 0.197159 5 0.802841
0  -0.016321 0.019513 0.193884  -0.435430 0.877540 -0.200809  0.927352 0.159874 2 4 0.119563 5 0.880437
0  -0.015697 0.016940 0.190430  -0.421385 0.857391 -0.295493  0.946432 0.155279 2 4 0.180992 5 0.819008
dd_c
0  -0.022046 -0.011548 0.189635  -0.732990 -0.642370 -0.223802  0.662322 0.179435 2 4 0.193576 5 0.806424
0  -0.027915 -0.004703 0.192042  -0.952329 -0.264970 -0.151196  0.663126 0.225937 2 4 0.149446 5 0.850554
0  -0.026475 -0.004064 0.188790  -0.948588 -0.257910 -0.183473  0.645563 0.219447 2 4 0.211372 5 0.788628
dd_c
0  -0.023150 -0.013317 0.192962  -0.742048 -0.642489 -0.191240  0.681110 0.182777 2 4 0.132852 5 0.867148
0  -0.027915 -0.004703 0.192042  -0.952329 -0.264970 -0.151196  0.663126 0.225937 2 4 0.149446 5 0.850554
0  -0.022046 -0.011548 0.189635  -0.732990 -0.642370 -0.223802  0.662322 0.179435 2 4 0.193576 5 0.806424
dd_c
0  -0.015697 -0.016675 0.190430  -0.427672 -0.856300 -0.289563  0.680207 0.142876 2 4 0.176866 5 0.823134
0  -0.023150 -0.013317 0.192962  -0.742048 -0.642489 -0.191240  0.681110 0.182777 2 4 0.132852 5 0.867148
0  -0.022046 -0.011548 0.189635  -0.732990 -0.642370 -0.223802  0.662322 0.179435 2 4 0.193576 5 0.806424
dd_c
0  -0.016321 -0.019247 0.193884  -0.437398 -0.875558 -0.205139  0.699270 0.149523 2 4 0.117499 5 0.882501
0  -0.023150 -0.013317 0.192962  -0.742048 -0.642489 -0.191240  0.681110 0.182777 2 4 0.132852 5 0.867148
0  -0.015697 -0.016675 0.190430  -0.427672 -0.856300 -0.289563  0.680207 0.142876 2 4 0.176866 5 0.823134
dd_c
0  -0.007814 -0.018515 0.190101  -0.073102 -0.944642 -0.319856  0.699753 0.106536 2 4 0.174891 5 0.825109
0  -0.016321 -0.019247 0.193884  -0.437398 -0.875558 -0.205139  0.699270 0.149523 2 4 0.117499 5 0.882501
0  -0.015697 -0.016675 0.190430  -0.427672 -0.856300 -0.289563  0.680207 0.142876 2 4 0.176866 5 0.823134
dd_c
0  -0.023150 -0.013317 0.192962  -0.742048 -0.642489 -0.191240  0.681110 0.182777 2 4 0.132852 5 0.867148
0  -0.027008 -0.004410 0.198033  -0.921771 -0.221795 0.318033  0.692492 0.232769 2 4 0.085698 5 0.914302
0  -0.027915 -0.004703 0.192042  -0.952329 -0.264970 -0.151196  0.663126 0.225937 2 4 0.149446 5 0.850554
dd_c
0  -0.022538 -0.012537 0.198950  -0.754669 -0.567120 0.329924  0.705077 0.190648 2 4 0.075573 5 0.924427
0  -0.027008 -0.004410 0.198033  -0.921771 -0.221795 0.318033  0.692492 0.232769 2 4 0.085698 5 0.914302
0  -0.023150 -0.013317 0.192962  -0.742048 -0.642489 -0.191240  0.681110 0.182777 2 4 0.132852 5 0.867148
dd_c
0  -0.016321 -0.019247 0.193884  -0.437398 -0.875558 -0.205139  0.699270 0.149523 2 4 0.117499 5 0.882501
0  -0.022538 -0.012537 0.198950  -0.754669 -0.567120 0.329924  0.705077 0.190648 2 4 0.075573 5 0.924427
0  -0.023150 -0.013317 0.192962  -0.742048 -0.642489 -0.191240  0.681110 0.182777 2 4 0.132852 5 0.867148
dd_c
0  -0.016055 -0.018178 0.199867  -0.440237 -0.822013 0.361228  0.718934 0.160050 2 4 0.067630 5 0.932370
0  -0.022538 -0.012537 0.198950  -0.754669 -0.567120 0.329924  0.705077 0.190648 2 4 0.075573 5 0.924427
0  -0.016321 -0.019247 0.193884  -0.437398 -0.875558 -0.205139  0.699270 0.149523 2 4 0.117499 5 0.882501
dd_c
0  -0.007766 -0.021386 0.193571  -0.023949 -0.979778 -0.198648  0.716866 0.120184 2 4 0.114324 5 0.885676
0  -0.016055 -0.018178 0.199867  -0.440237 -0.822013 0.361228  0.718934 0.160050 2 4 0.067630 5 0.932370
0  -0.016321 -0.019247 0.193884  -0.437398 -0.875558 -0.205139  0.699270 0.149523 2 4 0.117499 5 0.882501
dd_c
0  -0.007852 -0.020202 0.199587  0.060981 -0.922415 0.381355  0.732588 0.134262 2 4 0.065097 5 0.934903
0  -0.016055 -0.018178 0.199867  -0.440237 -0.822013 0.361228  0.718934 0.160050 2 4 0.067630 5 0.932370
0  -0.007766 -0.021386 0.193571  -0.023949 -0.979778 -0.198648  0.716866 0.120184 2 4 0.114324 5 0.885676
dd_c
0  0.000780 -0.019268 0.190994  0.383647 -0.897832 -0.216134  0.735007 0.089558 2 4 0.135807 5 0.864193
0  -0.007852 -0.020202 0.199587  0.060981 -0.922415 0.381355  0.732588 0.134262 2 4 0.065097 5 0.934903
0  -0.007766 -0.021386 0.193571  -0.023949 -0.979778 -0.198648  0.716866 0.120184 2 4 0.114324 5 0.885676
dd_c
0  0.000326 -0.018114 0.197145  0.538811 -0.763460 0.356106  0.747595 0.108339 2 4 0.074761 5 0.925239
0  -0.007852 -0.020202 0.199587  0.060981 -0.922415 0.381355  0.732588 0.134262 2 4 0.065097 5 0.934903
0  0.000780 -0.019268 0.190994  0.383647 -0.897832 -0.216134  0.735007 0.089558 2 4 0.135807 5 0.864193
dd_c
0  0.007585 -0.013391 0.187092  0.674176 -0.709583 -0.204887  0.761297 0.057846 2 4 0.177904 5 0.822096
0  0.000326 -0.018114 0.197145  0.538811 -0.763460 0.356106  0.747595 0.108339 2 4 0.074761 5 0.925239
0  0.000780 -0.019268 0.190994  0.383647 -0.897832 -0.216134  0.735007 0.089558 2 4 0.135807 5 0.864193
dd_c
0  0.006759 -0.012451 0.193420  0.807427 -0.489365 0.329520  0.769363 0.081916 2 4 0.095802 5 0.904198
0  0.000326 -0.018114 0.197145  0.538811 -0.763460 0.356106  0.747595 0.108339 2 4 0.074761 5 0.925239
0  0.007585 -0.013391 0.187092  0.674176 -0.709583 -0.204887  0.761297 0.057846 2 4 0.177904 5 0.822096
dd_c
0  0.013121 -0.004797 0.181858  0.908762 -0.342871 -0.237887  0.801402 0.028432 2 4 0.255289 5 0.744711
0  0.006759 -0.012451 0.193420  0.807427 -0.489365 0.329520  0.769363 0.081916 2 4 0.095802 5 0.904198
0  0.007585 -0.013391 0.187092  0.674176 -0.709583 -0.204887  0.761297 0.057846 2 4 0.177904 5 0.822096
dd_c
0  0.011888 -0.004385 0.188478  0.934046 -0.197879 0.297326  0.802015 0.055016 2 4 0.144195 5 0.855805
0  0.006759 -0.012451 0.193420  0.807427 -0.489365 0.329520  0.769363 0.081916 2 4 0.095802 5 0.904198
0  0.013121 -0.004797 0.181858  0.908762 -0.342871 -0.237887  0.801402 0.028432 2 4 0.255289 5 0.744711
dd_c
0  0.013121 0.005062 0.181858  0.904648 0.351560 -0.240869  0.841473 0.030914 2 4 0.253195 5 0.746805
0  0.011888 -0.004385 0.188478  0.934046 -0.197879 0.297326  0.802015 0.055016 2 4 0.144195 5 0.855805
0  0.013121 -0.004797 0.181858  0.908762 -0.342871 -0.237887  0.801402 0.028432 2 4 0.255289 5 0.744711
dd_c
0  0.011888 0.004650 0.188478  0.933811 0.200131 0.296556  0.836901 0.056884 2 4 0.141752 5 0.858248
0  0.011888 -0.004385 0.188478  0.934046 -0.197879 0.297326  0.802015 0.055016 2 4 0.144195 5 0.855805
0  0.013121 0.005062 0.181858  0.904648 0.351560 -0.240869  0.841473 0.030914 2 4 0.253195 5 0.746805
dd_c
0  0.007585 0.013657 0.187092  0.668166 0.713595 -0.210561  0.876276 0.064390 2 4 0.173910 5 0.826090
0  0.011888 0.004650 0.188478  0.933811 0.200131 0.296556  0.836901 0.056884 2 4 0.141752 5 0.858248
0  0.013121 0.005062 0.181858  0.904648 0.351560 -0.240869  0.841473 0.030914 2 4 0.253195 5 0.746805
dd_c
0  -0.022538 -0.012537 0.198950  -0.754669 -0.567120 0.329924  0.705077 0.190648 2 4 0.075573 5 0.924427
0  -0.023940 -0.003626 0.203570  -0.819452 -0.182355 0.543365  0.726324 0.233638 1 5 1.000000
0  -0.027008 -0.004410 0.198033  -0.921771 -0.221795 0.318033  0.692492 0.232769 2 4 0.085698 5 0.914302
dd_c
0  -0.020246 -0.010362 0.204322  -0.685737 -0.477662 0.549185  0.731199 0.196728 1 5 1.000000
0  -0.023940 -0.003626 0.203570  -0.819452 -0.182355 0.543365  0.726324 0.233638 1 5 1.000000
0  -0.022538 -0.012537 0.198950  -0.754669 -0.567120 0.329924  0.705077 0.190648 2 4 0.075573 5 0.924427
dd_c
0  -0.016055 -0.018178 0.199867  -0.440237 -0.822013 0.361228  0.718934 0.160050 2 4 0.067630 5 0.932370
0  -0.020246 -0.010362 0.204322  -0.685737 -0.477662 0.549185  0.731199 0.196728 1 5 1.000000
0  -0.022538 -0.012537 0.198950  -0.754669 -0.567120 0.329924  0.705077 0.190648 2 4 0.075573 5 0.924427
dd_c
0  -0.014855 -0.015059 0.205079  -0.400930 -0.714815 0.572969  0.739402 0.169596 1 5 1.000000
0  -0.020246 -0.010362 0.204322  -0.685737 -0.477662 0.549185  0.731199 0.196728 1 5 1.000000
0  -0.016055 -0.018178 0.199867  -0.440237 -0.822013 0.361228  0.718934 0.160050 2 4 0.067630 5 0.932370
dd_c
0  -0.007852 -0.020202 0.199587  0.060981 -0.922415 0.381355  0.732588 0.134262 2 4 0.065097 5 0.934903
0  -0.014855 -0.015059 0.205079  -0.400930 -0.714815 0.572969  0.739402 0.169596 1 5 1.000000
0  -0.016055 -0.018178 0.199867  -0.440237 -0.822013 0.361228  0.718934 0.160050 2 4 0.067630 5 0.932370
dd_c
0  -0.007990 -0.016758 0.204823  0.084230 -0.819035 0.567527  0.749425 0.147716 1 5 1.000000
0  -0.014855 -0.015059 0.205079  -0.400930 -0.714815 0.572969  0.739402 0.169596 1 5 1.000000
0  -0.007852 -0.020202 0.199587  0.060981 -0.922415 0.381355  0.732588 0.134262 2 4 0.065097 5 0.934903
dd_c
0  0.000326 -0.018114 0.197145  0.538811 -0.763460 0.356106  0.747595 0.108339 2 4 0.074761 5 0.925239
0  -0.007990 -0.016758 0.204823  0.084230 -0.819035 0.567527  0.749425 0.147716 1 5 1.000000
0  -0.007852 -0.020202 0.199587  0.060981 -0.922415 0.381355  0.732588 0.134262 2 4 0.065097 5 0.934903
dd_c
0  -0.001146 -0.015003 0.202761  0.549292 -0.663090 0.508518  0.761706 0.126725 1 5 1.000000
0  -0.007990 -0.016758 0.204823  0.084230 -0.819035 0.567527  0.749425 0.147716 1 5 1.000000
0  0.000326 -0.018114 0.197145  0.538811 -0.763460 0.356106  0.747595 0.108339 2 4 0.074761 5 0.925239
dd_c
0  0.006759 -0.012451 0.193420  0.807427 -0.489365 0.329520  0.769363 0.081916 2 4 0.095802 5 0.904198
0  -0.001146 -0.015003 0.202761  0.549292 -0.663090 0.508518  0.761706 0.126725 1 5 1.000000
0  0.000326 -0.018114 0.197145  0.538811 -0.763460 0.356106  0.747595 0.108339 2 4 0.074761 5 0.925239
dd_c
0  0.004205 -0.010280 0.199641  0.796806 -0.402327 0.450814  0.779205 0.106581 1 5 1.000000
0  -0.001146 -0.015003 0.202761  0.549292 -0.663090 0.508518  0.761706 0.126725 1 5 1.000000
0  0.006759 -0.012451 0.193420  0.807427 -0.489365 0.329520  0.769363 0.081916 2 4 0.095802 5 0.904198
dd_c
0  0.011888 -0.004385 0.188478  0.934046 -0.197879 0.297326  0.802015 0.055016 2 4 0.144195 5 0.855805
0  0.004205 -0.010280 0.199641  0.796806 -0.402327 0.450814  0.779205 0.106581 1 5 1.000000
0  0.006759 -0.012451 0.193420  0.807427 -0.489365 0.329520  0.769363 0.081916 2 4 0.095802 5 0.904198
dd_c
0  -0.020246 -0.010362 0.204322  -0.685737 -0.477662 0.549185  0.731199 0.196728 1 5 1.000000
0  -0.019208 -0.002610 0.210024  -0.651794 -0.132719 0.746693  0.769375 0.223847 1 5 1.000000
0  -0.023940 -0.003626 0.203570  -0.819452 -0.182355 0.543365  0.726324 0.233638 1 5 1.000000
dd_c
0  -0.001146 -0.015003 0.202761  0.549292 -0.663090 0.508518  0.761706 0.126725 1 5 1.000000
0  -0.007452 -0.012226 0.210942  0.126352 -0.625274 0.770109  0.771189 0.159778 1 5 1.000000
0  -0.007990 -0.016758 0.204823  0.084230 -0.819035 0.567527  0.749425 0.147716 1 5 1.000000
dd_c
0  -0.007452 -0.012226 0.210942  0.126352 -0.625274 0.770109  0.771189 0.159778 1 5 1.000000
0  -0.012530 -0.010983 0.211136  -0.299120 -0.553526 0.777262  0.766130 0.175774 1 5 1.000000
0  -0.007990 -0.016758 0.204823  0.084230 -0.819035 0.567527  0.749425 0.147716 1 5 1.000000
dd_c
0  -0.007990 -0.016758 0.204823  0.084230 -0.819035 0.567527  0.749425 0.147716 1 5 1.000000
0  -0.012530 -0.010983 0.211136  -0.299120 -0.553526 0.777262  0.766130 0.175774 1 5 1.000000
0  -0.014855 -0.015059 0.205079  -0.400930 -0.714815 0.572969  0.739402 0.169596 1 5 1.000000
dd_c
0  -0.012530 -0.010983 0.211136  -0.299120 -0.553526 0.777262  0.766130 0.175774 1 5 1.000000
0  -0.016518 -0.007526 0.210574  -0.553671 -0.336367 0.761778  0.765082 0.196201 1 5 1.000000
0  -0.014855 -0.015059 0.205079  -0.400930 -0.714815 0.572969  0.739402 0.169596 1 5 1.000000
dd_c
0  -0.014855 -0.015059 0.205079  -0.400930 -0.714815 0.572969  0.739402 0.169596 1 5 1.000000
0  -0.016518 -0.007526 0.210574  -0.553671 -0.336367 0.761778  0.765082 0.196201 1 5 1.000000
0  -0.020246 -0.010362 0.204322  -0.685737 -0.477662 0.549185  0.731199 0.196728 1 5 1.000000
dd_c
0  -0.016518 -0.007526 0.210574  -0.553671 -0.336367 0.761778  0.765082 0.196201 1 5 1.000000
0  -0.019208 -0.002610 0.210024  -0.651794 -0.132719 0.746693  0.769375 0.223847 1 5 1.000000
0  -0.020246 -0.010362 0.204322  -0.685737 -0.477662 0.549185  0.731199 0.196728 1 5 1.000000
dd_c
0  -0.016518 -0.007526 0.210574  -0.553671 -0.336367 0.761778  0.765082 0.196201 1 5 1.000000
0  -0.011952 -0.007439 0.212597  -0.220314 -0.258217 0.940631  0.778747 0.181325 1 5 1.000000
0  -0.019208 -0.002610 0.210024  -0.651794 -0.132719 0.746693  0.769375 0.223847 1 5 1.000000
dd_c
0  -0.019208 -0.002610 0.210024  -0.651794 -0.132719 0.746693  0.769375 0.223847 1 5 1.000000
0  -0.011952 -0.007439 0.212597  -0.220314 -0.258217 0.940631  0.778747 0.181325 1 5 1.000000
0  -0.012584 -0.002573 0.213400  -0.305321 -0.107523 0.946160  0.798441 0.195485 1 5 1.000000
dd_c
0  -0.011952 -0.007439 0.212597  -0.220314 -0.258217 0.940631  0.778747 0.181325 1 5 1.000000
0  -0.007422 -0.007478 0.212875  0.120587 -0.317607 0.940524  0.786039 0.166624 1 5 1.000000
0  -0.012584 -0.002573 0.213400  -0.305321 -0.107523 0.946160  0.798441 0.195485 1 5 1.000000
dd_c
0  -0.011952 -0.007439 0.212597  -0.220314 -0.258217 0.940631  0.778747 0.181325 1 5 1.000000
0  -0.007452 -0.012226 0.210942  0.126352 -0.625274 0.770109  0.771189 0.159778 1 5 1.000000
0  -0.007422 -0.007478 0.212875  0.120587 -0.317607 0.940524  0.786039 0.166624 1 5 1.000000
dd_c
0  -0.007452 -0.012226 0.210942  0.126352 -0.625274 0.770109  0.771189 0.159778 1 5 1.000000
0  -0.002398 -0.010990 0.209360  0.511017 -0.561888 0.650494  0.778857 0.145763 1 5 1.000000
0  -0.007422 -0.007478 0.212875  0.120587 -0.317607 0.940524  0.786039 0.166624 1 5 1.000000
dd_c
0  -0.002398 -0.010990 0.209360  0.511017 -0.561888 0.650494  0.778857 0.145763 1 5 1.000000
0  -0.007452 -0.012226 0.210942  0.126352 -0.625274 0.770109  0.771189 0.159778 1 5 1.000000
0  -0.001146 -0.015003 0.202761  0.549292 -0.663090 0.508518  0.761706 0.126725 1 5 1.000000
dd_c
0  0.004205 -0.010280 0.199641  0.796806 -0.402327 0.450814  0.779205 0.106581 1 5 1.000000
0  -0.002398 -0.010990 0.209360  0.511017 -0.561888 0.650494  0.778857 0.145763 1 5 1.000000
0  -0.001146 -0.015003 0.202761  0.549292 -0.663090 0.508518  0.761706 0.126725 1 5 1.000000
dd_c
0  -0.012530 -0.010983 0.211136  -0.299120 -0.553526 0.777262  0.766130 0.175774 1 5 1.000000
0  -0.007452 -0.012226 0.210942  0.126352 -0.625274 0.770109  0.771189 0.159778 1 5 1.000000
0  -0.011952 -0.007439 0.212597  -0.220314 -0.258217 0.940631  0.778747 0.181325 1 5 1.000000
dd_c
0  -0.012530 -0.010983 0.211136  -0.299120 -0.553526 0.777262  0.766130 0.175774 1 5 1.000000
0  -0.011952 -0.007439 0.212597  -0.220314 -0.258217 0.940631  0.778747 0.181325 1 5 1.000000
0  -0.016518 -0.007526 0.210574  -0.553671 -0.336367 0.761778  0.765082 0.196201 1 5 1.000000
dd_c
0  -0.057900 -0.002685 0.014932  -0.706164 0.464368 -0.534504  0.795232 0.534516 2 1 0.807046 2 0.192954
0  -0.053207 0.000133 0.014044  -0.407609 -0.000002 -0.913156  0.807892 0.553569 2 1 0.806431 2 0.193569
0  -0.060302 -0.015282 0.014907  -0.786520 -0.012205 -0.617445  0.743842 0.524810 2 1 0.807469 2 0.192531
dd_c
0  -0.060302 -0.015282 0.014907  -0.786520 -0.012205 -0.617445  0.743842 0.524810 2 1 0.807469 2 0.192531
0  -0.053207 0.000133 0.014044  -0.407609 -0.000002 -0.913156  0.807892 0.553569 2 1 0.806431 2 0.193569
0  -0.052965 -0.013611 0.013742  -0.100077 -0.007838 -0.994949  0.750853 0.553876 2 1 0.806412 2 0.193588
dd_c
0  -0.060302 -0.015282 0.014907  -0.786520 -0.012205 -0.617445  0.743842 0.524810 2 1 0.807469 2 0.192531
0  -0.052965 -0.013611 0.013742  -0.100077 -0.007838 -0.994949  0.750853 0.553876 2 1 0.806412 2 0.193588
0  -0.057915 -0.027806 0.014912  -0.755033 -0.279497 -0.593133  0.692472 0.534600 2 1 0.808039 2 0.191961
dd_c
0  -0.057915 -0.027806 0.014912  -0.755033 -0.279497 -0.593133  0.692472 0.534600 2 1 0.808039 2 0.191961
0  -0.052965 -0.013611 0.013742  -0.100077 -0.007838 -0.994949  0.750853 0.553876 2 1 0.806412 2 0.193588
0  -0.049510 -0.029179 0.013718  -0.073336 -0.010623 -0.997251  0.686002 0.568081 2 1 0.807527 2 0.192473
dd_c
0  -0.057915 -0.027806 0.014912  -0.755033 -0.279497 -0.593133  0.692472 0.534600 2 1 0.808039 2 0.191961
0  -0.049510 -0.029179 0.013718  -0.073336 -0.010623 -0.997251  0.686002 0.568081 2 1 0.807527 2 0.192473
0  -0.053293 -0.035764 0.014191  -0.596006 -0.534333 -0.599387  0.659880 0.553542 2 1 0.808291 2 0.191709
dd_c
0  -0.053293 -0.035764 0.014191  -0.596006 -0.534333 -0.599387  0.659880 0.553542 2 1 0.808291 2 0.191709
0  -0.049510 -0.029179 0.013718  -0.073336 -0.010623 -0.997251  0.686002 0.568081 2 1 0.807527 2 0.192473
0  -0.045315 -0.040389 0.013739  -0.278379 -0.694412 -0.663549  0.640979 0.586074 2 1 0.808484 2 0.191516
dd_c
0  -0.049510 -0.029179 0.013718  -0.073336 -0.010623 -0.997251  0.686002 0.568081 2 1 0.807527 2 0.192473
0  -0.036956 -0.029963 0.013500  -0.008780 -0.007964 -0.999930  0.682740 0.620147 2 1 0.807065 2 0.192935
0  -0.045315 -0.040389 0.013739  -0.278379 -0.694412 -0.663549  0.640979 0.586074 2 1 0.808484 2 0.191516
dd_c
0  -0.045315 -0.040389 0.013739  -0.278379 -0.694412 -0.663549  0.640979 0.586074 2 1 0.808484 2 0.191516
0  -0.036956 -0.029963 0.013500  -0.008780 -0.007964 -0.999930  0.682740 0.620147 2 1 0.807065 2 0.192935
0  -0.032784 -0.042786 0.013740  0.007052 -0.747468 -0.664261  0.631189 0.637462 2 1 0.808813 2 0.191187
dd_c
0  -0.036956 -0.029963 0.013500  -0.008780 -0.007964 -0.999930  0.682740 0.620147 2 1 0.807065 2 0.192935
0  -0.022739 -0.026784 0.013384  0.009135 -0.006327 -0.999938  0.695938 0.679149 2 1 0.806839 2 0.193161
0  -0.032784 -0.042786 0.013740  0.007052 -0.747468 -0.664261  0.631189 0.637462 2 1 0.808813 2 0.191187
dd_c
0  -0.032784 -0.042786 0.013740  0.007052 -0.747468 -0.664261  0.631189 0.637462 2 1 0.808813 2 0.191187
0  -0.022739 -0.026784 0.013384  0.009135 -0.006327 -0.999938  0.695938 0.679149 2 1 0.806839 2 0.193161
0  -0.020249 -0.040396 0.013744  0.286927 -0.705291 -0.648257  0.640984 0.688848 2 1 0.809137 2 0.190863
dd_c
0  -0.022739 -0.026784 0.013384  0.009135 -0.006327 -0.999938  0.695938 0.679149 2 1 0.806839 2 0.193161
0  -0.011990 -0.022104 0.013609  0.126078 -0.014326 -0.991917  0.715424 0.723539 2 1 0.807774 2 0.192226
0  -0.020249 -0.040396 0.013744  0.286927 -0.705291 -0.648257  0.640984 0.688848 2 1 0.809137 2 0.190863
dd_c
0  -0.020249 -0.040396 0.013744  0.286927 -0.705291 -0.648257  0.640984 0.688848 2 1 0.809137 2 0.190863
0  -0.011990 -0.022104 0.013609  0.126078 -0.014326 -0.991917  0.715424 0.723539 2 1 0.807774 2 0.192226
0  -0.012267 -0.035776 0.014201  0.576069 -0.567863 -0.587943  0.659871 0.721404 2 1 0.809527 2 0.190473
dd_c
0  -0.011990 -0.022104 0.013609  0.126078 -0.014326 -0.991917  0.715424 0.723539 2 1 0.807774 2 0.192226
0  -0.005258 -0.015277 0.014908  0.790798 0.017663 -0.611823  0.743807 0.750171 2 1 0.806885 2 0.193115
0  -0.012267 -0.035776 0.014201  0.576069 -0.567863 -0.587943  0.659871 0.721404 2 1 0.809527 2 0.190473
dd_c
0  -0.012267 -0.035776 0.014201  0.576069 -0.567863 -0.587943  0.659871 0.721404 2 1 0.809527 2 0.190473
0  -0.005258 -0.015277 0.014908  0.790798 0.017663 -0.611823  0.743807 0.750171 2 1 0.806885 2 0.193115
0  -0.007634 -0.027807 0.014926  0.772208 -0.275927 -0.572328  0.692413 0.740461 2 1 0.808892 2 0.191108
dd_c
0  -0.032770 0.000133 0.013031  0.004020 -0.000000 -0.999992  0.807892 0.637493 2 1 0.800365 2 0.199635
0  -0.020370 0.000133 0.013031  0.051053 -0.000000 -0.998696  0.807892 0.688845 2 1 0.792829 2 0.207171
0  -0.027732 -0.010477 0.013586  0.007151 -0.021518 -0.999743  0.763867 0.658434 2 1 0.799622 2 0.200378
dd_c
0  -0.027732 -0.010477 0.013586  0.007151 -0.021518 -0.999743  0.763867 0.658434 2 1 0.799622 2 0.200378
0  -0.020370 0.000133 0.013031  0.051053 -0.000000 -0.998696  0.807892 0.688845 2 1 0.792829 2 0.207171
0  -0.015375 -0.007003 0.013730  0.086550 -0.004704 -0.996236  0.778294 0.709617 2 1 0.790181 2 0.209819
dd_c
0  -0.020370 0.000133 0.013031  0.051053 -0.000000 -0.998696  0.807892 0.688845 2 1 0.792829 2 0.207171
0  -0.012348 0.000133 0.014046  0.408024 0.000001 -0.912971  0.807892 0.721379 2 1 0.783767 2 0.216233
0  -0.015375 -0.007003 0.013730  0.086550 -0.004704 -0.996236  0.778294 0.709617 2 1 0.790181 2 0.209819
dd_c
0  -0.015375 -0.007003 0.013730  0.086550 -0.004704 -0.996236  0.778294 0.709617 2 1 0.790181 2 0.209819
0  -0.012348 0.000133 0.014046  0.408024 0.000001 -0.912971  0.807892 0.721379 2 1 0.783767 2 0.216233
0  -0.007662 -0.002688 0.014929  0.700919 0.452209 -0.551561  0.795192 0.740393 2 1 0.771518 2 0.228482
dd_c
0  -0.007662 0.002953 0.014929  0.700989 -0.452113 -0.551551  0.820592 0.740393 2 1 0.771583 2 0.228417
0  -0.012348 0.000133 0.014046  0.408024 0.000001 -0.912971  0.807892 0.721379 2 1 0.783767 2 0.216233
0  -0.015375 0.007268 0.013730  0.086550 0.004703 -0.996236  0.837490 0.709617 2 1 0.790169 2 0.209831
dd_c
0  -0.015375 0.007268 0.013730  0.086550 0.004703 -0.996236  0.837490 0.709617 2 1 0.790169 2 0.209831
0  -0.012348 0.000133 0.014046  0.408024 0.000001 -0.912971  0.807892 0.721379 2 1 0.783767 2 0.216233
0  -0.020370 0.000133 0.013031  0.051053 -0.000000 -0.998696  0.807892 0.688845 2 1 0.792829 2 0.207171
dd_c
0  -0.015375 0.007268 0.013730  0.086550 0.004703 -0.996236  0.837490 0.709617 2 1 0.790169 2 0.209831
0  -0.020370 0.000133 0.013031  0.051053 -0.000000 -0.998696  0.807892 0.688845 2 1 0.792829 2 0.207171
0  -0.027732 0.010743 0.013586  0.007151 0.021518 -0.999743  0.851917 0.658434 2 1 0.799599 2 0.200401
dd_c
0  -0.027732 0.010743 0.013586  0.007151 0.021518 -0.999743  0.851917 0.658434 2 1 0.799599 2 0.200401
0  -0.020370 0.000133 0.013031  0.051053 -0.000000 -0.998696  0.807892 0.688845 2 1 0.792829 2 0.207171
0  -0.032770 0.000133 0.013031  0.004020 -0.000000 -0.999992  0.807892 0.637493 2 1 0.800365 2 0.199635
dd_c
0  -0.027732 0.010743 0.013586  0.007151 0.021518 -0.999743  0.851917 0.658434 2 1 0.799599 2 0.200401
0  -0.032770 0.000133 0.013031  0.004020 -0.000000 -0.999992  0.807892 0.637493 2 1 0.800365 2 0.199635
0  -0.041955 0.013482 0.013542  -0.006774 0.020075 -0.999775  0.863289 0.599427 2 1 0.804303 2 0.195697
dd_c
0  -0.041955 0.013482 0.013542  -0.006774 0.020075 -0.999775  0.863289 0.599427 2 1 0.804303 2 0.195697
0  -0.032770 0.000133 0.013031  0.004020 -0.000000 -0.999992  0.807892 0.637493 2 1 0.800365 2 0.199635
0  -0.045172 0.000133 0.013031  -0.046045 -0.000000 -0.998939  0.807892 0.586126 2 1 0.804428 2 0.195572
dd_c
0  -0.045172 0.000133 0.013031  -0.046045 -0.000000 -0.998939  0.807892 0.586126 2 1 0.804428 2 0.195572
0  -0.032770 0.000133 0.013031  0.004020 -0.000000 -0.999992  0.807892 0.637493 2 1 0.800365 2 0.199635
0  -0.041955 -0.013217 0.013542  -0.006774 -0.020076 -0.999775  0.752495 0.599427 2 1 0.804323 2 0.195677
dd_c
0  -0.041955 -0.013217 0.013542  -0.006774 -0.020076 -0.999775  0.752495 0.599427 2 1 0.804323 2 0.195677
0  -0.032770 0.000133 0.013031  0.004020 -0.000000 -0.999992  0.807892 0.637493 2 1 0.800365 2 0.199635
0  -0.027732 -0.010477 0.013586  0.007151 -0.021518 -0.999743  0.763867 0.658434 2 1 0.799622 2 0.200378
dd_c
0  -0.005258 0.015543 0.014908  0.790798 -0.017615 -0.611824  0.871977 0.750171 2 1 0.806721 2 0.193279
0  -0.007662 0.002953 0.014929  0.700989 -0.452113 -0.551551  0.820592 0.740393 2 1 0.771583 2 0.228417
0  -0.011990 0.022369 0.013609  0.126077 0.014326 -0.991917  0.900360 0.723539 2 1 0.807655 2 0.192345
dd_c
0  -0.011990 0.022369 0.013609  0.126077 0.014326 -0.991917  0.900360 0.723539 2 1 0.807655 2 0.192345
0  -0.007662 0.002953 0.014929  0.700989 -0.452113 -0.551551  0.820592 0.740393 2 1 0.771583 2 0.228417
0  -0.015375 0.007268 0.013730  0.086550 0.004703 -0.996236  0.837490 0.709617 2 1 0.790169 2 0.209831
dd_c
0  -0.011990 0.022369 0.013609  0.126077 0.014326 -0.991917  0.900360 0.723539 2 1 0.807655 2 0.192345
0  -0.015375 0.007268 0.013730  0.086550 0.004703 -0.996236  0.837490 0.709617 2 1 0.790169 2 0.209831
0  -0.022739 0.027050 0.013384  0.009135 0.006327 -0.999938  0.919846 0.679149 2 1 0.806765 2 0.193235
dd_c
0  -0.022739 0.027050 0.013384  0.009135 0.006327 -0.999938  0.919846 0.679149 2 1 0.806765 2 0.193235
0  -0.015375 0.007268 0.013730  0.086550 0.004703 -0.996236  0.837490 0.709617 2 1 0.790169 2 0.209831
0  -0.027732 0.010743 0.013586  0.007151 0.021518 -0.999743  0.851917 0.658434 2 1 0.799599 2 0.200401
dd_c
0  -0.022739 0.027050 0.013384  0.009135 0.006327 -0.999938  0.919846 0.679149 2 1 0.806765 2 0.193235
0  -0.027732 0.010743 0.013586  0.007151 0.021518 -0.999743  0.851917 0.658434 2 1 0.799599 2 0.200401
0  -0.036956 0.030228 0.013500  -0.008780 0.007964 -0.999930  0.933044 0.620147 2 1 0.807018 2 0.192982
dd_c
0  -0.036956 0.030228 0.013500  -0.008780 0.007964 -0.999930  0.933044 0.620147 2 1 0.807018 2 0.192982
0  -0.027732 0.010743 0.013586  0.007151 0.021518 -0.999743  0.851917 0.658434 2 1 0.799599 2 0.200401
0  -0.041955 0.013482 0.013542  -0.006774 0.020075 -0.999775  0.863289 0.599427 2 1 0.804303 2 0.195697
dd_c
0  -0.036956 0.030228 0.013500  -0.008780 0.007964 -0.999930  0.933044 0.620147 2 1 0.807018 2 0.192982
0  -0.041955 0.013482 0.013542  -0.006774 0.020075 -0.999775  0.863289 0.599427 2 1 0.804303 2 0.195697
0  -0.049510 0.029445 0.013718  -0.073336 0.010622 -0.997251  0.929782 0.568081 2 1 0.807492 2 0.192508
dd_c
0  -0.049510 0.029445 0.013718  -0.073336 0.010622 -0.997251  0.929782 0.568081 2 1 0.807492 2 0.192508
0  -0.041955 0.013482 0.013542  -0.006774 0.020075 -0.999775  0.863289 0.599427 2 1 0.804303 2 0.195697
0  -0.052965 0.013876 0.013742  -0.100076 0.007838 -0.994949  0.864931 0.553876 2 1 0.806394 2 0.193606
dd_c
0  -0.041955 0.013482 0.013542  -0.006774 0.020075 -0.999775  0.863289 0.599427 2 1 0.804303 2 0.195697
0  -0.045172 0.000133 0.013031  -0.046045 -0.000000 -0.998939  0.807892 0.586126 2 1 0.804428 2 0.195572
0  -0.052965 0.013876 0.013742  -0.100076 0.007838 -0.994949  0.864931 0.553876 2 1 0.806394 2 0.193606
dd_c
0  -0.052965 0.013876 0.013742  -0.100076 0.007838 -0.994949  0.864931 0.553876 2 1 0.806394 2 0.193606
0  -0.045172 0.000133 0.013031  -0.046045 -0.000000 -0.998939  0.807892 0.586126 2 1 0.804428 2 0.195572
0  -0.053207 0.000133 0.014044  -0.407609 -0.000002 -0.913156  0.807892 0.553569 2 1 0.806431 2 0.193569
dd_c
0  -0.053207 0.000133 0.014044  -0.407609 -0.000002 -0.913156  0.807892 0.553569 2 1 0.806431 2 0.193569
0  -0.045172 0.000133 0.013031  -0.046045 -0.000000 -0.998939  0.807892 0.586126 2 1 0.804428 2 0.195572
0  -0.052965 -0.013611 0.013742  -0.100077 -0.007838 -0.994949  0.750853 0.553876 2 1 0.806412 2 0.193588
dd_c
0  -0.052965 -0.013611 0.013742  -0.100077 -0.007838 -0.994949  0.750853 0.553876 2 1 0.806412 2 0.193588
0  -0.045172 0.000133 0.013031  -0.046045 -0.000000 -0.998939  0.807892 0.586126 2 1 0.804428 2 0.195572
0  -0.041955 -0.013217 0.013542  -0.006774 -0.020076 -0.999775  0.752495 0.599427 2 1 0.804323 2 0.195677
dd_c
0  -0.052965 -0.013611 0.013742  -0.100077 -0.007838 -0.994949  0.750853 0.553876 2 1 0.806412 2 0.193588
0  -0.041955 -0.013217 0.013542  -0.006774 -0.020076 -0.999775  0.752495 0.599427 2 1 0.804323 2 0.195677
0  -0.049510 -0.029179 0.013718  -0.073336 -0.010623 -0.997251  0.686002 0.568081 2 1 0.807527 2 0.192473
dd_c
0  -0.049510 -0.029179 0.013718  -0.073336 -0.010623 -0.997251  0.686002 0.568081 2 1 0.807527 2 0.192473
0  -0.041955 -0.013217 0.013542  -0.006774 -0.020076 -0.999775  0.752495 0.599427 2 1 0.804323 2 0.195677
0  -0.036956 -0.029963 0.013500  -0.008780 -0.007964 -0.999930  0.682740 0.620147 2 1 0.807065 2 0.192935
dd_c
0  -0.041955 -0.013217 0.013542  -0.006774 -0.020076 -0.999775  0.752495 0.599427 2 1 0.804323 2 0.195677
0  -0.027732 -0.010477 0.013586  0.007151 -0.021518 -0.999743  0.763867 0.658434 2 1 0.799622 2 0.200378
0  -0.036956 -0.029963 0.013500  -0.008780 -0.007964 -0.999930  0.682740 0.620147 2 1 0.807065 2 0.192935
dd_c
0  -0.036956 -0.029963 0.013500  -0.008780 -0.007964 -0.999930  0.682740 0.620147 2 1 0.807065 2 0.192935
0  -0.027732 -0.010477 0.013586  0.007151 -0.021518 -0.999743  0.763867 0.658434 2 1 0.799622 2 0.200378
0  -0.022739 -0.026784 0.013384  0.009135 -0.006327 -0.999938  0.695938 0.679149 2 1 0.806839 2 0.193161
dd_c
0  -0.027732 -0.010477 0.013586  0.007151 -0.021518 -0.999743  0.763867 0.658434 2 1 0.799622 2 0.200378
0  -0.015375 -0.007003 0.013730  0.086550 -0.004704 -0.996236  0.778294 0.709617 2 1 0.790181 2 0.209819
0  -0.022739 -0.026784 0.013384  0.009135 -0.006327 -0.999938  0.695938 0.679149 2 1 0.806839 2 0.193161
dd_c
0  -0.022739 -0.026784 0.013384  0.009135 -0.006327 -0.999938  0.695938 0.679149 2 1 0.806839 2 0.193161
0  -0.015375 -0.007003 0.013730  0.086550 -0.004704 -0.996236  0.778294 0.709617 2 1 0.790181 2 0.209819
0  -0.011990 -0.022104 0.013609  0.126078 -0.014326 -0.991917  0.715424 0.723539 2 1 0.807774 2 0.192226
dd_c
0  -0.015375 -0.007003 0.013730  0.086550 -0.004704 -0.996236  0.778294 0.709617 2 1 0.790181 2 0.209819
0  -0.007662 -0.002688 0.014929  0.700919 0.452209 -0.551561  0.795192 0.740393 2 1 0.771518 2 0.228482
0  -0.011990 -0.022104 0.013609  0.126078 -0.014326 -0.991917  0.715424 0.723539 2 1 0.807774 2 0.192226
dd_c
0  -0.011990 -0.022104 0.013609  0.126078 -0.014326 -0.991917  0.715424 0.723539 2 1 0.807774 2 0.192226
0  -0.007662 -0.002688 0.014929  0.700919 0.452209 -0.551561  0.795192 0.740393 2 1 0.771518 2 0.228482
0  -0.005258 -0.015277 0.014908  0.790798 0.017663 -0.611823  0.743807 0.750171 2 1 0.806885 2 0.193115
dd_c
0  -0.060302 0.015548 0.014907  -0.786519 0.012229 -0.617445  0.871942 0.524810 2 1 0.807450 2 0.192550
0  -0.053207 0.000133 0.014044  -0.407609 -0.000002 -0.913156  0.807892 0.553569 2 1 0.806431 2 0.193569
0  -0.057900 0.002950 0.014932  -0.706148 -0.464390 -0.534507  0.820552 0.534516 2 1 0.807041 2 0.192959
dd_c
0  -0.052965 0.013876 0.013742  -0.100076 0.007838 -0.994949  0.864931 0.553876 2 1 0.806394 2 0.193606
0  -0.053207 0.000133 0.014044  -0.407609 -0.000002 -0.913156  0.807892 0.553569 2 1 0.806431 2 0.193569
0  -0.060302 0.015548 0.014907  -0.786519 0.012229 -0.617445  0.871942 0.524810 2 1 0.807450 2 0.192550
dd_c
0  -0.057915 0.028071 0.014912  -0.755023 0.279522 -0.593134  0.923312 0.534600 2 1 0.808010 2 0.191990
0  -0.052965 0.013876 0.013742  -0.100076 0.007838 -0.994949  0.864931 0.553876 2 1 0.806394 2 0.193606
0  -0.060302 0.015548 0.014907  -0.786519 0.012229 -0.617445  0.871942 0.524810 2 1 0.807450 2 0.192550
dd_c
0  -0.049510 0.029445 0.013718  -0.073336 0.010622 -0.997251  0.929782 0.568081 2 1 0.807492 2 0.192508
0  -0.052965 0.013876 0.013742  -0.100076 0.007838 -0.994949  0.864931 0.553876 2 1 0.806394 2 0.193606
0  -0.057915 0.028071 0.014912  -0.755023 0.279522 -0.593134  0.923312 0.534600 2 1 0.808010 2 0.191990
dd_c
0  -0.053293 0.036030 0.014191  -0.596005 0.534334 -0.599387  0.955904 0.553542 2 1 0.808255 2 0.191745
0  -0.049510 0.029445 0.013718  -0.073336 0.010622 -0.997251  0.929782 0.568081 2 1 0.807492 2 0.192508
0  -0.057915 0.028071 0.014912  -0.755023 0.279522 -0.593134  0.923312 0.534600 2 1 0.808010 2 0.191990
dd_c
0  -0.045315 0.040654 0.013739  -0.278351 0.694422 -0.663550  0.974805 0.586074 2 1 0.808441 2 0.191559
0  -0.049510 0.029445 0.013718  -0.073336 0.010622 -0.997251  0.929782 0.568081 2 1 0.807492 2 0.192508
0  -0.053293 0.036030 0.014191  -0.596005 0.534334 -0.599387  0.955904 0.553542 2 1 0.808255 2 0.191745
dd_c
0  -0.045315 0.040654 0.013739  -0.278351 0.694422 -0.663550  0.974805 0.586074 2 1 0.808441 2 0.191559
0  -0.036956 0.030228 0.013500  -0.008780 0.007964 -0.999930  0.933044 0.620147 2 1 0.807018 2 0.192982
0  -0.049510 0.029445 0.013718  -0.073336 0.010622 -0.997251  0.929782 0.568081 2 1 0.807492 2 0.192508
dd_c
0  -0.032784 0.043052 0.013740  0.007077 0.747467 -0.664261  0.984595 0.637462 2 1 0.808760 2 0.191240
0  -0.036956 0.030228 0.013500  -0.008780 0.007964 -0.999930  0.933044 0.620147 2 1 0.807018 2 0.192982
0  -0.045315 0.040654 0.013739  -0.278351 0.694422 -0.663550  0.974805 0.586074 2 1 0.808441 2 0.191559
dd_c
0  -0.032784 0.043052 0.013740  0.007077 0.747467 -0.664261  0.984595 0.637462 2 1 0.808760 2 0.191240
0  -0.022739 0.027050 0.013384  0.009135 0.006327 -0.999938  0.919846 0.679149 2 1 0.806765 2 0.193235
0  -0.036956 0.030228 0.013500  -0.008780 0.007964 -0.999930  0.933044 0.620147 2 1 0.807018 2 0.192982
dd_c
0  -0.020249 0.040661 0.013744  0.286955 0.705280 -0.648257  0.974800 0.688848 2 1 0.809070 2 0.190930
0  -0.022739 0.027050 0.013384  0.009135 0.006327 -0.999938  0.919846 0.679149 2 1 0.806765 2 0.193235
0  -0.032784 0.043052 0.013740  0.007077 0.747467 -0.664261  0.984595 0.637462 2 1 0.808760 2 0.191240
dd_c
0  -0.020249 0.040661 0.013744  0.286955 0.705280 -0.648257  0.974800 0.688848 2 1 0.809070 2 0.190930
0  -0.011990 0.022369 0.013609  0.126077 0.014326 -0.991917  0.900360 0.723539 2 1 0.807655 2 0.192345
0  -0.022739 0.027050 0.013384  0.009135 0.006327 -0.999938  0.919846 0.679149 2 1 0.806765 2 0.193235
dd_c
0  -0.012267 0.036042 0.014201  0.576070 0.567861 -0.587943  0.955913 0.721404 2 1 0.809443 2 0.190557
0  -0.011990 0.022369 0.013609  0.126077 0.014326 -0.991917  0.900360 0.723539 2 1 0.807655 2 0.192345
0  -0.020249 0.040661 0.013744  0.286955 0.705280 -0.648257  0.974800 0.688848 2 1 0.809070 2 0.190930
dd_c
0  -0.012267 0.036042 0.014201  0.576070 0.567861 -0.587943  0.955913 0.721404 2 1 0.809443 2 0.190557
0  -0.005258 0.015543 0.014908  0.790798 -0.017615 -0.611824  0.871977 0.750171 2 1 0.806721 2 0.193279
0  -0.011990 0.022369 0.013609  0.126077 0.014326 -0.991917  0.900360 0.723539 2 1 0.807655 2 0.192345
dd_c
0  -0.007634 0.028072 0.014926  0.772218 0.275902 -0.572327  0.923371 0.740461 2 1 0.808778 2 0.191222
0  -0.005258 0.015543 0.014908  0.790798 -0.017615 -0.611824  0.871977 0.750171 2 1 0.806721 2 0.193279
0  -0.012267 0.036042 0.014201  0.576070 0.567861 -0.587943  0.955913 0.721404 2 1 0.809443 2 0.190557
dd_c
0  0.025184 0.018268 0.000977  0.579442 0.462133 -0.671327  0.383634 0.956551 1 1 1.000000
0  0.030800 0.006605 0.000977  0.729453 0.166357 -0.663493  0.354208 0.980851 1 1 1.000000
0  0.015064 0.026338 0.000977  0.325433 0.674966 -0.662204  0.399604 0.921890 1 1 1.000000
dd_c
0  0.015064 0.026338 0.000977  0.325433 0.674966 -0.662204  0.399604 0.921890 1 1 1.000000
0  0.015164 0.012924 0.000613  0.016525 0.013965 -0.999766  0.362572 0.932414 1 1 1.000000
0  0.002444 0.029219 0.000977  0.000969 0.749720 -0.661754  0.398953 0.883733 1 1 1.000000
dd_c
0  0.015064 0.026338 0.000977  0.325433 0.674966 -0.662204  0.399604 0.921890 1 1 1.000000
0  0.030800 0.006605 0.000977  0.729453 0.166357 -0.663493  0.354208 0.980851 1 1 1.000000
0  0.015164 0.012924 0.000613  0.016525 0.013965 -0.999766  0.362572 0.932414 1 1 1.000000
dd_c
0  0.030800 0.006605 0.000977  0.729453 0.166357 -0.663493  0.354208 0.980851 1 1 1.000000
0  0.030800 -0.006340 0.000977  0.728338 -0.166607 -0.664654  0.317152 0.989977 1 1 1.000000
0  0.015164 0.012924 0.000613  0.016525 0.013965 -0.999766  0.362572 0.932414 1 1 1.000000
dd_c
0  0.002444 0.029219 0.000977  0.000969 0.749720 -0.661754  0.398953 0.883733 1 1 1.000000
0  -0.003467 0.017176 0.000613  -0.007318 0.016584 -0.999836  0.361583 0.874479 1 1 1.000000
0  -0.010176 0.026338 0.000977  -0.326066 0.676089 -0.660746  0.381810 0.849637 1 1 1.000000
dd_c
0  0.002444 0.029219 0.000977  0.000969 0.749720 -0.661754  0.398953 0.883733 1 1 1.000000
0  0.015164 0.012924 0.000613  0.016525 0.013965 -0.999766  0.362572 0.932414 1 1 1.000000
0  -0.003467 0.017176 0.000613  -0.007318 0.016584 -0.999836  0.361583 0.874479 1 1 1.000000
dd_c
0  0.015164 0.012924 0.000613  0.016525 0.013965 -0.999766  0.362572 0.932414 1 1 1.000000
0  0.012894 -0.002252 0.000613  0.010405 -0.002740 -0.999942  0.316243 0.936734 1 1 1.000000
0  -0.003467 0.017176 0.000613  -0.007318 0.016584 -0.999836  0.361583 0.874479 1 1 1.000000
dd_c
0  0.015164 0.012924 0.000613  0.016525 0.013965 -0.999766  0.362572 0.932414 1 1 1.000000
0  0.030800 -0.006340 0.000977  0.728338 -0.166607 -0.664654  0.317152 0.989977 1 1 1.000000
0  0.012894 -0.002252 0.000613  0.010405 -0.002740 -0.999942  0.316243 0.936734 1 1 1.000000
dd_c
0  0.030800 -0.006340 0.000977  0.728338 -0.166607 -0.664654  0.317152 0.989977 1 1 1.000000
0  0.025184 -0.018002 0.000977  0.585734 -0.465143 -0.663745  0.279806 0.982120 1 1 1.000000
0  0.012894 -0.002252 0.000613  0.010405 -0.002740 -0.999942  0.316243 0.936734 1 1 1.000000
dd_c
0  0.012894 -0.002252 0.000613  0.010405 -0.002740 -0.999942  0.316243 0.936734 1 1 1.000000
0  0.025184 -0.018002 0.000977  0.585734 -0.465143 -0.663745  0.279806 0.982120 1 1 1.000000
0  0.008354 -0.016911 0.000613  0.007318 -0.016585 -0.999836  0.269795 0.933997 1 1 1.000000
dd_c
0  0.025184 -0.018002 0.000977  0.585734 -0.465143 -0.663745  0.279806 0.982120 1 1 1.000000
0  0.015064 -0.026073 0.000977  0.326066 -0.676089 -0.660746  0.249568 0.958839 1 1 1.000000
0  0.008354 -0.016911 0.000613  0.007318 -0.016585 -0.999836  0.269795 0.933997 1 1 1.000000
dd_c
0  0.008354 -0.016911 0.000613  0.007318 -0.016585 -0.999836  0.269795 0.933997 1 1 1.000000
0  0.015064 -0.026073 0.000977  0.326066 -0.676089 -0.660746  0.249568 0.958839 1 1 1.000000
0  0.002444 -0.028953 0.000977  -0.000969 -0.749720 -0.661754  0.232425 0.924742 1 1 1.000000
dd_c
0  0.008354 -0.016911 0.000613  0.007318 -0.016585 -0.999836  0.269795 0.933997 1 1 1.000000
0  0.002444 -0.028953 0.000977  -0.000969 -0.749720 -0.661754  0.232425 0.924742 1 1 1.000000
0  -0.010276 -0.012658 0.000613  -0.016525 -0.013965 -0.999766  0.268806 0.876061 1 1 1.000000
dd_c
0  -0.010276 -0.012658 0.000613  -0.016525 -0.013965 -0.999766  0.268806 0.876061 1 1 1.000000
0  0.002444 -0.028953 0.000977  -0.000969 -0.749720 -0.661754  0.232425 0.924742 1 1 1.000000
0  -0.010176 -0.026073 0.000977  -0.325435 -0.674966 -0.662204  0.231774 0.886585 1 1 1.000000
dd_c
0  -0.010276 -0.012658 0.000613  -0.016525 -0.013965 -0.999766  0.268806 0.876061 1 1 1.000000
0  -0.010176 -0.026073 0.000977  -0.325435 -0.674966 -0.662204  0.231774 0.886585 1 1 1.000000
0  -0.025913 -0.006340 0.000977  -0.729453 -0.166358 -0.663493  0.277170 0.827624 1 1 1.000000
dd_c
0  -0.025913 -0.006340 0.000977  -0.729453 -0.166358 -0.663493  0.277170 0.827624 1 1 1.000000
0  -0.010176 -0.026073 0.000977  -0.325435 -0.674966 -0.662204  0.231774 0.886585 1 1 1.000000
0  -0.020297 -0.018002 0.000977  -0.579442 -0.462133 -0.671327  0.247744 0.851924 1 1 1.000000
dd_c
0  -0.020297 0.018268 0.000977  -0.585734 0.465143 -0.663746  0.351572 0.826355 1 1 1.000000
0  -0.008006 0.002518 0.000613  -0.010405 0.002739 -0.999942  0.315135 0.871741 1 1 1.000000
0  -0.025913 0.006605 0.000977  -0.728338 0.166607 -0.664654  0.314226 0.818499 1 1 1.000000
dd_c
0  -0.010176 0.026338 0.000977  -0.326066 0.676089 -0.660746  0.381810 0.849637 1 1 1.000000
0  -0.003467 0.017176 0.000613  -0.007318 0.016584 -0.999836  0.361583 0.874479 1 1 1.000000
0  -0.020297 0.018268 0.000977  -0.585734 0.465143 -0.663746  0.351572 0.826355 1 1 1.000000
dd_c
0  -0.003467 0.017176 0.000613  -0.007318 0.016584 -0.999836  0.361583 0.874479 1 1 1.000000
0  -0.008006 0.002518 0.000613  -0.010405 0.002739 -0.999942  0.315135 0.871741 1 1 1.000000
0  -0.020297 0.018268 0.000977  -0.585734 0.465143 -0.663746  0.351572 0.826355 1 1 1.000000
dd_c
0  -0.003467 0.017176 0.000613  -0.007318 0.016584 -0.999836  0.361583 0.874479 1 1 1.000000
0  0.012894 -0.002252 0.000613  0.010405 -0.002740 -0.999942  0.316243 0.936734 1 1 1.000000
0  -0.008006 0.002518 0.000613  -0.010405 0.002739 -0.999942  0.315135 0.871741 1 1 1.000000
dd_c
0  0.012894 -0.002252 0.000613  0.010405 -0.002740 -0.999942  0.316243 0.936734 1 1 1.000000
0  0.008354 -0.016911 0.000613  0.007318 -0.016585 -0.999836  0.269795 0.933997 1 1 1.000000
0  -0.008006 0.002518 0.000613  -0.010405 0.002739 -0.999942  0.315135 0.871741 1 1 1.000000
dd_c
0  -0.008006 0.002518 0.000613  -0.010405 0.002739 -0.999942  0.315135 0.871741 1 1 1.000000
0  0.008354 -0.016911 0.000613  0.007318 -0.016585 -0.999836  0.269795 0.933997 1 1 1.000000
0  -0.010276 -0.012658 0.000613  -0.016525 -0.013965 -0.999766  0.268806 0.876061 1 1 1.000000
dd_c
0  -0.008006 0.002518 0.000613  -0.010405 0.002739 -0.999942  0.315135 0.871741 1 1 1.000000
0  -0.010276 -0.012658 0.000613  -0.016525 -0.013965 -0.999766  0.268806 0.876061 1 1 1.000000
0  -0.025913 0.006605 0.000977  -0.728338 0.166607 -0.664654  0.314226 0.818499 1 1 1.000000
dd_c
0  -0.025913 0.006605 0.000977  -0.728338 0.166607 -0.664654  0.314226 0.818499 1 1 1.000000
0  -0.010276 -0.012658 0.000613  -0.016525 -0.013965 -0.999766  0.268806 0.876061 1 1 1.000000
0  -0.025913 -0.006340 0.000977  -0.729453 -0.166358 -0.663493  0.277170 0.827624 1 1 1.000000
dd_c
0  -0.057640 -0.027674 0.026204  -0.909097 -0.402779 0.106362  0.732114 0.933120 2 1 0.809097 2 0.190903
0  -0.057915 -0.027806 0.014912  -0.754872 -0.279434 -0.593367  0.716477 0.952999 2 1 0.808039 2 0.191961
0  -0.052422 -0.034922 0.026210  -0.704366 -0.697806 0.130135  0.719495 0.920369 2 1 0.809352 2 0.190648
dd_c
0  -0.052422 -0.034922 0.026210  -0.704366 -0.697806 0.130135  0.719495 0.920369 2 1 0.809352 2 0.190648
0  -0.057915 -0.027806 0.014912  -0.754872 -0.279434 -0.593367  0.716477 0.952999 2 1 0.808039 2 0.191961
0  -0.053293 -0.035764 0.014191  -0.595864 -0.534247 -0.599605  0.697400 0.936161 2 1 0.808291 2 0.191709
dd_c
0  -0.052422 -0.034922 0.026210  -0.704366 -0.697806 0.130135  0.719495 0.920369 2 1 0.809352 2 0.190648
0  -0.053293 -0.035764 0.014191  -0.595864 -0.534247 -0.599605  0.697400 0.936161 2 1 0.808291 2 0.191709
0  -0.045173 -0.040140 0.026204  -0.399405 -0.907643 0.129075  0.710699 0.904973 2 1 0.809633 2 0.190367
dd_c
0  -0.045173 -0.040140 0.026204  -0.399405 -0.907643 0.129075  0.710699 0.904973 2 1 0.809633 2 0.190367
0  -0.053293 -0.035764 0.014191  -0.595864 -0.534247 -0.599605  0.697400 0.936161 2 1 0.808291 2 0.191709
0  -0.045315 -0.040389 0.013739  -0.278274 -0.694245 -0.663768  0.684870 0.913950 2 1 0.808484 2 0.191516
dd_c
0  -0.045173 -0.040140 0.026204  -0.399405 -0.907643 0.129075  0.710699 0.904973 2 1 0.809633 2 0.190367
0  -0.045315 -0.040389 0.013739  -0.278274 -0.694245 -0.663768  0.684870 0.913950 2 1 0.808484 2 0.191516
0  -0.032780 -0.043059 0.026199  0.003057 -0.994370 0.105921  0.704801 0.880923 2 1 0.810123 2 0.189877
dd_c
0  -0.032780 -0.043059 0.026199  0.003057 -0.994370 0.105921  0.704801 0.880923 2 1 0.810123 2 0.189877
0  -0.045315 -0.040389 0.013739  -0.278274 -0.694245 -0.663768  0.684870 0.913950 2 1 0.808484 2 0.191516
0  -0.032784 -0.042786 0.013740  0.007076 -0.747281 -0.664470  0.678859 0.880833 2 1 0.808813 2 0.191187
dd_c
0  -0.032780 -0.043059 0.026199  0.003057 -0.994370 0.105921  0.704801 0.880923 2 1 0.810123 2 0.189877
0  -0.032784 -0.042786 0.013740  0.007076 -0.747281 -0.664470  0.678859 0.880833 2 1 0.808813 2 0.191187
0  -0.020387 -0.040140 0.026204  0.403103 -0.909149 0.104675  0.710866 0.856914 2 1 0.810768 2 0.189232
dd_c
0  -0.020387 -0.040140 0.026204  0.403103 -0.909149 0.104675  0.710866 0.856914 2 1 0.810768 2 0.189232
0  -0.032784 -0.042786 0.013740  0.007076 -0.747281 -0.664470  0.678859 0.880833 2 1 0.808813 2 0.191187
0  -0.020249 -0.040396 0.013744  0.286886 -0.705109 -0.648473  0.685100 0.847758 2 1 0.809137 2 0.190863
dd_c
0  -0.020387 -0.040140 0.026204  0.403103 -0.909149 0.104675  0.710866 0.856914 2 1 0.810768 2 0.189232
0  -0.020249 -0.040396 0.013744  0.286886 -0.705109 -0.648473  0.685100 0.847758 2 1 0.809137 2 0.190863
0  -0.013138 -0.034922 0.026210  0.697184 -0.705126 0.129351  0.719768 0.841580 2 1 0.811351 2 0.188649
dd_c
0  -0.013138 -0.034922 0.026210  0.697184 -0.705126 0.129351  0.719768 0.841580 2 1 0.811351 2 0.188649
0  -0.020249 -0.040396 0.013744  0.286886 -0.705109 -0.648473  0.685100 0.847758 2 1 0.809137 2 0.190863
0  -0.012267 -0.035776 0.014201  0.575963 -0.567728 -0.588176  0.697783 0.825635 2 1 0.809527 2 0.190473
dd_c
0  -0.013138 -0.034922 0.026210  0.697184 -0.705126 0.129351  0.719768 0.841580 2 1 0.811351 2 0.188649
0  -0.012267 -0.035776 0.014201  0.575963 -0.567728 -0.588176  0.697783 0.825635 2 1 0.809527 2 0.190473
0  -0.007921 -0.027674 0.026204  0.907149 -0.399853 0.131144  0.732476 0.828917 2 1 0.812086 2 0.187914
dd_c
0  -0.007921 -0.027674 0.026204  0.907149 -0.399853 0.131144  0.732476 0.828917 2 1 0.812086 2 0.187914
0  -0.012267 -0.035776 0.014201  0.575963 -0.567728 -0.588176  0.697783 0.825635 2 1 0.809527 2 0.190473
0  -0.007634 -0.027807 0.014926  0.772059 -0.275897 -0.572543  0.716977 0.808930 2 1 0.808892 2 0.191108
dd_c
0  -0.007921 -0.027674 0.026204  0.907149 -0.399853 0.131144  0.732476 0.828917 2 1 0.812086 2 0.187914
0  -0.007634 -0.027807 0.014926  0.772059 -0.275897 -0.572543  0.716977 0.808930 2 1 0.808892 2 0.191108
0  -0.005001 -0.015281 0.026199  0.994380 0.004115 0.105794  0.755349 0.816853 2 1 0.814513 2 0.185487
dd_c
0  -0.005001 -0.015281 0.026199  0.994380 0.004115 0.105794  0.755349 0.816853 2 1 0.814513 2 0.185487
0  -0.007634 -0.027807 0.014926  0.772059 -0.275897 -0.572543  0.716977 0.808930 2 1 0.808892 2 0.191108
0  -0.005258 -0.015277 0.014908  0.790635 0.017634 -0.612034  0.746468 0.793102 2 1 0.806885 2 0.193115
dd_c
0  -0.005001 -0.015281 0.026199  0.994380 0.004115 0.105794  0.755349 0.816853 2 1 0.814513 2 0.185487
0  -0.005258 -0.015277 0.014908  0.790635 0.017634 -0.612034  0.746468 0.793102 2 1 0.806885 2 0.193115
0  -0.007954 -0.002818 0.026196  0.814904 0.572410 0.090982  0.781911 0.811884 2 1 0.785751 2 0.214249
dd_c
0  -0.007954 -0.002818 0.026196  0.814904 0.572410 0.090982  0.781911 0.811884 2 1 0.785751 2 0.214249
0  -0.005258 -0.015277 0.014908  0.790635 0.017634 -0.612034  0.746468 0.793102 2 1 0.806885 2 0.193115
0  -0.007662 -0.002688 0.014929  0.700898 0.452100 -0.551676  0.779219 0.785491 2 1 0.771518 2 0.228482
dd_c
0  -0.007954 -0.002818 0.026196  0.814904 0.572410 0.090982  0.781911 0.811884 2 1 0.785751 2 0.214249
0  -0.007662 -0.002688 0.014929  0.700898 0.452100 -0.551676  0.779219 0.785491 2 1 0.771518 2 0.228482
0  -0.012984 0.000133 0.026221  0.996229 -0.000001 0.086760  0.795526 0.812599 2 1 0.785917 2 0.214083
dd_c
0  -0.012984 0.000133 0.026221  0.996229 -0.000001 0.086760  0.795526 0.812599 2 1 0.785917 2 0.214083
0  -0.007662 -0.002688 0.014929  0.700898 0.452100 -0.551676  0.779219 0.785491 2 1 0.771518 2 0.228482
0  -0.012348 0.000133 0.014046  0.408150 -0.000041 -0.912915  0.795627 0.783406 2 1 0.783767 2 0.216233
dd_c
0  -0.055471 0.004184 0.037442  -0.779182 -0.506058 0.369839  0.807707 0.927504 2 1 0.810101 2 0.189899
0  -0.052576 0.000133 0.026221  -0.985460 -0.000001 0.169908  0.795049 0.949876 2 1 0.808650 2 0.191350
0  -0.051445 0.000133 0.035409  -0.942477 -0.000000 0.334271  0.795119 0.929578 2 1 0.810034 2 0.189966
dd_c
0  -0.051445 0.000133 0.035409  -0.942477 -0.000000 0.334271  0.795119 0.929578 2 1 0.810034 2 0.189966
0  -0.052576 0.000133 0.026221  -0.985460 -0.000001 0.169908  0.795049 0.949876 2 1 0.808650 2 0.191350
0  -0.055471 -0.003918 0.037442  -0.779182 0.506058 0.369839  0.782547 0.927417 2 1 0.810109 2 0.189891
dd_c
0  -0.055471 -0.003918 0.037442  -0.779182 0.506058 0.369839  0.782547 0.927417 2 1 0.810109 2 0.189891
0  -0.052576 0.000133 0.026221  -0.985460 -0.000001 0.169908  0.795049 0.949876 2 1 0.808650 2 0.191350
0  -0.057607 -0.002818 0.026196  -0.802128 0.585236 0.118695  0.781430 0.950496 2 1 0.808618 2 0.191382
dd_c
0  -0.055471 -0.003918 0.037442  -0.779182 0.506058 0.369839  0.782547 0.927417 2 1 0.810109 2 0.189891
0  -0.057607 -0.002818 0.026196  -0.802128 0.585236 0.118695  0.781430 0.950496 2 1 0.808618 2 0.191382
0  -0.057642 -0.015281 0.038532  -0.912575 0.008401 0.408823  0.762240 0.923407 2 1 0.810169 2 0.189831
dd_c
0  -0.057642 -0.015281 0.038532  -0.912575 0.008401 0.408823  0.762240 0.923407 2 1 0.810169 2 0.189831
0  -0.057607 -0.002818 0.026196  -0.802128 0.585236 0.118695  0.781430 0.950496 2 1 0.808618 2 0.191382
0  -0.060560 -0.015281 0.026199  -0.994371 -0.002988 0.105913  0.754902 0.945342 2 1 0.808777 2 0.191223
dd_c
0  -0.057642 -0.015281 0.038532  -0.912575 0.008401 0.408823  0.762240 0.923407 2 1 0.810169 2 0.189831
0  -0.060560 -0.015281 0.026199  -0.994371 -0.002988 0.105913  0.754902 0.945342 2 1 0.808777 2 0.191223
0  -0.055482 -0.026605 0.037457  -0.848530 -0.373980 0.374348  0.744533 0.917113 2 1 0.810188 2 0.189812
dd_c
0  -0.055482 -0.026605 0.037457  -0.848530 -0.373980 0.374348  0.744533 0.917113 2 1 0.810188 2 0.189812
0  -0.060560 -0.015281 0.026199  -0.994371 -0.002988 0.105913  0.754902 0.945342 2 1 0.808777 2 0.191223
0  -0.057640 -0.027674 0.026204  -0.909097 -0.402779 0.106362  0.732114 0.933120 2 1 0.809097 2 0.190903
dd_c
0  -0.055482 -0.026605 0.037457  -0.848530 -0.373980 0.374348  0.744533 0.917113 2 1 0.810188 2 0.189812
0  -0.057640 -0.027674 0.026204  -0.909097 -0.402779 0.106362  0.732114 0.933120 2 1 0.809097 2 0.190903
0  -0.051304 -0.033804 0.035387  -0.661670 -0.684319 0.306432  0.732639 0.910671 2 1 0.810187 2 0.189813
dd_c
0  -0.051304 -0.033804 0.035387  -0.661670 -0.684319 0.306432  0.732639 0.910671 2 1 0.810187 2 0.189813
0  -0.057640 -0.027674 0.026204  -0.909097 -0.402779 0.106362  0.732114 0.933120 2 1 0.809097 2 0.190903
0  -0.052422 -0.034922 0.026210  -0.704366 -0.697806 0.130135  0.719495 0.920369 2 1 0.809352 2 0.190648
dd_c
0  -0.051304 -0.033804 0.035387  -0.661670 -0.684319 0.306432  0.732639 0.910671 2 1 0.810187 2 0.189813
0  -0.052422 -0.034922 0.026210  -0.704366 -0.697806 0.130135  0.719495 0.920369 2 1 0.809352 2 0.190648
0  -0.044106 -0.037982 0.037457  -0.382993 -0.840426 0.383406  0.729248 0.898037 2 1 0.810667 2 0.189333
dd_c
0  -0.044106 -0.037982 0.037457  -0.382993 -0.840426 0.383406  0.729248 0.898037 2 1 0.810667 2 0.189333
0  -0.052422 -0.034922 0.026210  -0.704366 -0.697806 0.130135  0.719495 0.920369 2 1 0.809352 2 0.190648
0  -0.045173 -0.040140 0.026204  -0.399405 -0.907643 0.129075  0.710699 0.904973 2 1 0.809633 2 0.190367
dd_c
0  -0.044106 -0.037982 0.037457  -0.382993 -0.840426 0.383406  0.729248 0.898037 2 1 0.810667 2 0.189333
0  -0.045173 -0.040140 0.026204  -0.399405 -0.907643 0.129075  0.710699 0.904973 2 1 0.809633 2 0.190367
0  -0.032780 -0.040142 0.038532  -0.007944 -0.912552 0.408884  0.727349 0.881001 2 1 0.811351 2 0.188649
dd_c
0  -0.032780 -0.040142 0.038532  -0.007944 -0.912552 0.408884  0.727349 0.881001 2 1 0.811351 2 0.188649
0  -0.045173 -0.040140 0.026204  -0.399405 -0.907643 0.129075  0.710699 0.904973 2 1 0.809633 2 0.190367
0  -0.032780 -0.043059 0.026199  0.003057 -0.994370 0.105921  0.704801 0.880923 2 1 0.810123 2 0.189877
dd_c
0  -0.032780 -0.040142 0.038532  -0.007944 -0.912552 0.408884  0.727349 0.881001 2 1 0.811351 2 0.188649
0  -0.032780 -0.043059 0.026199  0.003057 -0.994370 0.105921  0.704801 0.880923 2 1 0.810123 2 0.189877
0  -0.021455 -0.037982 0.037457  0.373977 -0.848530 0.374349  0.729367 0.863979 2 1 0.812102 2 0.187898
dd_c
0  -0.021455 -0.037982 0.037457  0.373977 -0.848530 0.374349  0.729367 0.863979 2 1 0.812102 2 0.187898
0  -0.032780 -0.043059 0.026199  0.003057 -0.994370 0.105921  0.704801 0.880923 2 1 0.810123 2 0.189877
0  -0.020387 -0.040140 0.026204  0.403103 -0.909149 0.104675  0.710866 0.856914 2 1 0.810768 2 0.189232
dd_c
0  -0.021455 -0.037982 0.037457  0.373977 -0.848530 0.374349  0.729367 0.863979 2 1 0.812102 2 0.187898
0  -0.020387 -0.040140 0.026204  0.403103 -0.909149 0.104675  0.710866 0.856914 2 1 0.810768 2 0.189232
0  -0.014256 -0.033804 0.035387  0.684325 -0.661667 0.306425  0.732845 0.851369 2 1 0.812726 2 0.187274
dd_c
0  -0.014256 -0.033804 0.035387  0.684325 -0.661667 0.306425  0.732845 0.851369 2 1 0.812726 2 0.187274
0  -0.020387 -0.040140 0.026204  0.403103 -0.909149 0.104675  0.710866 0.856914 2 1 0.810768 2 0.189232
0  -0.013138 -0.034922 0.026210  0.697184 -0.705126 0.129351  0.719768 0.841580 2 1 0.811351 2 0.188649
dd_c
0  -0.014256 -0.033804 0.035387  0.684325 -0.661667 0.306425  0.732845 0.851369 2 1 0.812726 2 0.187274
0  -0.013138 -0.034922 0.026210  0.697184 -0.705126 0.129351  0.719768 0.841580 2 1 0.811351 2 0.188649
0  -0.010079 -0.026605 0.037457  0.840427 -0.382996 0.383401  0.744784 0.845010 2 1 0.814322 2 0.185678
dd_c
0  -0.052426 -0.015280 0.045778  -0.707162 0.000249 0.707052  0.765494 0.910153 2 1 0.811153 2 0.188847
0  -0.057642 -0.015281 0.038532  -0.912575 0.008401 0.408823  0.762240 0.923407 2 1 0.810169 2 0.189831
0  -0.051304 -0.024535 0.044656  -0.661754 -0.306012 0.684425  0.752072 0.907014 2 1 0.811008 2 0.188992
dd_c
0  -0.051304 -0.024535 0.044656  -0.661754 -0.306012 0.684425  0.752072 0.907014 2 1 0.811008 2 0.188992
0  -0.057642 -0.015281 0.038532  -0.912575 0.008401 0.408823  0.762240 0.923407 2 1 0.810169 2 0.189831
0  -0.055482 -0.026605 0.037457  -0.848530 -0.373980 0.374348  0.744533 0.917113 2 1 0.810188 2 0.189812
dd_c
0  -0.051304 -0.024535 0.044656  -0.661754 -0.306012 0.684425  0.752072 0.907014 2 1 0.811008 2 0.188992
0  -0.055482 -0.026605 0.037457  -0.848530 -0.373980 0.374348  0.744533 0.917113 2 1 0.810188 2 0.189812
0  -0.048821 -0.031321 0.042173  -0.549683 -0.590702 0.590694  0.741780 0.903675 2 1 0.810870 2 0.189130
dd_c
0  -0.048821 -0.031321 0.042173  -0.549683 -0.590702 0.590694  0.741780 0.903675 2 1 0.810870 2 0.189130
0  -0.055482 -0.026605 0.037457  -0.848530 -0.373980 0.374348  0.744533 0.917113 2 1 0.810188 2 0.189812
0  -0.051304 -0.033804 0.035387  -0.661670 -0.684319 0.306432  0.732639 0.910671 2 1 0.810187 2 0.189813
dd_c
0  -0.048821 -0.031321 0.042173  -0.549683 -0.590702 0.590694  0.741780 0.903675 2 1 0.810870 2 0.189130
0  -0.051304 -0.033804 0.035387  -0.661670 -0.684319 0.306432  0.732639 0.910671 2 1 0.810187 2 0.189813
0  -0.042035 -0.033804 0.044656  -0.308566 -0.672605 0.672599  0.740578 0.893400 2 1 0.811422 2 0.188578
dd_c
0  -0.042035 -0.033804 0.044656  -0.308566 -0.672605 0.672599  0.740578 0.893400 2 1 0.811422 2 0.188578
0  -0.051304 -0.033804 0.035387  -0.661670 -0.684319 0.306432  0.732639 0.910671 2 1 0.810187 2 0.189813
0  -0.044106 -0.037982 0.037457  -0.382993 -0.840426 0.383406  0.729248 0.898037 2 1 0.810667 2 0.189333
dd_c
0  -0.042035 -0.033804 0.044656  -0.308566 -0.672605 0.672599  0.740578 0.893400 2 1 0.811422 2 0.188578
0  -0.044106 -0.037982 0.037457  -0.382993 -0.840426 0.383406  0.729248 0.898037 2 1 0.810667 2 0.189333
0  -0.032780 -0.034926 0.045778  -0.011870 -0.707060 0.707054  0.739981 0.881045 2 1 0.812130 2 0.187870
dd_c
0  -0.032780 -0.034926 0.045778  -0.011870 -0.707060 0.707054  0.739981 0.881045 2 1 0.812130 2 0.187870
0  -0.044106 -0.037982 0.037457  -0.382993 -0.840426 0.383406  0.729248 0.898037 2 1 0.810667 2 0.189333
0  -0.032780 -0.040142 0.038532  -0.007944 -0.912552 0.408884  0.727349 0.881001 2 1 0.811351 2 0.188649
dd_c
0  -0.032780 -0.034926 0.045778  -0.011870 -0.707060 0.707054  0.739981 0.881045 2 1 0.812130 2 0.187870
0  -0.032780 -0.040142 0.038532  -0.007944 -0.912552 0.408884  0.727349 0.881001 2 1 0.811351 2 0.188649
0  -0.023525 -0.033804 0.044656  0.303552 -0.673744 0.673739  0.740663 0.868694 2 1 0.812900 2 0.187100
dd_c
0  -0.023525 -0.033804 0.044656  0.303552 -0.673744 0.673739  0.740663 0.868694 2 1 0.812900 2 0.187100
0  -0.032780 -0.040142 0.038532  -0.007944 -0.912552 0.408884  0.727349 0.881001 2 1 0.811351 2 0.188649
0  -0.021455 -0.037982 0.037457  0.373977 -0.848530 0.374349  0.729367 0.863979 2 1 0.812102 2 0.187898
dd_c
0  -0.023525 -0.033804 0.044656  0.303552 -0.673744 0.673739  0.740663 0.868694 2 1 0.812900 2 0.187100
0  -0.021455 -0.037982 0.037457  0.373977 -0.848530 0.374349  0.729367 0.863979 2 1 0.812102 2 0.187898
0  -0.016739 -0.031321 0.042173  0.604167 -0.563466 0.563460  0.741937 0.858429 2 1 0.813567 2 0.186433
dd_c
0  -0.016739 -0.031321 0.042173  0.604167 -0.563466 0.563460  0.741937 0.858429 2 1 0.813567 2 0.186433
0  -0.021455 -0.037982 0.037457  0.373977 -0.848530 0.374349  0.729367 0.863979 2 1 0.812102 2 0.187898
0  -0.014256 -0.033804 0.035387  0.684325 -0.661667 0.306425  0.732845 0.851369 2 1 0.812726 2 0.187274
dd_c
0  -0.016739 -0.031321 0.042173  0.604167 -0.563466 0.563460  0.741937 0.858429 2 1 0.813567 2 0.186433
0  -0.014256 -0.033804 0.035387  0.684325 -0.661667 0.306425  0.732845 0.851369 2 1 0.812726 2 0.187274
0  -0.014256 -0.024535 0.044656  0.684431 -0.306012 0.661748  0.752252 0.855160 2 1 0.815112 2 0.184888
dd_c
0  -0.014256 -0.024535 0.044656  0.684431 -0.306012 0.661748  0.752252 0.855160 2 1 0.815112 2 0.184888
0  -0.014256 -0.033804 0.035387  0.684325 -0.661667 0.306425  0.732845 0.851369 2 1 0.812726 2 0.187274
0  -0.010079 -0.026605 0.037457  0.840427 -0.382996 0.383401  0.744784 0.845010 2 1 0.814322 2 0.185678
dd_c
0  -0.014256 -0.024535 0.044656  0.684431 -0.306012 0.661748  0.752252 0.855160 2 1 0.815112 2 0.184888
0  -0.010079 -0.026605 0.037457  0.840427 -0.382996 0.383401  0.744784 0.845010 2 1 0.814322 2 0.185678
0  -0.013134 -0.015280 0.045778  0.707058 0.000249 0.707156  0.765695 0.852114 2 1 0.817807 2 0.182193
dd_c
0  -0.013134 -0.015280 0.045778  0.707058 0.000249 0.707156  0.765695 0.852114 2 1 0.817807 2 0.182193
0  -0.010079 -0.026605 0.037457  0.840427 -0.382996 0.383401  0.744784 0.845010 2 1 0.814322 2 0.185678
0  -0.007918 -0.015281 0.038532  0.912563 -0.007682 0.408864  0.762533 0.838838 2 1 0.817758 2 0.182242
dd_c
0  -0.013134 -0.015280 0.045778  0.707058 0.000249 0.707156  0.765695 0.852114 2 1 0.817807 2 0.182193
0  -0.007918 -0.015281 0.038532  0.912563 -0.007682 0.408864  0.762533 0.838838 2 1 0.817758 2 0.182242
0  -0.014261 -0.006007 0.044651  0.644738 0.333652 0.687742  0.780853 0.850232 2 1 0.814191 2 0.185809
dd_c
0  -0.014261 -0.006007 0.044651  0.644738 0.333652 0.687742  0.780853 0.850232 2 1 0.814191 2 0.185809
0  -0.007918 -0.015281 0.038532  0.912563 -0.007682 0.408864  0.762533 0.838838 2 1 0.817758 2 0.182242
0  -0.010090 -0.003918 0.037442  0.815760 0.464427 0.344736  0.782868 0.834970 2 1 0.804326 2 0.195674
dd_c
0  -0.042035 -0.033804 0.044656  -0.308566 -0.672605 0.672599  0.740578 0.893400 2 1 0.811422 2 0.188578
0  -0.051304 -0.024535 0.044656  -0.661754 -0.306012 0.684425  0.752072 0.907014 2 1 0.811008 2 0.188992
0  -0.048821 -0.031321 0.042173  -0.549683 -0.590702 0.590694  0.741780 0.903675 2 1 0.810870 2 0.189130
dd_c
0  -0.044106 -0.026605 0.048833  -0.382981 -0.382984 0.840624  0.751677 0.895726 2 1 0.811763 2 0.188237
0  -0.051304 -0.024535 0.044656  -0.661754 -0.306012 0.684425  0.752072 0.907014 2 1 0.811008 2 0.188992
0  -0.042035 -0.033804 0.044656  -0.308566 -0.672605 0.672599  0.740578 0.893400 2 1 0.811422 2 0.188578
dd_c
0  -0.032780 -0.034926 0.045778  -0.011870 -0.707060 0.707054  0.739981 0.881045 2 1 0.812130 2 0.187870
0  -0.044106 -0.026605 0.048833  -0.382981 -0.382984 0.840624  0.751677 0.895726 2 1 0.811763 2 0.188237
0  -0.042035 -0.033804 0.044656  -0.308566 -0.672605 0.672599  0.740578 0.893400 2 1 0.811422 2 0.188578
dd_c
0  -0.032780 -0.027680 0.050994  -0.007961 -0.408478 0.912733  0.751470 0.881085 2 1 0.812850 2 0.187150
0  -0.044106 -0.026605 0.048833  -0.382981 -0.382984 0.840624  0.751677 0.895726 2 1 0.811763 2 0.188237
0  -0.032780 -0.034926 0.045778  -0.011870 -0.707060 0.707054  0.739981 0.881045 2 1 0.812130 2 0.187870
dd_c
0  -0.023525 -0.033804 0.044656  0.303552 -0.673744 0.673739  0.740663 0.868694 2 1 0.812900 2 0.187100
0  -0.032780 -0.027680 0.050994  -0.007961 -0.408478 0.912733  0.751470 0.881085 2 1 0.812850 2 0.187150
0  -0.032780 -0.034926 0.045778  -0.011870 -0.707060 0.707054  0.739981 0.881045 2 1 0.812130 2 0.187870
dd_c
0  -0.021455 -0.026605 0.048833  0.373966 -0.373971 0.848702  0.751779 0.866446 2 1 0.814104 2 0.185896
0  -0.032780 -0.027680 0.050994  -0.007961 -0.408478 0.912733  0.751470 0.881085 2 1 0.812850 2 0.187150
0  -0.023525 -0.033804 0.044656  0.303552 -0.673744 0.673739  0.740663 0.868694 2 1 0.812900 2 0.187100
dd_c
0  -0.016739 -0.031321 0.042173  0.604167 -0.563466 0.563460  0.741937 0.858429 2 1 0.813567 2 0.186433
0  -0.021455 -0.026605 0.048833  0.373966 -0.373971 0.848702  0.751779 0.866446 2 1 0.814104 2 0.185896
0  -0.023525 -0.033804 0.044656  0.303552 -0.673744 0.673739  0.740663 0.868694 2 1 0.812900 2 0.187100
dd_c
0  -0.014256 -0.024535 0.044656  0.684431 -0.306012 0.661748  0.752252 0.855160 2 1 0.815112 2 0.184888
0  -0.021455 -0.026605 0.048833  0.373966 -0.373971 0.848702  0.751779 0.866446 2 1 0.814104 2 0.185896
0  -0.016739 -0.031321 0.042173  0.604167 -0.563466 0.563460  0.741937 0.858429 2 1 0.813567 2 0.186433
dd_c
0  -0.014256 -0.024535 0.044656  0.684431 -0.306012 0.661748  0.752252 0.855160 2 1 0.815112 2 0.184888
0  -0.020380 -0.015280 0.050994  0.408449 0.008382 0.912743  0.767323 0.864350 2 1 0.815831 2 0.184169
0  -0.021455 -0.026605 0.048833  0.373966 -0.373971 0.848702  0.751779 0.866446 2 1 0.814104 2 0.185896
dd_c
0  -0.013134 -0.015280 0.045778  0.707058 0.000249 0.707156  0.765695 0.852114 2 1 0.817807 2 0.182193
0  -0.020380 -0.015280 0.050994  0.408449 0.008382 0.912743  0.767323 0.864350 2 1 0.815831 2 0.184169
0  -0.014256 -0.024535 0.044656  0.684431 -0.306012 0.661748  0.752252 0.855160 2 1 0.815112 2 0.184888
dd_c
0  -0.013134 -0.015280 0.045778  0.707058 0.000249 0.707156  0.765695 0.852114 2 1 0.817807 2 0.182193
0  -0.021470 -0.003918 0.048822  0.369500 0.506059 0.779342  0.784669 0.863750 2 1 0.816886 2 0.183114
0  -0.020380 -0.015280 0.050994  0.408449 0.008382 0.912743  0.767323 0.864350 2 1 0.815831 2 0.184169
dd_c
0  -0.032780 0.000133 0.045935  0.083116 -0.000001 0.996540  0.795287 0.881237 2 1 0.814151 2 0.185849
0  -0.042058 0.000133 0.044796  -0.296757 -0.000001 0.954953  0.795230 0.897685 2 1 0.812581 2 0.187419
0  -0.032780 -0.002823 0.050966  0.020784 0.572824 0.819414  0.785923 0.881205 2 1 0.814253 2 0.185747
dd_c
0  -0.032780 -0.002823 0.050966  0.020784 0.572824 0.819414  0.785923 0.881205 2 1 0.814253 2 0.185747
0  -0.042058 0.000133 0.044796  -0.296757 -0.000001 0.954953  0.795230 0.897685 2 1 0.812581 2 0.187419
0  -0.044090 -0.003918 0.048822  -0.344347 0.464441 0.815916  0.784548 0.898650 2 1 0.812432 2 0.187568
dd_c
0  -0.032780 -0.002823 0.050966  0.020784 0.572824 0.819414  0.785923 0.881205 2 1 0.814253 2 0.185747
0  -0.044090 -0.003918 0.048822  -0.344347 0.464441 0.815916  0.784548 0.898650 2 1 0.812432 2 0.187568
0  -0.032780 -0.015281 0.053916  0.000070 0.000467 1.000000  0.767990 0.881142 2 1 0.813759 2 0.186241
dd_c
0  -0.032780 -0.015281 0.053916  0.000070 0.000467 1.000000  0.767990 0.881142 2 1 0.813759 2 0.186241
0  -0.044090 -0.003918 0.048822  -0.344347 0.464441 0.815916  0.784548 0.898650 2 1 0.812432 2 0.187568
0  -0.045181 -0.015280 0.050994  -0.408459 -0.007697 0.912744  0.767206 0.897929 2 1 0.812155 2 0.187845
dd_c
0  -0.044106 -0.026605 0.048833  -0.382981 -0.382984 0.840624  0.751677 0.895726 2 1 0.811763 2 0.188237
0  -0.052426 -0.015280 0.045778  -0.707162 0.000249 0.707052  0.765494 0.910153 2 1 0.811153 2 0.188847
0  -0.051304 -0.024535 0.044656  -0.661754 -0.306012 0.684425  0.752072 0.907014 2 1 0.811008 2 0.188992
dd_c
0  -0.045181 -0.015280 0.050994  -0.408459 -0.007697 0.912744  0.767206 0.897929 2 1 0.812155 2 0.187845
0  -0.052426 -0.015280 0.045778  -0.707162 0.000249 0.707052  0.765494 0.910153 2 1 0.811153 2 0.188847
0  -0.044106 -0.026605 0.048833  -0.382981 -0.382984 0.840624  0.751677 0.895726 2 1 0.811763 2 0.188237
dd_c
0  -0.045181 -0.015280 0.050994  -0.408459 -0.007697 0.912744  0.767206 0.897929 2 1 0.812155 2 0.187845
0  -0.051300 -0.006007 0.044651  -0.687749 0.333650 0.644731  0.780638 0.912141 2 1 0.811227 2 0.188773
0  -0.052426 -0.015280 0.045778  -0.707162 0.000249 0.707052  0.765494 0.910153 2 1 0.811153 2 0.188847
dd_c
0  -0.044090 -0.003918 0.048822  -0.344347 0.464441 0.815916  0.784548 0.898650 2 1 0.812432 2 0.187568
0  -0.051300 -0.006007 0.044651  -0.687749 0.333650 0.644731  0.780638 0.912141 2 1 0.811227 2 0.188773
0  -0.045181 -0.015280 0.050994  -0.408459 -0.007697 0.912744  0.767206 0.897929 2 1 0.812155 2 0.187845
dd_c
0  -0.044090 -0.003918 0.048822  -0.344347 0.464441 0.815916  0.784548 0.898650 2 1 0.812432 2 0.187568
0  -0.048891 0.000133 0.042242  -0.785656 -0.000000 0.618663  0.795177 0.912961 2 1 0.811252 2 0.188748
0  -0.051300 -0.006007 0.044651  -0.687749 0.333650 0.644731  0.780638 0.912141 2 1 0.811227 2 0.188773
dd_c
0  -0.042058 0.000133 0.044796  -0.296757 -0.000001 0.954953  0.795230 0.897685 2 1 0.812581 2 0.187419
0  -0.048891 0.000133 0.042242  -0.785656 -0.000000 0.618663  0.795177 0.912961 2 1 0.811252 2 0.188748
0  -0.044090 -0.003918 0.048822  -0.344347 0.464441 0.815916  0.784548 0.898650 2 1 0.812432 2 0.187568
dd_c
0  -0.044090 0.004184 0.048822  -0.344347 -0.464442 0.815916  0.805906 0.898724 2 1 0.812421 2 0.187579
0  -0.048891 0.000133 0.042242  -0.785656 -0.000000 0.618663  0.795177 0.912961 2 1 0.811252 2 0.188748
0  -0.042058 0.000133 0.044796  -0.296757 -0.000001 0.954953  0.795230 0.897685 2 1 0.812581 2 0.187419
dd_c
0  -0.044090 0.004184 0.048822  -0.344347 -0.464442 0.815916  0.805906 0.898724 2 1 0.812421 2 0.187579
0  -0.042058 0.000133 0.044796  -0.296757 -0.000001 0.954953  0.795230 0.897685 2 1 0.812581 2 0.187419
0  -0.032780 0.003088 0.050966  0.020783 -0.572825 0.819414  0.804651 0.881270 2 1 0.814233 2 0.185767
dd_c
0  -0.032780 0.003088 0.050966  0.020783 -0.572825 0.819414  0.804651 0.881270 2 1 0.814233 2 0.185767
0  -0.042058 0.000133 0.044796  -0.296757 -0.000001 0.954953  0.795230 0.897685 2 1 0.812581 2 0.187419
0  -0.032780 0.000133 0.045935  0.083116 -0.000001 0.996540  0.795287 0.881237 2 1 0.814151 2 0.185849
dd_c
0  -0.032780 0.003088 0.050966  0.020783 -0.572825 0.819414  0.804651 0.881270 2 1 0.814233 2 0.185767
0  -0.032780 0.000133 0.045935  0.083116 -0.000001 0.996540  0.795287 0.881237 2 1 0.814151 2 0.185849
0  -0.021470 0.004184 0.048822  0.369500 -0.506059 0.779342  0.806027 0.863824 2 1 0.816821 2 0.183179
dd_c
0  -0.021470 0.004184 0.048822  0.369500 -0.506059 0.779342  0.806027 0.863824 2 1 0.816821 2 0.183179
0  -0.032780 0.000133 0.045935  0.083116 -0.000001 0.996540  0.795287 0.881237 2 1 0.814151 2 0.185849
0  -0.023502 0.000133 0.044796  0.334081 -0.000001 0.942544  0.795344 0.864789 2 1 0.815461 2 0.184539
dd_c
0  -0.023502 0.000133 0.044796  0.334081 -0.000001 0.942544  0.795344 0.864789 2 1 0.815461 2 0.184539
0  -0.032780 0.000133 0.045935  0.083116 -0.000001 0.996540  0.795287 0.881237 2 1 0.814151 2 0.185849
0  -0.021470 -0.003918 0.048822  0.369500 0.506059 0.779342  0.784669 0.863750 2 1 0.816886 2 0.183114
dd_c
0  -0.021470 -0.003918 0.048822  0.369500 0.506059 0.779342  0.784669 0.863750 2 1 0.816886 2 0.183114
0  -0.032780 0.000133 0.045935  0.083116 -0.000001 0.996540  0.795287 0.881237 2 1 0.814151 2 0.185849
0  -0.032780 -0.002823 0.050966  0.020784 0.572824 0.819414  0.785923 0.881205 2 1 0.814253 2 0.185747
dd_c
0  -0.021470 -0.003918 0.048822  0.369500 0.506059 0.779342  0.784669 0.863750 2 1 0.816886 2 0.183114
0  -0.032780 -0.002823 0.050966  0.020784 0.572824 0.819414  0.785923 0.881205 2 1 0.814253 2 0.185747
0  -0.020380 -0.015280 0.050994  0.408449 0.008382 0.912743  0.767323 0.864350 2 1 0.815831 2 0.184169
dd_c
0  -0.020380 -0.015280 0.050994  0.408449 0.008382 0.912743  0.767323 0.864350 2 1 0.815831 2 0.184169
0  -0.032780 -0.002823 0.050966  0.020784 0.572824 0.819414  0.785923 0.881205 2 1 0.814253 2 0.185747
0  -0.032780 -0.015281 0.053916  0.000070 0.000467 1.000000  0.767990 0.881142 2 1 0.813759 2 0.186241
dd_c
0  -0.020380 -0.015280 0.050994  0.408449 0.008382 0.912743  0.767323 0.864350 2 1 0.815831 2 0.184169
0  -0.032780 -0.015281 0.053916  0.000070 0.000467 1.000000  0.767990 0.881142 2 1 0.813759 2 0.186241
0  -0.021455 -0.026605 0.048833  0.373966 -0.373971 0.848702  0.751779 0.866446 2 1 0.814104 2 0.185896
dd_c
0  -0.021455 -0.026605 0.048833  0.373966 -0.373971 0.848702  0.751779 0.866446 2 1 0.814104 2 0.185896
0  -0.032780 -0.015281 0.053916  0.000070 0.000467 1.000000  0.767990 0.881142 2 1 0.813759 2 0.186241
0  -0.032780 -0.027680 0.050994  -0.007961 -0.408478 0.912733  0.751470 0.881085 2 1 0.812850 2 0.187150
dd_c
0  -0.032780 -0.015281 0.053916  0.000070 0.000467 1.000000  0.767990 0.881142 2 1 0.813759 2 0.186241
0  -0.045181 -0.015280 0.050994  -0.408459 -0.007697 0.912744  0.767206 0.897929 2 1 0.812155 2 0.187845
0  -0.032780 -0.027680 0.050994  -0.007961 -0.408478 0.912733  0.751470 0.881085 2 1 0.812850 2 0.187150
dd_c
0  -0.032780 -0.027680 0.050994  -0.007961 -0.408478 0.912733  0.751470 0.881085 2 1 0.812850 2 0.187150
0  -0.045181 -0.015280 0.050994  -0.408459 -0.007697 0.912744  0.767206 0.897929 2 1 0.812155 2 0.187845
0  -0.044106 -0.026605 0.048833  -0.382981 -0.382984 0.840624  0.751677 0.895726 2 1 0.811763 2 0.188237
dd_c
0  -0.014261 -0.006007 0.044651  0.644738 0.333652 0.687742  0.780853 0.850232 2 1 0.814191 2 0.185809
0  -0.021470 -0.003918 0.048822  0.369500 0.506059 0.779342  0.784669 0.863750 2 1 0.816886 2 0.183114
0  -0.013134 -0.015280 0.045778  0.707058 0.000249 0.707156  0.765695 0.852114 2 1 0.817807 2 0.182193
dd_c
0  -0.014261 -0.006007 0.044651  0.644738 0.333652 0.687742  0.780853 0.850232 2 1 0.814191 2 0.185809
0  -0.023502 0.000133 0.044796  0.334081 -0.000001 0.942544  0.795344 0.864789 2 1 0.815461 2 0.184539
0  -0.021470 -0.003918 0.048822  0.369500 0.506059 0.779342  0.784669 0.863750 2 1 0.816886 2 0.183114
dd_c
0  -0.016670 0.000133 0.042242  0.618661 -0.000001 0.785658  0.795398 0.849513 2 1 0.812143 2 0.187857
0  -0.023502 0.000133 0.044796  0.334081 -0.000001 0.942544  0.795344 0.864789 2 1 0.815461 2 0.184539
0  -0.014261 -0.006007 0.044651  0.644738 0.333652 0.687742  0.780853 0.850232 2 1 0.814191 2 0.185809
dd_c
0  -0.014261 0.006272 0.044651  0.644738 -0.333652 0.687743  0.809937 0.850333 2 1 0.814147 2 0.185853
0  -0.023502 0.000133 0.044796  0.334081 -0.000001 0.942544  0.795344 0.864789 2 1 0.815461 2 0.184539
0  -0.016670 0.000133 0.042242  0.618661 -0.000001 0.785658  0.795398 0.849513 2 1 0.812143 2 0.187857
dd_c
0  -0.021470 0.004184 0.048822  0.369500 -0.506059 0.779342  0.806027 0.863824 2 1 0.816821 2 0.183179
0  -0.023502 0.000133 0.044796  0.334081 -0.000001 0.942544  0.795344 0.864789 2 1 0.815461 2 0.184539
0  -0.014261 0.006272 0.044651  0.644738 -0.333652 0.687743  0.809937 0.850333 2 1 0.814147 2 0.185853
dd_c
0  -0.013134 0.015546 0.045778  0.707058 -0.000248 0.707156  0.825081 0.852321 2 1 0.817756 2 0.182244
0  -0.021470 0.004184 0.048822  0.369500 -0.506059 0.779342  0.806027 0.863824 2 1 0.816821 2 0.183179
0  -0.014261 0.006272 0.044651  0.644738 -0.333652 0.687743  0.809937 0.850333 2 1 0.814147 2 0.185853
dd_c
0  -0.020380 0.015546 0.050994  0.408450 -0.008382 0.912742  0.823369 0.864545 2 1 0.815780 2 0.184220
0  -0.021470 0.004184 0.048822  0.369500 -0.506059 0.779342  0.806027 0.863824 2 1 0.816821 2 0.183179
0  -0.013134 0.015546 0.045778  0.707058 -0.000248 0.707156  0.825081 0.852321 2 1 0.817756 2 0.182244
dd_c
0  -0.020380 0.015546 0.050994  0.408450 -0.008382 0.912742  0.823369 0.864545 2 1 0.815780 2 0.184220
0  -0.032780 0.003088 0.050966  0.020783 -0.572825 0.819414  0.804651 0.881270 2 1 0.814233 2 0.185767
0  -0.021470 0.004184 0.048822  0.369500 -0.506059 0.779342  0.806027 0.863824 2 1 0.816821 2 0.183179
dd_c
0  -0.032780 0.015546 0.053916  0.000071 -0.000466 1.000000  0.822584 0.881332 2 1 0.813724 2 0.186276
0  -0.032780 0.003088 0.050966  0.020783 -0.572825 0.819414  0.804651 0.881270 2 1 0.814233 2 0.185767
0  -0.020380 0.015546 0.050994  0.408450 -0.008382 0.912742  0.823369 0.864545 2 1 0.815780 2 0.184220
dd_c
0  -0.032780 0.015546 0.053916  0.000071 -0.000466 1.000000  0.822584 0.881332 2 1 0.813724 2 0.186276
0  -0.044090 0.004184 0.048822  -0.344347 -0.464442 0.815916  0.805906 0.898724 2 1 0.812421 2 0.187579
0  -0.032780 0.003088 0.050966  0.020783 -0.572825 0.819414  0.804651 0.881270 2 1 0.814233 2 0.185767
dd_c
0  -0.045181 0.015546 0.050994  -0.408458 0.007697 0.912745  0.823252 0.898124 2 1 0.812130 2 0.187870
0  -0.044090 0.004184 0.048822  -0.344347 -0.464442 0.815916  0.805906 0.898724 2 1 0.812421 2 0.187579
0  -0.032780 0.015546 0.053916  0.000071 -0.000466 1.000000  0.822584 0.881332 2 1 0.813724 2 0.186276
dd_c
0  -0.045181 0.015546 0.050994  -0.408458 0.007697 0.912745  0.823252 0.898124 2 1 0.812130 2 0.187870
0  -0.051300 0.006272 0.044651  -0.687750 -0.333650 0.644731  0.809722 0.912242 2 1 0.811217 2 0.188783
0  -0.044090 0.004184 0.048822  -0.344347 -0.464442 0.815916  0.805906 0.898724 2 1 0.812421 2 0.187579
dd_c
0  -0.051300 0.006272 0.044651  -0.687750 -0.333650 0.644731  0.809722 0.912242 2 1 0.811217 2 0.188783
0  -0.048891 0.000133 0.042242  -0.785656 -0.000000 0.618663  0.795177 0.912961 2 1 0.811252 2 0.188748
0  -0.044090 0.004184 0.048822  -0.344347 -0.464442 0.815916  0.805906 0.898724 2 1 0.812421 2 0.187579
dd_c
0  -0.051300 0.006272 0.044651  -0.687750 -0.333650 0.644731  0.809722 0.912242 2 1 0.811217 2 0.188783
0  -0.051445 0.000133 0.035409  -0.942477 -0.000000 0.334271  0.795119 0.929578 2 1 0.810034 2 0.189966
0  -0.048891 0.000133 0.042242  -0.785656 -0.000000 0.618663  0.795177 0.912961 2 1 0.811252 2 0.188748
dd_c
0  -0.048891 0.000133 0.042242  -0.785656 -0.000000 0.618663  0.795177 0.912961 2 1 0.811252 2 0.188748
0  -0.051445 0.000133 0.035409  -0.942477 -0.000000 0.334271  0.795119 0.929578 2 1 0.810034 2 0.189966
0  -0.051300 -0.006007 0.044651  -0.687749 0.333650 0.644731  0.780638 0.912141 2 1 0.811227 2 0.188773
dd_c
0  -0.051300 -0.006007 0.044651  -0.687749 0.333650 0.644731  0.780638 0.912141 2 1 0.811227 2 0.188773
0  -0.051445 0.000133 0.035409  -0.942477 -0.000000 0.334271  0.795119 0.929578 2 1 0.810034 2 0.189966
0  -0.055471 -0.003918 0.037442  -0.779182 0.506058 0.369839  0.782547 0.927417 2 1 0.810109 2 0.189891
dd_c
0  -0.051300 -0.006007 0.044651  -0.687749 0.333650 0.644731  0.780638 0.912141 2 1 0.811227 2 0.188773
0  -0.055471 -0.003918 0.037442  -0.779182 0.506058 0.369839  0.782547 0.927417 2 1 0.810109 2 0.189891
0  -0.052426 -0.015280 0.045778  -0.707162 0.000249 0.707052  0.765494 0.910153 2 1 0.811153 2 0.188847
dd_c
0  -0.052426 -0.015280 0.045778  -0.707162 0.000249 0.707052  0.765494 0.910153 2 1 0.811153 2 0.188847
0  -0.055471 -0.003918 0.037442  -0.779182 0.506058 0.369839  0.782547 0.927417 2 1 0.810109 2 0.189891
0  -0.057642 -0.015281 0.038532  -0.912575 0.008401 0.408823  0.762240 0.923407 2 1 0.810169 2 0.189831
dd_c
0  -0.014261 -0.006007 0.044651  0.644738 0.333652 0.687742  0.780853 0.850232 2 1 0.814191 2 0.185809
0  -0.010090 -0.003918 0.037442  0.815760 0.464427 0.344736  0.782868 0.834970 2 1 0.804326 2 0.195674
0  -0.016670 0.000133 0.042242  0.618661 -0.000001 0.785658  0.795398 0.849513 2 1 0.812143 2 0.187857
dd_c
0  -0.016670 0.000133 0.042242  0.618661 -0.000001 0.785658  0.795398 0.849513 2 1 0.812143 2 0.187857
0  -0.010090 -0.003918 0.037442  0.815760 0.464427 0.344736  0.782868 0.834970 2 1 0.804326 2 0.195674
0  -0.014116 0.000133 0.035409  0.954775 -0.000000 0.297329  0.795455 0.832896 2 1 0.801896 2 0.198104
dd_c
0  -0.014116 0.000133 0.035409  0.954775 -0.000000 0.297329  0.795455 0.832896 2 1 0.801896 2 0.198104
0  -0.010090 0.004184 0.037442  0.815761 -0.464426 0.344736  0.808028 0.835058 2 1 0.804367 2 0.195633
0  -0.016670 0.000133 0.042242  0.618661 -0.000001 0.785658  0.795398 0.849513 2 1 0.812143 2 0.187857
dd_c
0  -0.016670 0.000133 0.042242  0.618661 -0.000001 0.785658  0.795398 0.849513 2 1 0.812143 2 0.187857
0  -0.010090 0.004184 0.037442  0.815761 -0.464426 0.344736  0.808028 0.835058 2 1 0.804367 2 0.195633
0  -0.014261 0.006272 0.044651  0.644738 -0.333652 0.687743  0.809937 0.850333 2 1 0.814147 2 0.185853
dd_c
0  -0.010090 0.004184 0.037442  0.815761 -0.464426 0.344736  0.808028 0.835058 2 1 0.804367 2 0.195633
0  -0.007918 0.015546 0.038532  0.912563 0.007682 0.408864  0.828335 0.839067 2 1 0.817704 2 0.182296
0  -0.014261 0.006272 0.044651  0.644738 -0.333652 0.687743  0.809937 0.850333 2 1 0.814147 2 0.185853
dd_c
0  -0.014261 0.006272 0.044651  0.644738 -0.333652 0.687743  0.809937 0.850333 2 1 0.814147 2 0.185853
0  -0.007918 0.015546 0.038532  0.912563 0.007682 0.408864  0.828335 0.839067 2 1 0.817704 2 0.182296
0  -0.013134 0.015546 0.045778  0.707058 -0.000248 0.707156  0.825081 0.852321 2 1 0.817756 2 0.182244
dd_c
0  -0.007918 0.015546 0.038532  0.912563 0.007682 0.408864  0.828335 0.839067 2 1 0.817704 2 0.182296
0  -0.010079 0.026871 0.037457  0.840427 0.382996 0.383402  0.846041 0.845361 2 1 0.814254 2 0.185746
0  -0.013134 0.015546 0.045778  0.707058 -0.000248 0.707156  0.825081 0.852321 2 1 0.817756 2 0.182244
dd_c
0  -0.013134 0.015546 0.045778  0.707058 -0.000248 0.707156  0.825081 0.852321 2 1 0.817756 2 0.182244
0  -0.010079 0.026871 0.037457  0.840427 0.382996 0.383402  0.846041 0.845361 2 1 0.814254 2 0.185746
0  -0.014256 0.024800 0.044656  0.684431 0.306012 0.661748  0.838502 0.855460 2 1 0.815054 2 0.184946
dd_c
0  -0.014256 0.024800 0.044656  0.684431 0.306012 0.661748  0.838502 0.855460 2 1 0.815054 2 0.184946
0  -0.020380 0.015546 0.050994  0.408450 -0.008382 0.912742  0.823369 0.864545 2 1 0.815780 2 0.184220
0  -0.013134 0.015546 0.045778  0.707058 -0.000248 0.707156  0.825081 0.852321 2 1 0.817756 2 0.182244
dd_c
0  -0.021455 0.026871 0.048833  0.373966 0.373971 0.848702  0.838897 0.866749 2 1 0.814052 2 0.185948
0  -0.020380 0.015546 0.050994  0.408450 -0.008382 0.912742  0.823369 0.864545 2 1 0.815780 2 0.184220
0  -0.014256 0.024800 0.044656  0.684431 0.306012 0.661748  0.838502 0.855460 2 1 0.815054 2 0.184946
dd_c
0  -0.021455 0.026871 0.048833  0.373966 0.373971 0.848702  0.838897 0.866749 2 1 0.814052 2 0.185948
0  -0.032780 0.015546 0.053916  0.000071 -0.000466 1.000000  0.822584 0.881332 2 1 0.813724 2 0.186276
0  -0.020380 0.015546 0.050994  0.408450 -0.008382 0.912742  0.823369 0.864545 2 1 0.815780 2 0.184220
dd_c
0  -0.032780 0.027946 0.050994  -0.007961 0.408478 0.912733  0.839105 0.881389 2 1 0.812809 2 0.187191
0  -0.032780 0.015546 0.053916  0.000071 -0.000466 1.000000  0.822584 0.881332 2 1 0.813724 2 0.186276
0  -0.021455 0.026871 0.048833  0.373966 0.373971 0.848702  0.838897 0.866749 2 1 0.814052 2 0.185948
dd_c
0  -0.032780 0.027946 0.050994  -0.007961 0.408478 0.912733  0.839105 0.881389 2 1 0.812809 2 0.187191
0  -0.045181 0.015546 0.050994  -0.408458 0.007697 0.912745  0.823252 0.898124 2 1 0.812130 2 0.187870
0  -0.032780 0.015546 0.053916  0.000071 -0.000466 1.000000  0.822584 0.881332 2 1 0.813724 2 0.186276
dd_c
0  -0.044106 0.026871 0.048833  -0.382982 0.382984 0.840623  0.838796 0.896028 2 1 0.811730 2 0.188270
0  -0.045181 0.015546 0.050994  -0.408458 0.007697 0.912745  0.823252 0.898124 2 1 0.812130 2 0.187870
0  -0.032780 0.027946 0.050994  -0.007961 0.408478 0.912733  0.839105 0.881389 2 1 0.812809 2 0.187191
dd_c
0  -0.044106 0.026871 0.048833  -0.382982 0.382984 0.840623  0.838796 0.896028 2 1 0.811730 2 0.188270
0  -0.052426 0.015546 0.045778  -0.707162 -0.000249 0.707052  0.824880 0.910360 2 1 0.811133 2 0.188867
0  -0.045181 0.015546 0.050994  -0.408458 0.007697 0.912745  0.823252 0.898124 2 1 0.812130 2 0.187870
dd_c
0  -0.052426 0.015546 0.045778  -0.707162 -0.000249 0.707052  0.824880 0.910360 2 1 0.811133 2 0.188867
0  -0.051300 0.006272 0.044651  -0.687750 -0.333650 0.644731  0.809722 0.912242 2 1 0.811217 2 0.188783
0  -0.045181 0.015546 0.050994  -0.408458 0.007697 0.912745  0.823252 0.898124 2 1 0.812130 2 0.187870
dd_c
0  -0.052426 0.015546 0.045778  -0.707162 -0.000249 0.707052  0.824880 0.910360 2 1 0.811133 2 0.188867
0  -0.055471 0.004184 0.037442  -0.779182 -0.506058 0.369839  0.807707 0.927504 2 1 0.810101 2 0.189899
0  -0.051300 0.006272 0.044651  -0.687750 -0.333650 0.644731  0.809722 0.912242 2 1 0.811217 2 0.188783
dd_c
0  -0.055471 0.004184 0.037442  -0.779182 -0.506058 0.369839  0.807707 0.927504 2 1 0.810101 2 0.189899
0  -0.051445 0.000133 0.035409  -0.942477 -0.000000 0.334271  0.795119 0.929578 2 1 0.810034 2 0.189966
0  -0.051300 0.006272 0.044651  -0.687750 -0.333650 0.644731  0.809722 0.912242 2 1 0.811217 2 0.188783
dd_c
0  -0.010079 -0.026605 0.037457  0.840427 -0.382996 0.383401  0.744784 0.845010 2 1 0.814322 2 0.185678
0  -0.013138 -0.034922 0.026210  0.697184 -0.705126 0.129351  0.719768 0.841580 2 1 0.811351 2 0.188649
0  -0.007921 -0.027674 0.026204  0.907149 -0.399853 0.131144  0.732476 0.828917 2 1 0.812086 2 0.187914
dd_c
0  -0.010079 -0.026605 0.037457  0.840427 -0.382996 0.383401  0.744784 0.845010 2 1 0.814322 2 0.185678
0  -0.007921 -0.027674 0.026204  0.907149 -0.399853 0.131144  0.732476 0.828917 2 1 0.812086 2 0.187914
0  -0.007918 -0.015281 0.038532  0.912563 -0.007682 0.408864  0.762533 0.838838 2 1 0.817758 2 0.182242
dd_c
0  -0.007918 -0.015281 0.038532  0.912563 -0.007682 0.408864  0.762533 0.838838 2 1 0.817758 2 0.182242
0  -0.007921 -0.027674 0.026204  0.907149 -0.399853 0.131144  0.732476 0.828917 2 1 0.812086 2 0.187914
0  -0.005001 -0.015281 0.026199  0.994380 0.004115 0.105794  0.755349 0.816853 2 1 0.814513 2 0.185487
dd_c
0  -0.007918 -0.015281 0.038532  0.912563 -0.007682 0.408864  0.762533 0.838838 2 1 0.817758 2 0.182242
0  -0.005001 -0.015281 0.026199  0.994380 0.004115 0.105794  0.755349 0.816853 2 1 0.814513 2 0.185487
0  -0.010090 -0.003918 0.037442  0.815760 0.464427 0.344736  0.782868 0.834970 2 1 0.804326 2 0.195674
dd_c
0  -0.010090 -0.003918 0.037442  0.815760 0.464427 0.344736  0.782868 0.834970 2 1 0.804326 2 0.195674
0  -0.005001 -0.015281 0.026199  0.994380 0.004115 0.105794  0.755349 0.816853 2 1 0.814513 2 0.185487
0  -0.007954 -0.002818 0.026196  0.814904 0.572410 0.090982  0.781911 0.811884 2 1 0.785751 2 0.214249
dd_c
0  -0.010090 -0.003918 0.037442  0.815760 0.464427 0.344736  0.782868 0.834970 2 1 0.804326 2 0.195674
0  -0.007954 -0.002818 0.026196  0.814904 0.572410 0.090982  0.781911 0.811884 2 1 0.785751 2 0.214249
0  -0.014116 0.000133 0.035409  0.954775 -0.000000 0.297329  0.795455 0.832896 2 1 0.801896 2 0.198104
dd_c
0  -0.014116 0.000133 0.035409  0.954775 -0.000000 0.297329  0.795455 0.832896 2 1 0.801896 2 0.198104
0  -0.007954 -0.002818 0.026196  0.814904 0.572410 0.090982  0.781911 0.811884 2 1 0.785751 2 0.214249
0  -0.012984 0.000133 0.026221  0.996229 -0.000001 0.086760  0.795526 0.812599 2 1 0.785917 2 0.214083
dd_c
0  -0.012984 0.000133 0.026221  0.996229 -0.000001 0.086760  0.795526 0.812599 2 1 0.785917 2 0.214083
0  -0.007954 0.003083 0.026196  0.814904 -0.572411 0.090982  0.809144 0.811979 2 1 0.785838 2 0.214162
0  -0.014116 0.000133 0.035409  0.954775 -0.000000 0.297329  0.795455 0.832896 2 1 0.801896 2 0.198104
dd_c
0  -0.014116 0.000133 0.035409  0.954775 -0.000000 0.297329  0.795455 0.832896 2 1 0.801896 2 0.198104
0  -0.007954 0.003083 0.026196  0.814904 -0.572411 0.090982  0.809144 0.811979 2 1 0.785838 2 0.214162
0  -0.010090 0.004184 0.037442  0.815761 -0.464426 0.344736  0.808028 0.835058 2 1 0.804367 2 0.195633
dd_c
0  -0.007954 0.003083 0.026196  0.814904 -0.572411 0.090982  0.809144 0.811979 2 1 0.785838 2 0.214162
0  -0.005001 0.015546 0.026199  0.994380 -0.004114 0.105794  0.835672 0.817132 2 1 0.814383 2 0.185617
0  -0.010090 0.004184 0.037442  0.815761 -0.464426 0.344736  0.808028 0.835058 2 1 0.804367 2 0.195633
dd_c
0  -0.010090 0.004184 0.037442  0.815761 -0.464426 0.344736  0.808028 0.835058 2 1 0.804367 2 0.195633
0  -0.005001 0.015546 0.026199  0.994380 -0.004114 0.105794  0.835672 0.817132 2 1 0.814383 2 0.185617
0  -0.007918 0.015546 0.038532  0.912563 0.007682 0.408864  0.828335 0.839067 2 1 0.817704 2 0.182296
dd_c
0  -0.005001 0.015546 0.026199  0.994380 -0.004114 0.105794  0.835672 0.817132 2 1 0.814383 2 0.185617
0  -0.007921 0.027939 0.026204  0.907148 0.399854 0.131144  0.858461 0.829354 2 1 0.811989 2 0.188011
0  -0.007918 0.015546 0.038532  0.912563 0.007682 0.408864  0.828335 0.839067 2 1 0.817704 2 0.182296
dd_c
0  -0.007918 0.015546 0.038532  0.912563 0.007682 0.408864  0.828335 0.839067 2 1 0.817704 2 0.182296
0  -0.007921 0.027939 0.026204  0.907148 0.399854 0.131144  0.858461 0.829354 2 1 0.811989 2 0.188011
0  -0.010079 0.026871 0.037457  0.840427 0.382996 0.383402  0.846041 0.845361 2 1 0.814254 2 0.185746
dd_c
0  -0.007921 0.027939 0.026204  0.907148 0.399854 0.131144  0.858461 0.829354 2 1 0.811989 2 0.188011
0  -0.013138 0.035188 0.026210  0.697183 0.705127 0.129351  0.871080 0.842105 2 1 0.811272 2 0.188728
0  -0.010079 0.026871 0.037457  0.840427 0.382996 0.383402  0.846041 0.845361 2 1 0.814254 2 0.185746
dd_c
0  -0.010079 0.026871 0.037457  0.840427 0.382996 0.383402  0.846041 0.845361 2 1 0.814254 2 0.185746
0  -0.013138 0.035188 0.026210  0.697183 0.705127 0.129351  0.871080 0.842105 2 1 0.811272 2 0.188728
0  -0.014256 0.034069 0.035387  0.684325 0.661667 0.306425  0.857935 0.851803 2 1 0.812659 2 0.187341
dd_c
0  -0.010079 0.026871 0.037457  0.840427 0.382996 0.383402  0.846041 0.845361 2 1 0.814254 2 0.185746
0  -0.014256 0.034069 0.035387  0.684325 0.661667 0.306425  0.857935 0.851803 2 1 0.812659 2 0.187341
0  -0.014256 0.024800 0.044656  0.684431 0.306012 0.661748  0.838502 0.855460 2 1 0.815054 2 0.184946
dd_c
0  -0.014256 0.024800 0.044656  0.684431 0.306012 0.661748  0.838502 0.855460 2 1 0.815054 2 0.184946
0  -0.014256 0.034069 0.035387  0.684325 0.661667 0.306425  0.857935 0.851803 2 1 0.812659 2 0.187341
0  -0.016739 0.031586 0.042173  0.604167 0.563466 0.563461  0.848795 0.858800 2 1 0.813508 2 0.186492
dd_c
0  -0.016739 0.031586 0.042173  0.604167 0.563466 0.563461  0.848795 0.858800 2 1 0.813508 2 0.186492
0  -0.021455 0.026871 0.048833  0.373966 0.373971 0.848702  0.838897 0.866749 2 1 0.814052 2 0.185948
0  -0.014256 0.024800 0.044656  0.684431 0.306012 0.661748  0.838502 0.855460 2 1 0.815054 2 0.184946
dd_c
0  -0.012348 0.000133 0.014046  0.408150 -0.000041 -0.912915  0.795627 0.783406 2 1 0.783767 2 0.216233
0  -0.007662 0.002953 0.014929  0.700886 -0.452117 -0.551678  0.812020 0.785605 2 1 0.771583 2 0.228417
0  -0.012984 0.000133 0.026221  0.996229 -0.000001 0.086760  0.795526 0.812599 2 1 0.785917 2 0.214083
dd_c
0  -0.012984 0.000133 0.026221  0.996229 -0.000001 0.086760  0.795526 0.812599 2 1 0.785917 2 0.214083
0  -0.007662 0.002953 0.014929  0.700886 -0.452117 -0.551678  0.812020 0.785605 2 1 0.771583 2 0.228417
0  -0.007954 0.003083 0.026196  0.814904 -0.572411 0.090982  0.809144 0.811979 2 1 0.785838 2 0.214162
dd_c
0  -0.007662 0.002953 0.014929  0.700886 -0.452117 -0.551678  0.812020 0.785605 2 1 0.771583 2 0.228417
0  -0.005258 0.015543 0.014908  0.790603 -0.017615 -0.612075  0.844718 0.793443 2 1 0.806721 2 0.193279
0  -0.007954 0.003083 0.026196  0.814904 -0.572411 0.090982  0.809144 0.811979 2 1 0.785838 2 0.214162
dd_c
0  -0.007954 0.003083 0.026196  0.814904 -0.572411 0.090982  0.809144 0.811979 2 1 0.785838 2 0.214162
0  -0.005258 0.015543 0.014908  0.790603 -0.017615 -0.612075  0.844718 0.793443 2 1 0.806721 2 0.193279
0  -0.005001 0.015546 0.026199  0.994380 -0.004114 0.105794  0.835672 0.817132 2 1 0.814383 2 0.185617
dd_c
0  -0.005258 0.015543 0.014908  0.790603 -0.017615 -0.612075  0.844718 0.793443 2 1 0.806721 2 0.193279
0  -0.007634 0.028072 0.014926  0.772083 0.275835 -0.572541  0.874098 0.809475 2 1 0.808778 2 0.191222
0  -0.005001 0.015546 0.026199  0.994380 -0.004114 0.105794  0.835672 0.817132 2 1 0.814383 2 0.185617
dd_c
0  -0.005001 0.015546 0.026199  0.994380 -0.004114 0.105794  0.835672 0.817132 2 1 0.814383 2 0.185617
0  -0.007634 0.028072 0.014926  0.772083 0.275835 -0.572541  0.874098 0.809475 2 1 0.808778 2 0.191222
0  -0.007921 0.027939 0.026204  0.907148 0.399854 0.131144  0.858461 0.829354 2 1 0.811989 2 0.188011
dd_c
0  -0.007634 0.028072 0.014926  0.772083 0.275835 -0.572541  0.874098 0.809475 2 1 0.808778 2 0.191222
0  -0.012267 0.036042 0.014201  0.575955 0.567736 -0.588177  0.893175 0.826314 2 1 0.809443 2 0.190557
0  -0.007921 0.027939 0.026204  0.907148 0.399854 0.131144  0.858461 0.829354 2 1 0.811989 2 0.188011
dd_c
0  -0.007921 0.027939 0.026204  0.907148 0.399854 0.131144  0.858461 0.829354 2 1 0.811989 2 0.188011
0  -0.012267 0.036042 0.014201  0.575955 0.567736 -0.588177  0.893175 0.826314 2 1 0.809443 2 0.190557
0  -0.013138 0.035188 0.026210  0.697183 0.705127 0.129351  0.871080 0.842105 2 1 0.811272 2 0.188728
dd_c
0  -0.012267 0.036042 0.014201  0.575955 0.567736 -0.588177  0.893175 0.826314 2 1 0.809443 2 0.190557
0  -0.020249 0.040661 0.013744  0.286814 0.705138 -0.648474  0.905704 0.848524 2 1 0.809070 2 0.190930
0  -0.013138 0.035188 0.026210  0.697183 0.705127 0.129351  0.871080 0.842105 2 1 0.811272 2 0.188728
dd_c
0  -0.013138 0.035188 0.026210  0.697183 0.705127 0.129351  0.871080 0.842105 2 1 0.811272 2 0.188728
0  -0.020249 0.040661 0.013744  0.286814 0.705138 -0.648474  0.905704 0.848524 2 1 0.809070 2 0.190930
0  -0.020387 0.040405 0.026204  0.403103 0.909149 0.104675  0.879876 0.857501 2 1 0.810703 2 0.189297
dd_c
0  -0.020249 0.040661 0.013744  0.286814 0.705138 -0.648474  0.905704 0.848524 2 1 0.809070 2 0.190930
0  -0.032784 0.043052 0.013740  0.007081 0.747282 -0.664470  0.911716 0.881641 2 1 0.808760 2 0.191240
0  -0.020387 0.040405 0.026204  0.403103 0.909149 0.104675  0.879876 0.857501 2 1 0.810703 2 0.189297
dd_c
0  -0.020387 0.040405 0.026204  0.403103 0.909149 0.104675  0.879876 0.857501 2 1 0.810703 2 0.189297
0  -0.032784 0.043052 0.013740  0.007081 0.747282 -0.664470  0.911716 0.881641 2 1 0.808760 2 0.191240
0  -0.032780 0.043325 0.026199  0.003057 0.994370 0.105921  0.885774 0.881551 2 1 0.810070 2 0.189930
dd_c
0  -0.032784 0.043052 0.013740  0.007081 0.747282 -0.664470  0.911716 0.881641 2 1 0.808760 2 0.191240
0  -0.045315 0.040654 0.013739  -0.278344 0.694219 -0.663766  0.905475 0.914716 2 1 0.808441 2 0.191559
0  -0.032780 0.043325 0.026199  0.003057 0.994370 0.105921  0.885774 0.881551 2 1 0.810070 2 0.189930
dd_c
0  -0.032780 0.043325 0.026199  0.003057 0.994370 0.105921  0.885774 0.881551 2 1 0.810070 2 0.189930
0  -0.045315 0.040654 0.013739  -0.278344 0.694219 -0.663766  0.905475 0.914716 2 1 0.808441 2 0.191559
0  -0.045173 0.040405 0.026204  -0.399404 0.907643 0.129075  0.879709 0.905560 2 1 0.809591 2 0.190409
dd_c
0  -0.032780 0.043325 0.026199  0.003057 0.994370 0.105921  0.885774 0.881551 2 1 0.810070 2 0.189930
0  -0.045173 0.040405 0.026204  -0.399404 0.907643 0.129075  0.879709 0.905560 2 1 0.809591 2 0.190409
0  -0.032780 0.040408 0.038532  -0.007944 0.912552 0.408883  0.863225 0.881473 2 1 0.811302 2 0.188698
dd_c
0  -0.032780 0.040408 0.038532  -0.007944 0.912552 0.408883  0.863225 0.881473 2 1 0.811302 2 0.188698
0  -0.045173 0.040405 0.026204  -0.399404 0.907643 0.129075  0.879709 0.905560 2 1 0.809591 2 0.190409
0  -0.044106 0.038247 0.037457  -0.382993 0.840427 0.383406  0.861208 0.898495 2 1 0.810627 2 0.189373
dd_c
0  -0.032780 0.040408 0.038532  -0.007944 0.912552 0.408883  0.863225 0.881473 2 1 0.811302 2 0.188698
0  -0.044106 0.038247 0.037457  -0.382993 0.840427 0.383406  0.861208 0.898495 2 1 0.810627 2 0.189373
0  -0.032780 0.035191 0.045778  -0.011870 0.707060 0.707053  0.850593 0.881429 2 1 0.812084 2 0.187916
dd_c
0  -0.032780 0.035191 0.045778  -0.011870 0.707060 0.707053  0.850593 0.881429 2 1 0.812084 2 0.187916
0  -0.044106 0.038247 0.037457  -0.382993 0.840427 0.383406  0.861208 0.898495 2 1 0.810627 2 0.189373
0  -0.042035 0.034069 0.044656  -0.308566 0.672606 0.672598  0.849911 0.893780 2 1 0.811383 2 0.188617
dd_c
0  -0.021455 0.038247 0.037457  0.373977 0.848531 0.374349  0.861326 0.864437 2 1 0.812044 2 0.187956
0  -0.032780 0.043325 0.026199  0.003057 0.994370 0.105921  0.885774 0.881551 2 1 0.810070 2 0.189930
0  -0.032780 0.040408 0.038532  -0.007944 0.912552 0.408883  0.863225 0.881473 2 1 0.811302 2 0.188698
dd_c
0  -0.020387 0.040405 0.026204  0.403103 0.909149 0.104675  0.879876 0.857501 2 1 0.810703 2 0.189297
0  -0.032780 0.043325 0.026199  0.003057 0.994370 0.105921  0.885774 0.881551 2 1 0.810070 2 0.189930
0  -0.021455 0.038247 0.037457  0.373977 0.848531 0.374349  0.861326 0.864437 2 1 0.812044 2 0.187956
dd_c
0  -0.013138 0.035188 0.026210  0.697183 0.705127 0.129351  0.871080 0.842105 2 1 0.811272 2 0.188728
0  -0.020387 0.040405 0.026204  0.403103 0.909149 0.104675  0.879876 0.857501 2 1 0.810703 2 0.189297
0  -0.014256 0.034069 0.035387  0.684325 0.661667 0.306425  0.857935 0.851803 2 1 0.812659 2 0.187341
dd_c
0  -0.014256 0.034069 0.035387  0.684325 0.661667 0.306425  0.857935 0.851803 2 1 0.812659 2 0.187341
0  -0.020387 0.040405 0.026204  0.403103 0.909149 0.104675  0.879876 0.857501 2 1 0.810703 2 0.189297
0  -0.021455 0.038247 0.037457  0.373977 0.848531 0.374349  0.861326 0.864437 2 1 0.812044 2 0.187956
dd_c
0  -0.014256 0.034069 0.035387  0.684325 0.661667 0.306425  0.857935 0.851803 2 1 0.812659 2 0.187341
0  -0.021455 0.038247 0.037457  0.373977 0.848531 0.374349  0.861326 0.864437 2 1 0.812044 2 0.187956
0  -0.016739 0.031586 0.042173  0.604167 0.563466 0.563461  0.848795 0.858800 2 1 0.813508 2 0.186492
dd_c
0  -0.016739 0.031586 0.042173  0.604167 0.563466 0.563461  0.848795 0.858800 2 1 0.813508 2 0.186492
0  -0.021455 0.038247 0.037457  0.373977 0.848531 0.374349  0.861326 0.864437 2 1 0.812044 2 0.187956
0  -0.023525 0.034069 0.044656  0.303552 0.673745 0.673739  0.849997 0.869074 2 1 0.812847 2 0.187153
dd_c
0  -0.021455 0.038247 0.037457  0.373977 0.848531 0.374349  0.861326 0.864437 2 1 0.812044 2 0.187956
0  -0.032780 0.040408 0.038532  -0.007944 0.912552 0.408883  0.863225 0.881473 2 1 0.811302 2 0.188698
0  -0.023525 0.034069 0.044656  0.303552 0.673745 0.673739  0.849997 0.869074 2 1 0.812847 2 0.187153
dd_c
0  -0.023525 0.034069 0.044656  0.303552 0.673745 0.673739  0.849997 0.869074 2 1 0.812847 2 0.187153
0  -0.032780 0.040408 0.038532  -0.007944 0.912552 0.408883  0.863225 0.881473 2 1 0.811302 2 0.188698
0  -0.032780 0.035191 0.045778  -0.011870 0.707060 0.707053  0.850593 0.881429 2 1 0.812084 2 0.187916
dd_c
0  -0.023525 0.034069 0.044656  0.303552 0.673745 0.673739  0.849997 0.869074 2 1 0.812847 2 0.187153
0  -0.021455 0.026871 0.048833  0.373966 0.373971 0.848702  0.838897 0.866749 2 1 0.814052 2 0.185948
0  -0.016739 0.031586 0.042173  0.604167 0.563466 0.563461  0.848795 0.858800 2 1 0.813508 2 0.186492
dd_c
0  -0.023525 0.034069 0.044656  0.303552 0.673745 0.673739  0.849997 0.869074 2 1 0.812847 2 0.187153
0  -0.032780 0.027946 0.050994  -0.007961 0.408478 0.912733  0.839105 0.881389 2 1 0.812809 2 0.187191
0  -0.021455 0.026871 0.048833  0.373966 0.373971 0.848702  0.838897 0.866749 2 1 0.814052 2 0.185948
dd_c
0  -0.032780 0.035191 0.045778  -0.011870 0.707060 0.707053  0.850593 0.881429 2 1 0.812084 2 0.187916
0  -0.032780 0.027946 0.050994  -0.007961 0.408478 0.912733  0.839105 0.881389 2 1 0.812809 2 0.187191
0  -0.023525 0.034069 0.044656  0.303552 0.673745 0.673739  0.849997 0.869074 2 1 0.812847 2 0.187153
dd_c
0  -0.032780 0.035191 0.045778  -0.011870 0.707060 0.707053  0.850593 0.881429 2 1 0.812084 2 0.187916
0  -0.044106 0.026871 0.048833  -0.382982 0.382984 0.840623  0.838796 0.896028 2 1 0.811730 2 0.188270
0  -0.032780 0.027946 0.050994  -0.007961 0.408478 0.912733  0.839105 0.881389 2 1 0.812809 2 0.187191
dd_c
0  -0.042035 0.034069 0.044656  -0.308566 0.672606 0.672598  0.849911 0.893780 2 1 0.811383 2 0.188617
0  -0.044106 0.026871 0.048833  -0.382982 0.382984 0.840623  0.838796 0.896028 2 1 0.811730 2 0.188270
0  -0.032780 0.035191 0.045778  -0.011870 0.707060 0.707053  0.850593 0.881429 2 1 0.812084 2 0.187916
dd_c
0  -0.042035 0.034069 0.044656  -0.308566 0.672606 0.672598  0.849911 0.893780 2 1 0.811383 2 0.188617
0  -0.051304 0.024800 0.044656  -0.661755 0.306011 0.684425  0.838322 0.907314 2 1 0.810980 2 0.189020
0  -0.044106 0.026871 0.048833  -0.382982 0.382984 0.840623  0.838796 0.896028 2 1 0.811730 2 0.188270
dd_c
0  -0.051304 0.024800 0.044656  -0.661755 0.306011 0.684425  0.838322 0.907314 2 1 0.810980 2 0.189020
0  -0.052426 0.015546 0.045778  -0.707162 -0.000249 0.707052  0.824880 0.910360 2 1 0.811133 2 0.188867
0  -0.044106 0.026871 0.048833  -0.382982 0.382984 0.840623  0.838796 0.896028 2 1 0.811730 2 0.188270
dd_c
0  -0.051304 0.024800 0.044656  -0.661755 0.306011 0.684425  0.838322 0.907314 2 1 0.810980 2 0.189020
0  -0.057642 0.015546 0.038532  -0.912575 -0.008401 0.408824  0.828041 0.923636 2 1 0.810150 2 0.189850
0  -0.052426 0.015546 0.045778  -0.707162 -0.000249 0.707052  0.824880 0.910360 2 1 0.811133 2 0.188867
dd_c
0  -0.057642 0.015546 0.038532  -0.912575 -0.008401 0.408824  0.828041 0.923636 2 1 0.810150 2 0.189850
0  -0.055471 0.004184 0.037442  -0.779182 -0.506058 0.369839  0.807707 0.927504 2 1 0.810101 2 0.189899
0  -0.052426 0.015546 0.045778  -0.707162 -0.000249 0.707052  0.824880 0.910360 2 1 0.811133 2 0.188867
dd_c
0  -0.057642 0.015546 0.038532  -0.912575 -0.008401 0.408824  0.828041 0.923636 2 1 0.810150 2 0.189850
0  -0.057607 0.003083 0.026196  -0.802127 -0.585238 0.118695  0.808663 0.950590 2 1 0.808612 2 0.191388
0  -0.055471 0.004184 0.037442  -0.779182 -0.506058 0.369839  0.807707 0.927504 2 1 0.810101 2 0.189899
dd_c
0  -0.057607 0.003083 0.026196  -0.802127 -0.585238 0.118695  0.808663 0.950590 2 1 0.808612 2 0.191388
0  -0.052576 0.000133 0.026221  -0.985460 -0.000001 0.169908  0.795049 0.949876 2 1 0.808650 2 0.191350
0  -0.055471 0.004184 0.037442  -0.779182 -0.506058 0.369839  0.807707 0.927504 2 1 0.810101 2 0.189899
dd_c
0  -0.057607 0.003083 0.026196  -0.802127 -0.585238 0.118695  0.808663 0.950590 2 1 0.808612 2 0.191388
0  -0.053207 0.000133 0.014044  -0.407768 0.000043 -0.913085  0.794948 0.979068 2 1 0.806431 2 0.193569
0  -0.052576 0.000133 0.026221  -0.985460 -0.000001 0.169908  0.795049 0.949876 2 1 0.808650 2 0.191350
dd_c
0  -0.052576 0.000133 0.026221  -0.985460 -0.000001 0.169908  0.795049 0.949876 2 1 0.808650 2 0.191350
0  -0.053207 0.000133 0.014044  -0.407768 0.000043 -0.913085  0.794948 0.979068 2 1 0.806431 2 0.193569
0  -0.057607 -0.002818 0.026196  -0.802128 0.585236 0.118695  0.781430 0.950496 2 1 0.808618 2 0.191382
dd_c
0  -0.057607 -0.002818 0.026196  -0.802128 0.585236 0.118695  0.781430 0.950496 2 1 0.808618 2 0.191382
0  -0.053207 0.000133 0.014044  -0.407768 0.000043 -0.913085  0.794948 0.979068 2 1 0.806431 2 0.193569
0  -0.057900 -0.002685 0.014932  -0.706071 0.464347 -0.534645  0.778555 0.976869 2 1 0.807046 2 0.192954
dd_c
0  -0.057607 -0.002818 0.026196  -0.802128 0.585236 0.118695  0.781430 0.950496 2 1 0.808618 2 0.191382
0  -0.057900 -0.002685 0.014932  -0.706071 0.464347 -0.534645  0.778555 0.976869 2 1 0.807046 2 0.192954
0  -0.060560 -0.015281 0.026199  -0.994371 -0.002988 0.105913  0.754902 0.945342 2 1 0.808777 2 0.191223
dd_c
0  -0.060560 -0.015281 0.026199  -0.994371 -0.002988 0.105913  0.754902 0.945342 2 1 0.808777 2 0.191223
0  -0.057900 -0.002685 0.014932  -0.706071 0.464347 -0.534645  0.778555 0.976869 2 1 0.807046 2 0.192954
0  -0.060302 -0.015282 0.014907  -0.786355 -0.012255 -0.617653  0.745857 0.969031 2 1 0.807469 2 0.192531
dd_c
0  -0.060560 -0.015281 0.026199  -0.994371 -0.002988 0.105913  0.754902 0.945342 2 1 0.808777 2 0.191223
0  -0.060302 -0.015282 0.014907  -0.786355 -0.012255 -0.617653  0.745857 0.969031 2 1 0.807469 2 0.192531
0  -0.057640 -0.027674 0.026204  -0.909097 -0.402779 0.106362  0.732114 0.933120 2 1 0.809097 2 0.190903
dd_c
0  -0.057640 -0.027674 0.026204  -0.909097 -0.402779 0.106362  0.732114 0.933120 2 1 0.809097 2 0.190903
0  -0.060302 -0.015282 0.014907  -0.786355 -0.012255 -0.617653  0.745857 0.969031 2 1 0.807469 2 0.192531
0  -0.057915 -0.027806 0.014912  -0.754872 -0.279434 -0.593367  0.716477 0.952999 2 1 0.808039 2 0.191961
dd_c
0  -0.045315 0.040654 0.013739  -0.278344 0.694219 -0.663766  0.905475 0.914716 2 1 0.808441 2 0.191559
0  -0.053293 0.036030 0.014191  -0.595919 0.534192 -0.599600  0.892791 0.936839 2 1 0.808255 2 0.191745
0  -0.045173 0.040405 0.026204  -0.399404 0.907643 0.129075  0.879709 0.905560 2 1 0.809591 2 0.190409
dd_c
0  -0.045173 0.040405 0.026204  -0.399404 0.907643 0.129075  0.879709 0.905560 2 1 0.809591 2 0.190409
0  -0.053293 0.036030 0.014191  -0.595919 0.534192 -0.599600  0.892791 0.936839 2 1 0.808255 2 0.191745
0  -0.052422 0.035188 0.026210  -0.704365 0.697807 0.130135  0.870806 0.920894 2 1 0.809317 2 0.190683
dd_c
0  -0.045173 0.040405 0.026204  -0.399404 0.907643 0.129075  0.879709 0.905560 2 1 0.809591 2 0.190409
0  -0.052422 0.035188 0.026210  -0.704365 0.697807 0.130135  0.870806 0.920894 2 1 0.809317 2 0.190683
0  -0.044106 0.038247 0.037457  -0.382993 0.840427 0.383406  0.861208 0.898495 2 1 0.810627 2 0.189373
dd_c
0  -0.044106 0.038247 0.037457  -0.382993 0.840427 0.383406  0.861208 0.898495 2 1 0.810627 2 0.189373
0  -0.052422 0.035188 0.026210  -0.704365 0.697807 0.130135  0.870806 0.920894 2 1 0.809317 2 0.190683
0  -0.051304 0.034069 0.035387  -0.661670 0.684319 0.306432  0.857729 0.911105 2 1 0.810152 2 0.189848
dd_c
0  -0.044106 0.038247 0.037457  -0.382993 0.840427 0.383406  0.861208 0.898495 2 1 0.810627 2 0.189373
0  -0.051304 0.034069 0.035387  -0.661670 0.684319 0.306432  0.857729 0.911105 2 1 0.810152 2 0.189848
0  -0.042035 0.034069 0.044656  -0.308566 0.672606 0.672598  0.849911 0.893780 2 1 0.811383 2 0.188617
dd_c
0  -0.042035 0.034069 0.044656  -0.308566 0.672606 0.672598  0.849911 0.893780 2 1 0.811383 2 0.188617
0  -0.051304 0.034069 0.035387  -0.661670 0.684319 0.306432  0.857729 0.911105 2 1 0.810152 2 0.189848
0  -0.048821 0.031586 0.042173  -0.549682 0.590703 0.590694  0.848638 0.904046 2 1 0.810836 2 0.189164
dd_c
0  -0.048821 0.031586 0.042173  -0.549682 0.590703 0.590694  0.848638 0.904046 2 1 0.810836 2 0.189164
0  -0.051304 0.024800 0.044656  -0.661755 0.306011 0.684425  0.838322 0.907314 2 1 0.810980 2 0.189020
0  -0.042035 0.034069 0.044656  -0.308566 0.672606 0.672598  0.849911 0.893780 2 1 0.811383 2 0.188617
dd_c
0  -0.048821 0.031586 0.042173  -0.549682 0.590703 0.590694  0.848638 0.904046 2 1 0.810836 2 0.189164
0  -0.055482 0.026871 0.037457  -0.848530 0.373979 0.374348  0.845791 0.917464 2 1 0.810160 2 0.189840
0  -0.051304 0.024800 0.044656  -0.661755 0.306011 0.684425  0.838322 0.907314 2 1 0.810980 2 0.189020
dd_c
0  -0.055482 0.026871 0.037457  -0.848530 0.373979 0.374348  0.845791 0.917464 2 1 0.810160 2 0.189840
0  -0.057642 0.015546 0.038532  -0.912575 -0.008401 0.408824  0.828041 0.923636 2 1 0.810150 2 0.189850
0  -0.051304 0.024800 0.044656  -0.661755 0.306011 0.684425  0.838322 0.907314 2 1 0.810980 2 0.189020
dd_c
0  -0.055482 0.026871 0.037457  -0.848530 0.373979 0.374348  0.845791 0.917464 2 1 0.810160 2 0.189840
0  -0.060560 0.015546 0.026199  -0.994371 0.002988 0.105913  0.835226 0.945621 2 1 0.808759 2 0.191241
0  -0.057642 0.015546 0.038532  -0.912575 -0.008401 0.408824  0.828041 0.923636 2 1 0.810150 2 0.189850
dd_c
0  -0.060560 0.015546 0.026199  -0.994371 0.002988 0.105913  0.835226 0.945621 2 1 0.808759 2 0.191241
0  -0.057607 0.003083 0.026196  -0.802127 -0.585238 0.118695  0.808663 0.950590 2 1 0.808612 2 0.191388
0  -0.057642 0.015546 0.038532  -0.912575 -0.008401 0.408824  0.828041 0.923636 2 1 0.810150 2 0.189850
dd_c
0  -0.060560 0.015546 0.026199  -0.994371 0.002988 0.105913  0.835226 0.945621 2 1 0.808759 2 0.191241
0  -0.057900 0.002950 0.014932  -0.706112 -0.464292 -0.534639  0.811355 0.976983 2 1 0.807041 2 0.192959
0  -0.057607 0.003083 0.026196  -0.802127 -0.585238 0.118695  0.808663 0.950590 2 1 0.808612 2 0.191388
dd_c
0  -0.057900 0.002950 0.014932  -0.706112 -0.464292 -0.534639  0.811355 0.976983 2 1 0.807041 2 0.192959
0  -0.053207 0.000133 0.014044  -0.407768 0.000043 -0.913085  0.794948 0.979068 2 1 0.806431 2 0.193569
0  -0.057607 0.003083 0.026196  -0.802127 -0.585238 0.118695  0.808663 0.950590 2 1 0.808612 2 0.191388
dd_c
0  -0.053293 0.036030 0.014191  -0.595919 0.534192 -0.599600  0.892791 0.936839 2 1 0.808255 2 0.191745
0  -0.057915 0.028071 0.014912  -0.754874 0.279511 -0.593329  0.873597 0.953544 2 1 0.808010 2 0.191990
0  -0.052422 0.035188 0.026210  -0.704365 0.697807 0.130135  0.870806 0.920894 2 1 0.809317 2 0.190683
dd_c
0  -0.052422 0.035188 0.026210  -0.704365 0.697807 0.130135  0.870806 0.920894 2 1 0.809317 2 0.190683
0  -0.057915 0.028071 0.014912  -0.754874 0.279511 -0.593329  0.873597 0.953544 2 1 0.808010 2 0.191990
0  -0.057640 0.027939 0.026204  -0.909097 0.402778 0.106362  0.858099 0.933557 2 1 0.809069 2 0.190931
dd_c
0  -0.052422 0.035188 0.026210  -0.704365 0.697807 0.130135  0.870806 0.920894 2 1 0.809317 2 0.190683
0  -0.057640 0.027939 0.026204  -0.909097 0.402778 0.106362  0.858099 0.933557 2 1 0.809069 2 0.190931
0  -0.051304 0.034069 0.035387  -0.661670 0.684319 0.306432  0.857729 0.911105 2 1 0.810152 2 0.189848
dd_c
0  -0.051304 0.034069 0.035387  -0.661670 0.684319 0.306432  0.857729 0.911105 2 1 0.810152 2 0.189848
0  -0.057640 0.027939 0.026204  -0.909097 0.402778 0.106362  0.858099 0.933557 2 1 0.809069 2 0.190931
0  -0.055482 0.026871 0.037457  -0.848530 0.373979 0.374348  0.845791 0.917464 2 1 0.810160 2 0.189840
dd_c
0  -0.051304 0.034069 0.035387  -0.661670 0.684319 0.306432  0.857729 0.911105 2 1 0.810152 2 0.189848
0  -0.055482 0.026871 0.037457  -0.848530 0.373979 0.374348  0.845791 0.917464 2 1 0.810160 2 0.189840
0  -0.048821 0.031586 0.042173  -0.549682 0.590703 0.590694  0.848638 0.904046 2 1 0.810836 2 0.189164
dd_c
0  -0.060302 0.015548 0.014907  -0.786355 0.012207 -0.617654  0.844107 0.969372 2 1 0.807450 2 0.192550
0  -0.057900 0.002950 0.014932  -0.706112 -0.464292 -0.534639  0.811355 0.976983 2 1 0.807041 2 0.192959
0  -0.060560 0.015546 0.026199  -0.994371 0.002988 0.105913  0.835226 0.945621 2 1 0.808759 2 0.191241
dd_c
0  -0.057640 0.027939 0.026204  -0.909097 0.402778 0.106362  0.858099 0.933557 2 1 0.809069 2 0.190931
0  -0.060560 0.015546 0.026199  -0.994371 0.002988 0.105913  0.835226 0.945621 2 1 0.808759 2 0.191241
0  -0.055482 0.026871 0.037457  -0.848530 0.373979 0.374348  0.845791 0.917464 2 1 0.810160 2 0.189840
dd_c
0  -0.057640 0.027939 0.026204  -0.909097 0.402778 0.106362  0.858099 0.933557 2 1 0.809069 2 0.190931
0  -0.060302 0.015548 0.014907  -0.786355 0.012207 -0.617654  0.844107 0.969372 2 1 0.807450 2 0.192550
0  -0.060560 0.015546 0.026199  -0.994371 0.002988 0.105913  0.835226 0.945621 2 1 0.808759 2 0.191241
dd_c
0  -0.057915 0.028071 0.014912  -0.754874 0.279511 -0.593329  0.873597 0.953544 2 1 0.808010 2 0.191990
0  -0.060302 0.015548 0.014907  -0.786355 0.012207 -0.617654  0.844107 0.969372 2 1 0.807450 2 0.192550
0  -0.057640 0.027939 0.026204  -0.909097 0.402778 0.106362  0.858099 0.933557 2 1 0.809069 2 0.190931
dd_c
0  -0.015883 0.013512 0.085788  -0.778771 0.627216 0.010763  0.539929 0.372262 3 1 0.058148 2 0.887935 3 0.053917
0  -0.008415 0.019464 0.085802  -0.427531 0.903715 0.022709  0.501189 0.369201 3 1 0.058902 2 0.887745 3 0.053353
0  -0.018164 0.014745 0.045109  -0.784454 0.620184 -0.001677  0.561248 0.184723 2 1 0.924122 2 0.075878
dd_c
0  -0.018164 0.014745 0.045109  -0.784454 0.620184 -0.001677  0.561248 0.184723 2 1 0.924122 2 0.075878
0  -0.008415 0.019464 0.085802  -0.427531 0.903715 0.022709  0.501189 0.369201 3 1 0.058902 2 0.887745 3 0.053353
0  -0.010010 0.021251 0.045120  -0.439391 0.898258 0.008202  0.518259 0.184328 2 1 0.926458 2 0.073542
dd_c
0  -0.008415 0.019464 0.085802  -0.427531 0.903715 0.022709  0.501189 0.369201 3 1 0.058902 2 0.887745 3 0.053353
0  0.000894 0.021584 0.085820  0.007599 0.999273 0.037368  0.462475 0.366180 3 1 0.059674 2 0.887829 3 0.052497
0  -0.010010 0.021251 0.045120  -0.439391 0.898258 0.008202  0.518259 0.184328 2 1 0.926458 2 0.073542
dd_c
0  -0.010010 0.021251 0.045120  -0.439391 0.898258 0.008202  0.518259 0.184328 2 1 0.926458 2 0.073542
0  0.000894 0.021584 0.085820  0.007599 0.999273 0.037368  0.462475 0.366180 3 1 0.059674 2 0.887829 3 0.052497
0  0.000160 0.023574 0.045134  -0.007247 0.999750 0.021179  0.476454 0.183510 2 1 0.929412 2 0.070588
dd_c
0  0.000894 0.021584 0.085820  0.007599 0.999273 0.037368  0.462475 0.366180 3 1 0.059674 2 0.887829 3 0.052497
0  0.010200 0.019456 0.085837  0.439396 0.896803 0.051719  0.423978 0.363413 3 1 0.060274 2 0.888243 3 0.051483
0  0.000160 0.023574 0.045134  -0.007247 0.999750 0.021179  0.476454 0.183510 2 1 0.929412 2 0.070588
dd_c
0  0.000160 0.023574 0.045134  -0.007247 0.999750 0.021179  0.476454 0.183510 2 1 0.929412 2 0.070588
0  0.010200 0.019456 0.085837  0.439396 0.896803 0.051719  0.423978 0.363413 3 1 0.060274 2 0.888243 3 0.051483
0  0.010330 0.021256 0.045150  0.426534 0.903735 0.036498  0.434935 0.182314 2 1 0.932281 2 0.067719
dd_c
0  0.010200 0.019456 0.085837  0.439396 0.896803 0.051719  0.423978 0.363413 3 1 0.060274 2 0.888243 3 0.051483
0  0.017659 0.013502 0.085850  0.783168 0.618613 0.062977  0.385764 0.361130 3 1 0.060580 2 0.888907 3 0.050513
0  0.010330 0.021256 0.045150  0.426534 0.903735 0.036498  0.434935 0.182314 2 1 0.932281 2 0.067719
dd_c
0  0.010330 0.021256 0.045150  0.426534 0.903735 0.036498  0.434935 0.182314 2 1 0.932281 2 0.067719
0  0.017659 0.013502 0.085850  0.783168 0.618613 0.062977  0.385764 0.361130 3 1 0.060580 2 0.888907 3 0.050513
0  0.018486 0.014756 0.045166  0.776206 0.628222 0.053302  0.393822 0.181042 2 1 0.934419 2 0.065581
dd_c
0  0.017659 0.013502 0.085850  0.783168 0.618613 0.062977  0.385764 0.361130 3 1 0.060580 2 0.888907 3 0.050513
0  0.021798 0.004904 0.085858  0.972960 0.220386 0.069133  0.347784 0.359511 2 1 0.063690 2 0.936310
0  0.018486 0.014756 0.045166  0.776206 0.628222 0.053302  0.393822 0.181042 2 1 0.934419 2 0.065581
dd_c
0  0.018486 0.014756 0.045166  0.776206 0.628222 0.053302  0.393822 0.181042 2 1 0.934419 2 0.065581
0  0.021798 0.004904 0.085858  0.972960 0.220386 0.069133  0.347784 0.359511 2 1 0.063690 2 0.936310
0  0.023017 0.005354 0.045178  0.972336 0.224202 0.065547  0.352817 0.180017 2 1 0.935754 2 0.064246
dd_c
0  0.021798 0.004904 0.085858  0.972960 0.220386 0.069133  0.347784 0.359511 2 1 0.063690 2 0.936310
0  0.021798 -0.004638 0.085858  0.972961 -0.220369 0.069167  0.309890 0.358593 2 1 0.063113 2 0.936887
0  0.023017 0.005354 0.045178  0.972336 0.224202 0.065547  0.352817 0.180017 2 1 0.935754 2 0.064246
dd_c
0  0.023017 0.005354 0.045178  0.972336 0.224202 0.065547  0.352817 0.180017 2 1 0.935754 2 0.064246
0  0.021798 -0.004638 0.085858  0.972961 -0.220369 0.069167  0.309890 0.358593 2 1 0.063113 2 0.936887
0  0.023017 -0.005089 0.045178  0.972070 -0.226054 0.063076  0.311813 0.179593 2 1 0.936722 2 0.063278
dd_c
0  0.021798 -0.004638 0.085858  0.972961 -0.220369 0.069167  0.309890 0.358593 2 1 0.063113 2 0.936887
0  0.017659 -0.013237 0.085850  0.783165 -0.618607 0.063065  0.271877 0.358697 2 1 0.062686 2 0.937314
0  0.023017 -0.005089 0.045178  0.972070 -0.226054 0.063076  0.311813 0.179593 2 1 0.936722 2 0.063278
dd_c
0  0.023017 -0.005089 0.045178  0.972070 -0.226054 0.063076  0.311813 0.179593 2 1 0.936722 2 0.063278
0  0.017659 -0.013237 0.085850  0.783165 -0.618607 0.063065  0.271877 0.358697 2 1 0.062686 2 0.937314
0  0.018486 -0.014490 0.045166  0.776839 -0.627731 0.049750  0.271207 0.179591 2 1 0.936448 2 0.063552
dd_c
0  0.017659 -0.013237 0.085850  0.783165 -0.618607 0.063065  0.271877 0.358697 2 1 0.062686 2 0.937314
0  0.010200 -0.019190 0.085837  0.439389 -0.896800 0.051835  0.233605 0.359398 3 1 0.059143 2 0.890370 3 0.050487
0  0.018486 -0.014490 0.045166  0.776839 -0.627731 0.049750  0.271207 0.179591 2 1 0.936448 2 0.063552
dd_c
0  0.018486 -0.014490 0.045166  0.776839 -0.627731 0.049750  0.271207 0.179591 2 1 0.936448 2 0.063552
0  0.010200 -0.019190 0.085837  0.439389 -0.896800 0.051835  0.233605 0.359398 3 1 0.059143 2 0.890370 3 0.050487
0  0.010330 -0.020991 0.045150  0.427255 -0.903455 0.034976  0.230919 0.179801 2 1 0.934476 2 0.065524
dd_c
0  0.010200 -0.019190 0.085837  0.439389 -0.896800 0.051835  0.233605 0.359398 3 1 0.059143 2 0.890370 3 0.050487
0  0.000894 -0.021319 0.085820  0.007595 -0.999268 0.037493  0.194994 0.360483 3 1 0.058664 2 0.889717 3 0.051619
0  0.010330 -0.020991 0.045150  0.427255 -0.903455 0.034976  0.230919 0.179801 2 1 0.934476 2 0.065524
dd_c
0  0.010330 -0.020991 0.045150  0.427255 -0.903455 0.034976  0.230919 0.179801 2 1 0.934476 2 0.065524
0  0.000894 -0.021319 0.085820  0.007595 -0.999268 0.037493  0.194994 0.360483 3 1 0.058664 2 0.889717 3 0.051619
0  0.000160 -0.023309 0.045134  -0.007020 -0.999757 0.020875  0.190481 0.179835 2 1 0.931268 2 0.068732
dd_c
0  0.000894 -0.021319 0.085820  0.007595 -0.999268 0.037493  0.194994 0.360483 3 1 0.058664 2 0.889717 3 0.051619
0  -0.008415 -0.019198 0.085802  -0.427533 -0.903711 0.022824  0.156072 0.361686 3 1 0.058205 2 0.889025 3 0.052770
0  0.000160 -0.023309 0.045134  -0.007020 -0.999757 0.020875  0.190481 0.179835 2 1 0.931268 2 0.068732
dd_c
0  0.000160 -0.023309 0.045134  -0.007020 -0.999757 0.020875  0.190481 0.179835 2 1 0.931268 2 0.068732
0  -0.008415 -0.019198 0.085802  -0.427533 -0.903711 0.022824  0.156072 0.361686 3 1 0.058205 2 0.889025 3 0.052770
0  -0.010010 -0.020985 0.045120  -0.439400 -0.898255 0.008145  0.150310 0.179356 2 1 0.927727 2 0.072273
dd_c
0  0.006309 0.018550 0.126334  0.435127 0.898816 0.052866  0.421865 0.551278 3 2 0.059693 3 0.872146 4 0.068161
0  0.013420 0.012877 0.126372  0.779591 0.620036 0.088285  0.383120 0.547636 3 2 0.061861 3 0.871192 4 0.066947
0  0.010200 0.019456 0.085837  0.439396 0.896803 0.051719  0.423978 0.363413 3 1 0.060274 2 0.888243 3 0.051483
dd_c
0  0.010200 0.019456 0.085837  0.439396 0.896803 0.051719  0.423978 0.363413 3 1 0.060274 2 0.888243 3 0.051483
0  0.013420 0.012877 0.126372  0.779591 0.620036 0.088285  0.383120 0.547636 3 2 0.061861 3 0.871192 4 0.066947
0  0.017659 0.013502 0.085850  0.783168 0.618613 0.062977  0.385764 0.361130 3 1 0.060580 2 0.888907 3 0.050513
dd_c
0  0.013420 0.012877 0.126372  0.779591 0.620036 0.088285  0.383120 0.547636 3 2 0.061861 3 0.871192 4 0.066947
0  0.017365 0.004681 0.126393  0.969352 0.220772 0.107778  0.344458 0.545224 3 2 0.062951 3 0.870965 4 0.066084
0  0.017659 0.013502 0.085850  0.783168 0.618613 0.062977  0.385764 0.361130 3 1 0.060580 2 0.888907 3 0.050513
dd_c
0  0.017659 0.013502 0.085850  0.783168 0.618613 0.062977  0.385764 0.361130 3 1 0.060580 2 0.888907 3 0.050513
0  0.017365 0.004681 0.126393  0.969352 0.220772 0.107778  0.344458 0.545224 3 2 0.062951 3 0.870965 4 0.066084
0  0.021798 0.004904 0.085858  0.972960 0.220386 0.069133  0.347784 0.359511 2 1 0.063690 2 0.936310
dd_c
0  0.017365 0.004681 0.126393  0.969352 0.220772 0.107778  0.344458 0.545224 3 2 0.062951 3 0.870965 4 0.066084
0  0.017365 -0.004415 0.126393  0.969344 -0.220795 0.107800  0.305765 0.544465 3 2 0.062766 3 0.871398 4 0.065836
0  0.021798 0.004904 0.085858  0.972960 0.220386 0.069133  0.347784 0.359511 2 1 0.063690 2 0.936310
dd_c
0  0.021798 0.004904 0.085858  0.972960 0.220386 0.069133  0.347784 0.359511 2 1 0.063690 2 0.936310
0  0.017365 -0.004415 0.126393  0.969344 -0.220795 0.107800  0.305765 0.544465 3 2 0.062766 3 0.871398 4 0.065836
0  0.021798 -0.004638 0.085858  0.972961 -0.220369 0.069167  0.309890 0.358593 2 1 0.063113 2 0.936887
dd_c
0  0.017365 -0.004415 0.126393  0.969344 -0.220795 0.107800  0.305765 0.544465 3 2 0.062766 3 0.871398 4 0.065836
0  0.013420 -0.012611 0.126372  0.779591 -0.620031 0.088316  0.267073 0.545256 3 2 0.061338 3 0.872345 4 0.066317
0  0.021798 -0.004638 0.085858  0.972961 -0.220369 0.069167  0.309890 0.358593 2 1 0.063113 2 0.936887
dd_c
0  0.021798 -0.004638 0.085858  0.972961 -0.220369 0.069167  0.309890 0.358593 2 1 0.063113 2 0.936887
0  0.013420 -0.012611 0.126372  0.779591 -0.620031 0.088316  0.267073 0.545256 3 2 0.061338 3 0.872345 4 0.066317
0  0.017659 -0.013237 0.085850  0.783165 -0.618607 0.063065  0.271877 0.358697 2 1 0.062686 2 0.937314
dd_c
0  0.013420 -0.012611 0.126372  0.779591 -0.620031 0.088316  0.267073 0.545256 3 2 0.061338 3 0.872345 4 0.066317
0  0.006309 -0.018285 0.126334  0.435128 -0.898815 0.052867  0.228275 0.547300 3 2 0.058873 3 0.873876 4 0.067251
0  0.017659 -0.013237 0.085850  0.783165 -0.618607 0.063065  0.271877 0.358697 2 1 0.062686 2 0.937314
dd_c
0  0.017659 -0.013237 0.085850  0.783165 -0.618607 0.063065  0.271877 0.358697 2 1 0.062686 2 0.937314
0  0.006309 -0.018285 0.126334  0.435128 -0.898815 0.052867  0.228275 0.547300 3 2 0.058873 3 0.873876 4 0.067251
0  0.010200 -0.019190 0.085837  0.439389 -0.896800 0.051835  0.233605 0.359398 3 1 0.059143 2 0.890370 3 0.050487
dd_c
0  0.006309 -0.018285 0.126334  0.435128 -0.898815 0.052867  0.228275 0.547300 3 2 0.058873 3 0.873876 4 0.067251
0  -0.002560 -0.020311 0.126286  0.002529 -0.999963 0.008188  0.189352 0.550043 3 2 0.055772 3 0.876042 4 0.068186
0  0.010200 -0.019190 0.085837  0.439389 -0.896800 0.051835  0.233605 0.359398 3 1 0.059143 2 0.890370 3 0.050487
dd_c
0  0.010200 -0.019190 0.085837  0.439389 -0.896800 0.051835  0.233605 0.359398 3 1 0.059143 2 0.890370 3 0.050487
0  -0.002560 -0.020311 0.126286  0.002529 -0.999963 0.008188  0.189352 0.550043 3 2 0.055772 3 0.876042 4 0.068186
0  0.000894 -0.021319 0.085820  0.007595 -0.999268 0.037493  0.194994 0.360483 3 1 0.058664 2 0.889717 3 0.051619
dd_c
0  -0.002560 -0.020311 0.126286  0.002529 -0.999963 0.008188  0.189352 0.550043 3 2 0.055772 3 0.876042 4 0.068186
0  -0.011430 -0.018286 0.126238  -0.431342 -0.901437 -0.036822  0.150214 0.552769 3 2 0.052604 3 0.878616 4 0.068780
0  0.000894 -0.021319 0.085820  0.007595 -0.999268 0.037493  0.194994 0.360483 3 1 0.058664 2 0.889717 3 0.051619
dd_c
0  0.000894 -0.021319 0.085820  0.007595 -0.999268 0.037493  0.194994 0.360483 3 1 0.058664 2 0.889717 3 0.051619
0  -0.011430 -0.018286 0.126238  -0.431342 -0.901437 -0.036822  0.150214 0.552769 3 2 0.052604 3 0.878616 4 0.068780
0  -0.008415 -0.019198 0.085802  -0.427533 -0.903711 0.022824  0.156072 0.361686 3 1 0.058205 2 0.889025 3 0.052770
dd_c
0  -0.011430 -0.018286 0.126238  -0.431342 -0.901437 -0.036822  0.150214 0.552769 3 2 0.052604 3 0.878616 4 0.068780
0  -0.018541 -0.012612 0.126199  -0.778605 -0.623256 -0.072976  0.110799 0.554725 2 3 0.927365 4 0.072635
0  -0.008415 -0.019198 0.085802  -0.427533 -0.903711 0.022824  0.156072 0.361686 3 1 0.058205 2 0.889025 3 0.052770
dd_c
0  -0.008415 -0.019198 0.085802  -0.427533 -0.903711 0.022824  0.156072 0.361686 3 1 0.058205 2 0.889025 3 0.052770
0  -0.018541 -0.012612 0.126199  -0.778605 -0.623256 -0.072976  0.110799 0.554725 2 3 0.927365 4 0.072635
0  -0.015883 -0.013247 0.085788  -0.778772 -0.627213 0.010846  0.116966 0.362753 3 1 0.057874 2 0.888407 3 0.053719
dd_c
0  -0.008415 -0.019198 0.085802  -0.427533 -0.903711 0.022824  0.156072 0.361686 3 1 0.058205 2 0.889025 3 0.052770
0  -0.015883 -0.013247 0.085788  -0.778772 -0.627213 0.010846  0.116966 0.362753 3 1 0.057874 2 0.888407 3 0.053719
0  -0.010010 -0.020985 0.045120  -0.439400 -0.898255 0.008145  0.150310 0.179356 2 1 0.927727 2 0.072273
dd_c
0  -0.010010 -0.020985 0.045120  -0.439400 -0.898255 0.008145  0.150310 0.179356 2 1 0.927727 2 0.072273
0  -0.015883 -0.013247 0.085788  -0.778772 -0.627213 0.010846  0.116966 0.362753 3 1 0.057874 2 0.888407 3 0.053719
0  -0.018164 -0.014480 0.045109  -0.784454 -0.620184 -0.001738  0.109820 0.178093 2 1 0.924739 2 0.075261
dd_c
0  -0.022572 0.013066 0.157445  -0.782685 0.619174 -0.063471  0.539039 0.707343 2 3 0.089990 4 0.910010
0  -0.015362 0.018818 0.157476  -0.438548 0.897916 -0.037723  0.499558 0.702850 2 3 0.093480 4 0.906520
0  -0.018541 0.012878 0.126199  -0.778621 0.623241 -0.072939  0.539262 0.563177 3 2 0.050679 3 0.879625 4 0.069696
dd_c
0  -0.018541 0.012878 0.126199  -0.778621 0.623241 -0.072939  0.539262 0.563177 3 2 0.050679 3 0.879625 4 0.069696
0  -0.015362 0.018818 0.157476  -0.438548 0.897916 -0.037723  0.499558 0.702850 2 3 0.093480 4 0.906520
0  -0.011430 0.018551 0.126238  -0.431353 0.901432 -0.036805  0.499836 0.559816 3 2 0.053501 3 0.876743 4 0.069756
dd_c
0  -0.018541 0.012878 0.126199  -0.778621 0.623241 -0.072939  0.539262 0.563177 3 2 0.050679 3 0.879625 4 0.069696
0  -0.011430 0.018551 0.126238  -0.431353 0.901432 -0.036805  0.499836 0.559816 3 2 0.053501 3 0.876743 4 0.069756
0  -0.015883 0.013512 0.085788  -0.778771 0.627216 0.010763  0.539929 0.372262 3 1 0.058148 2 0.887935 3 0.053917
dd_c
0  -0.015883 0.013512 0.085788  -0.778771 0.627216 0.010763  0.539929 0.372262 3 1 0.058148 2 0.887935 3 0.053917
0  -0.011430 0.018551 0.126238  -0.431353 0.901432 -0.036805  0.499836 0.559816 3 2 0.053501 3 0.876743 4 0.069756
0  -0.008415 0.019464 0.085802  -0.427531 0.903715 0.022709  0.501189 0.369201 3 1 0.058902 2 0.887745 3 0.053353
dd_c
0  -0.011430 0.018551 0.126238  -0.431353 0.901432 -0.036805  0.499836 0.559816 3 2 0.053501 3 0.876743 4 0.069756
0  -0.002560 0.020576 0.126286  0.002534 0.999963 0.008200  0.460732 0.555584 3 2 0.056731 3 0.874043 4 0.069226
0  -0.008415 0.019464 0.085802  -0.427531 0.903715 0.022709  0.501189 0.369201 3 1 0.058902 2 0.887745 3 0.053353
dd_c
0  -0.008415 0.019464 0.085802  -0.427531 0.903715 0.022709  0.501189 0.369201 3 1 0.058902 2 0.887745 3 0.053353
0  -0.002560 0.020576 0.126286  0.002534 0.999963 0.008200  0.460732 0.555584 3 2 0.056731 3 0.874043 4 0.069226
0  0.000894 0.021584 0.085820  0.007599 0.999273 0.037368  0.462475 0.366180 3 1 0.059674 2 0.887829 3 0.052497
dd_c
0  -0.002560 0.020576 0.126286  0.002534 0.999963 0.008200  0.460732 0.555584 3 2 0.056731 3 0.874043 4 0.069226
0  0.006309 0.018550 0.126334  0.435127 0.898816 0.052866  0.421865 0.551278 3 2 0.059693 3 0.872146 4 0.068161
0  0.000894 0.021584 0.085820  0.007599 0.999273 0.037368  0.462475 0.366180 3 1 0.059674 2 0.887829 3 0.052497
dd_c
0  0.000894 0.021584 0.085820  0.007599 0.999273 0.037368  0.462475 0.366180 3 1 0.059674 2 0.887829 3 0.052497
0  0.006309 0.018550 0.126334  0.435127 0.898816 0.052866  0.421865 0.551278 3 2 0.059693 3 0.872146 4 0.068161
0  0.010200 0.019456 0.085837  0.439396 0.896803 0.051719  0.423978 0.363413 3 1 0.060274 2 0.888243 3 0.051483
dd_c
0  -0.015362 0.018818 0.157476  -0.438548 0.897916 -0.037723  0.499558 0.702850 2 3 0.093480 4 0.906520
0  -0.006362 0.020876 0.157513  -0.005468 0.999981 -0.003008  0.460380 0.697983 2 3 0.097950 4 0.902050
0  -0.011430 0.018551 0.126238  -0.431353 0.901432 -0.036805  0.499836 0.559816 3 2 0.053501 3 0.876743 4 0.069756
dd_c
0  -0.011430 0.018551 0.126238  -0.431353 0.901432 -0.036805  0.499836 0.559816 3 2 0.053501 3 0.876743 4 0.069756
0  -0.006362 0.020876 0.157513  -0.005468 0.999981 -0.003008  0.460380 0.697983 2 3 0.097950 4 0.902050
0  -0.002560 0.020576 0.126286  0.002534 0.999963 0.008200  0.460732 0.555584 3 2 0.056731 3 0.874043 4 0.069226
dd_c
0  -0.006362 0.020876 0.157513  -0.005468 0.999981 -0.003008  0.460380 0.697983 2 3 0.097950 4 0.902050
0  0.002641 0.018822 0.157553  0.430132 0.902064 0.035586  0.421157 0.693327 2 3 0.102720 4 0.897280
0  -0.002560 0.020576 0.126286  0.002534 0.999963 0.008200  0.460732 0.555584 3 2 0.056731 3 0.874043 4 0.069226
dd_c
0  -0.002560 0.020576 0.126286  0.002534 0.999963 0.008200  0.460732 0.555584 3 2 0.056731 3 0.874043 4 0.069226
0  0.002641 0.018822 0.157553  0.430132 0.902064 0.035586  0.421157 0.693327 2 3 0.102720 4 0.897280
0  0.006309 0.018550 0.126334  0.435127 0.898816 0.052866  0.421865 0.551278 3 2 0.059693 3 0.872146 4 0.068161
dd_c
0  0.002641 0.018822 0.157553  0.430132 0.902064 0.035586  0.421157 0.693327 2 3 0.102720 4 0.897280
0  0.009853 0.013073 0.157583  0.774142 0.629977 0.061913  0.381728 0.689519 3 3 0.101133 4 0.844871 5 0.053996
0  0.006309 0.018550 0.126334  0.435127 0.898816 0.052866  0.421865 0.551278 3 2 0.059693 3 0.872146 4 0.068161
dd_c
0  0.006309 0.018550 0.126334  0.435127 0.898816 0.052866  0.421865 0.551278 3 2 0.059693 3 0.872146 4 0.068161
0  0.009853 0.013073 0.157583  0.774142 0.629977 0.061913  0.381728 0.689519 3 3 0.101133 4 0.844871 5 0.053996
0  0.013420 0.012877 0.126372  0.779591 0.620036 0.088285  0.383120 0.547636 3 2 0.061861 3 0.871192 4 0.066947
dd_c
0  0.009853 0.013073 0.157583  0.774142 0.629977 0.061913  0.381728 0.689519 3 3 0.101133 4 0.844871 5 0.053996
0  0.013862 0.004759 0.157588  0.972691 0.224154 0.060231  0.342006 0.687262 3 3 0.103272 4 0.838748 5 0.057980
0  0.013420 0.012877 0.126372  0.779591 0.620036 0.088285  0.383120 0.547636 3 2 0.061861 3 0.871192 4 0.066947
dd_c
0  0.013420 0.012877 0.126372  0.779591 0.620036 0.088285  0.383120 0.547636 3 2 0.061861 3 0.871192 4 0.066947
0  0.013862 0.004759 0.157588  0.972691 0.224154 0.060231  0.342006 0.687262 3 3 0.103272 4 0.838748 5 0.057980
0  0.017365 0.004681 0.126393  0.969352 0.220772 0.107778  0.344458 0.545224 3 2 0.062951 3 0.870965 4 0.066084
dd_c
0  0.013862 0.004759 0.157588  0.972691 0.224154 0.060231  0.342006 0.687262 3 3 0.103272 4 0.838748 5 0.057980
0  0.013862 -0.004493 0.157588  0.970625 -0.230774 0.068040  0.302164 0.686234 3 3 0.103127 4 0.838731 5 0.058142
0  0.017365 0.004681 0.126393  0.969352 0.220772 0.107778  0.344458 0.545224 3 2 0.062951 3 0.870965 4 0.066084
dd_c
0  0.017365 0.004681 0.126393  0.969352 0.220772 0.107778  0.344458 0.545224 3 2 0.062951 3 0.870965 4 0.066084
0  0.013862 -0.004493 0.157588  0.970625 -0.230774 0.068040  0.302164 0.686234 3 3 0.103127 4 0.838731 5 0.058142
0  0.017365 -0.004415 0.126393  0.969344 -0.220795 0.107800  0.305765 0.544465 3 2 0.062766 3 0.871398 4 0.065836
dd_c
0  0.013862 -0.004493 0.157588  0.970625 -0.230774 0.068040  0.302164 0.686234 3 3 0.103127 4 0.838731 5 0.058142
0  0.009853 -0.012807 0.157583  0.778730 -0.623675 0.067888  0.262458 0.686678 3 3 0.100460 4 0.846314 5 0.053226
0  0.017365 -0.004415 0.126393  0.969344 -0.220795 0.107800  0.305765 0.544465 3 2 0.062766 3 0.871398 4 0.065836
dd_c
0  0.017365 -0.004415 0.126393  0.969344 -0.220795 0.107800  0.305765 0.544465 3 2 0.062766 3 0.871398 4 0.065836
0  0.009853 -0.012807 0.157583  0.778730 -0.623675 0.067888  0.262458 0.686678 3 3 0.100460 4 0.846314 5 0.053226
0  0.013420 -0.012611 0.126372  0.779591 -0.620031 0.088316  0.267073 0.545256 3 2 0.061338 3 0.872345 4 0.066317
dd_c
0  0.009853 -0.012807 0.157583  0.778730 -0.623675 0.067888  0.262458 0.686678 3 3 0.100460 4 0.846314 5 0.053226
0  0.002641 -0.018557 0.157553  0.429464 -0.902459 0.033603  0.223115 0.688649 2 3 0.101260 4 0.898740
0  0.013420 -0.012611 0.126372  0.779591 -0.620031 0.088316  0.267073 0.545256 3 2 0.061338 3 0.872345 4 0.066317
dd_c
0  0.013420 -0.012611 0.126372  0.779591 -0.620031 0.088316  0.267073 0.545256 3 2 0.061338 3 0.872345 4 0.066317
0  0.002641 -0.018557 0.157553  0.429464 -0.902459 0.033603  0.223115 0.688649 2 3 0.101260 4 0.898740
0  0.006309 -0.018285 0.126334  0.435128 -0.898815 0.052867  0.228275 0.547300 3 2 0.058873 3 0.873876 4 0.067251
dd_c
0  0.002641 -0.018557 0.157553  0.429464 -0.902459 0.033603  0.223115 0.688649 2 3 0.101260 4 0.898740
0  -0.006362 -0.020611 0.157513  -0.006019 -0.999976 -0.003461  0.184077 0.691476 2 3 0.096157 4 0.903843
0  0.006309 -0.018285 0.126334  0.435128 -0.898815 0.052867  0.228275 0.547300 3 2 0.058873 3 0.873876 4 0.067251
dd_c
0  0.006309 -0.018285 0.126334  0.435128 -0.898815 0.052867  0.228275 0.547300 3 2 0.058873 3 0.873876 4 0.067251
0  -0.006362 -0.020611 0.157513  -0.006019 -0.999976 -0.003461  0.184077 0.691476 2 3 0.096157 4 0.903843
0  -0.002560 -0.020311 0.126286  0.002529 -0.999963 0.008188  0.189352 0.550043 3 2 0.055772 3 0.876042 4 0.068186
dd_c
0  -0.006362 -0.020611 0.157513  -0.006019 -0.999976 -0.003461  0.184077 0.691476 2 3 0.096157 4 0.903843
0  -0.015362 -0.018553 0.157476  -0.438647 -0.897883 -0.037362  0.145247 0.694541 2 3 0.091544 4 0.908456
0  -0.002560 -0.020311 0.126286  0.002529 -0.999963 0.008188  0.189352 0.550043 3 2 0.055772 3 0.876042 4 0.068186
dd_c
0  -0.002560 -0.020311 0.126286  0.002529 -0.999963 0.008188  0.189352 0.550043 3 2 0.055772 3 0.876042 4 0.068186
0  -0.015362 -0.018553 0.157476  -0.438647 -0.897883 -0.037362  0.145247 0.694541 2 3 0.091544 4 0.908456
0  -0.011430 -0.018286 0.126238  -0.431342 -0.901437 -0.036822  0.150214 0.552769 3 2 0.052604 3 0.878616 4 0.068780
dd_c
0  -0.015362 -0.018553 0.157476  -0.438647 -0.897883 -0.037362  0.145247 0.694541 2 3 0.091544 4 0.908456
0  -0.022572 -0.012800 0.157445  -0.780077 -0.622053 -0.067300  0.106361 0.697284 2 3 0.088184 4 0.911816
0  -0.011430 -0.018286 0.126238  -0.431342 -0.901437 -0.036822  0.150214 0.552769 3 2 0.052604 3 0.878616 4 0.068780
dd_c
0  -0.011430 -0.018286 0.126238  -0.431342 -0.901437 -0.036822  0.150214 0.552769 3 2 0.052604 3 0.878616 4 0.068780
0  -0.022572 -0.012800 0.157445  -0.780077 -0.622053 -0.067300  0.106361 0.697284 2 3 0.088184 4 0.911816
0  -0.018541 -0.012612 0.126199  -0.778605 -0.623256 -0.072976  0.110799 0.554725 2 3 0.927365 4 0.072635
dd_c
0  -0.023061 0.013036 0.173793  -0.773364 0.633095 0.033140  0.531767 0.780771 2 4 0.814850 5 0.185150
0  -0.015945 0.018757 0.174265  -0.436188 0.898531 0.048811  0.492747 0.777468 2 4 0.802018 5 0.197982
0  -0.022572 0.013066 0.157445  -0.782685 0.619174 -0.063471  0.539039 0.707343 2 3 0.089990 4 0.910010
dd_c
0  -0.022572 0.013066 0.157445  -0.782685 0.619174 -0.063471  0.539039 0.707343 2 3 0.089990 4 0.910010
0  -0.015945 0.018757 0.174265  -0.436188 0.898531 0.048811  0.492747 0.777468 2 4 0.802018 5 0.197982
0  -0.015362 0.018818 0.157476  -0.438548 0.897916 -0.037723  0.499558 0.702850 2 3 0.093480 4 0.906520
dd_c
0  -0.015945 0.018757 0.174265  -0.436188 0.898531 0.048811  0.492747 0.777468 2 4 0.802018 5 0.197982
0  -0.007040 0.020805 0.174131  0.008235 0.997583 0.069002  0.454526 0.771668 2 4 0.784697 5 0.215303
0  -0.015362 0.018818 0.157476  -0.438548 0.897916 -0.037723  0.499558 0.702850 2 3 0.093480 4 0.906520
dd_c
0  -0.015362 0.018818 0.157476  -0.438548 0.897916 -0.037723  0.499558 0.702850 2 3 0.093480 4 0.906520
0  -0.007040 0.020805 0.174131  0.008235 0.997583 0.069002  0.454526 0.771668 2 4 0.784697 5 0.215303
0  -0.006362 0.020876 0.157513  -0.005468 0.999981 -0.003008  0.460380 0.697983 2 3 0.097950 4 0.902050
dd_c
0  -0.007040 0.020805 0.174131  0.008235 0.997583 0.069002  0.454526 0.771668 2 4 0.784697 5 0.215303
0  0.001866 0.018743 0.172917  0.453107 0.886210 0.096571  0.416979 0.761672 2 4 0.771883 5 0.228117
0  -0.006362 0.020876 0.157513  -0.005468 0.999981 -0.003008  0.460380 0.697983 2 3 0.097950 4 0.902050
dd_c
0  -0.006362 0.020876 0.157513  -0.005468 0.999981 -0.003008  0.460380 0.697983 2 3 0.097950 4 0.902050
0  0.001866 0.018743 0.172917  0.453107 0.886210 0.096571  0.416979 0.761672 2 4 0.771883 5 0.228117
0  0.002641 0.018822 0.157553  0.430132 0.902064 0.035586  0.421157 0.693327 2 3 0.102720 4 0.897280
dd_c
0  0.001866 0.018743 0.172917  0.453107 0.886210 0.096571  0.416979 0.761672 2 4 0.771883 5 0.228117
0  0.008966 0.013022 0.171035  0.769321 0.627527 0.119815  0.379384 0.749655 2 4 0.764280 5 0.235720
0  0.002641 0.018822 0.157553  0.430132 0.902064 0.035586  0.421157 0.693327 2 3 0.102720 4 0.897280
dd_c
0  0.002641 0.018822 0.157553  0.430132 0.902064 0.035586  0.421157 0.693327 2 3 0.102720 4 0.897280
0  0.008966 0.013022 0.171035  0.769321 0.627527 0.119815  0.379384 0.749655 2 4 0.764280 5 0.235720
0  0.009853 0.013073 0.157583  0.774142 0.629977 0.061913  0.381728 0.689519 3 3 0.101133 4 0.844871 5 0.053996
dd_c
0  0.008966 0.013022 0.171035  0.769321 0.627527 0.119815  0.379384 0.749655 2 4 0.764280 5 0.235720
0  0.013737 0.004750 0.168496  0.966551 0.236331 0.099632  0.340100 0.735673 2 4 0.779877 5 0.220123
0  0.009853 0.013073 0.157583  0.774142 0.629977 0.061913  0.381728 0.689519 3 3 0.101133 4 0.844871 5 0.053996
dd_c
0  -0.026475 0.004329 0.188790  -0.947328 0.256447 -0.191845  0.560088 0.857621 2 4 0.213444 5 0.786556
0  -0.022046 0.011813 0.189635  -0.731276 0.640054 -0.235725  0.521021 0.855051 2 4 0.197159 5 0.802841
0  -0.027477 0.004754 0.173308  -0.969452 0.245081 0.009865  0.572922 0.784443 2 4 0.820544 5 0.179456
dd_c
0  -0.027477 0.004754 0.173308  -0.969452 0.245081 0.009865  0.572922 0.784443 2 4 0.820544 5 0.179456
0  -0.022046 0.011813 0.189635  -0.731276 0.640054 -0.235725  0.521021 0.855051 2 4 0.197159 5 0.802841
0  -0.023061 0.013036 0.173793  -0.773364 0.633095 0.033140  0.531767 0.780771 2 4 0.814850 5 0.185150
dd_c
0  -0.022046 0.011813 0.189635  -0.731276 0.640054 -0.235725  0.521021 0.855051 2 4 0.197159 5 0.802841
0  -0.015697 0.016940 0.190430  -0.421422 0.857475 -0.295195  0.484314 0.853243 2 4 0.180992 5 0.819008
0  -0.023061 0.013036 0.173793  -0.773364 0.633095 0.033140  0.531767 0.780771 2 4 0.814850 5 0.185150
dd_c
0  -0.023061 0.013036 0.173793  -0.773364 0.633095 0.033140  0.531767 0.780771 2 4 0.814850 5 0.185150
0  -0.015697 0.016940 0.190430  -0.421422 0.857475 -0.295195  0.484314 0.853243 2 4 0.180992 5 0.819008
0  -0.015945 0.018757 0.174265  -0.436188 0.898531 0.048811  0.492747 0.777468 2 4 0.802018 5 0.197982
dd_c
0  -0.015697 0.016940 0.190430  -0.421422 0.857475 -0.295195  0.484314 0.853243 2 4 0.180992 5 0.819008
0  -0.007814 0.018780 0.190101  -0.066388 0.944866 -0.320656  0.448528 0.847214 2 4 0.177893 5 0.822107
0  -0.015945 0.018757 0.174265  -0.436188 0.898531 0.048811  0.492747 0.777468 2 4 0.802018 5 0.197982
dd_c
0  -0.015945 0.018757 0.174265  -0.436188 0.898531 0.048811  0.492747 0.777468 2 4 0.802018 5 0.197982
0  -0.007814 0.018780 0.190101  -0.066388 0.944866 -0.320656  0.448528 0.847214 2 4 0.177893 5 0.822107
0  -0.007040 0.020805 0.174131  0.008235 0.997583 0.069002  0.454526 0.771668 2 4 0.784697 5 0.215303
dd_c
0  -0.007814 0.018780 0.190101  -0.066388 0.944866 -0.320656  0.448528 0.847214 2 4 0.177893 5 0.822107
0  0.000092 0.016995 0.187770  0.309321 0.904874 -0.292445  0.413343 0.832537 2 4 0.200810 5 0.799190
0  -0.007040 0.020805 0.174131  0.008235 0.997583 0.069002  0.454526 0.771668 2 4 0.784697 5 0.215303
dd_c
0  -0.007040 0.020805 0.174131  0.008235 0.997583 0.069002  0.454526 0.771668 2 4 0.784697 5 0.215303
0  0.000092 0.016995 0.187770  0.309321 0.904874 -0.292445  0.413343 0.832537 2 4 0.200810 5 0.799190
0  0.001866 0.018743 0.172917  0.453107 0.886210 0.096571  0.416979 0.761672 2 4 0.771883 5 0.228117
dd_c
0  0.000092 0.016995 0.187770  0.309321 0.904874 -0.292445  0.413343 0.832537 2 4 0.200810 5 0.799190
0  0.006456 0.011928 0.184220  0.626439 0.744182 -0.231875  0.377670 0.813147 2 4 0.242409 5 0.757591
0  0.001866 0.018743 0.172917  0.453107 0.886210 0.096571  0.416979 0.761672 2 4 0.771883 5 0.228117
dd_c
0  0.001866 0.018743 0.172917  0.453107 0.886210 0.096571  0.416979 0.761672 2 4 0.771883 5 0.228117
0  0.006456 0.011928 0.184220  0.626439 0.744182 -0.231875  0.377670 0.813147 2 4 0.242409 5 0.757591
0  0.008966 0.013022 0.171035  0.769321 0.627527 0.119815  0.379384 0.749655 2 4 0.764280 5 0.235720
dd_c
0  0.006456 0.011928 0.184220  0.626439 0.744182 -0.231875  0.377670 0.813147 2 4 0.242409 5 0.757591
0  0.011683 0.004389 0.179496  0.939640 0.308247 -0.148530  0.337954 0.788237 2 4 0.323332 5 0.676668
0  0.008966 0.013022 0.171035  0.769321 0.627527 0.119815  0.379384 0.749655 2 4 0.764280 5 0.235720
dd_c
0  0.008966 0.013022 0.171035  0.769321 0.627527 0.119815  0.379384 0.749655 2 4 0.764280 5 0.235720
0  0.011683 0.004389 0.179496  0.939640 0.308247 -0.148530  0.337954 0.788237 2 4 0.323332 5 0.676668
0  0.013737 0.004750 0.168496  0.966551 0.236331 0.099632  0.340100 0.735673 2 4 0.779877 5 0.220123
dd_c
0  0.011683 0.004389 0.179496  0.939640 0.308247 -0.148530  0.337954 0.788237 2 4 0.323332 5 0.676668
0  0.011683 -0.004123 0.179496  0.936565 -0.312710 -0.158299  0.300945 0.787068 2 4 0.330056 5 0.669944
0  0.013737 0.004750 0.168496  0.966551 0.236331 0.099632  0.340100 0.735673 2 4 0.779877 5 0.220123
dd_c
0  0.013737 0.004750 0.168496  0.966551 0.236331 0.099632  0.340100 0.735673 2 4 0.779877 5 0.220123
0  0.011683 -0.004123 0.179496  0.936565 -0.312710 -0.158299  0.300945 0.787068 2 4 0.330056 5 0.669944
0  0.013737 -0.004485 0.168496  0.964041 -0.248686 0.093707  0.301659 0.734936 2 4 0.780203 5 0.219797
dd_c
0  0.011683 -0.004123 0.179496  0.936565 -0.312710 -0.158299  0.300945 0.787068 2 4 0.330056 5 0.669944
0  0.006456 -0.011662 0.184220  0.625479 -0.743409 -0.236895  0.260175 0.809845 2 4 0.248682 5 0.751318
0  0.013737 -0.004485 0.168496  0.964041 -0.248686 0.093707  0.301659 0.734936 2 4 0.780203 5 0.219797
dd_c
0  0.013737 -0.004485 0.168496  0.964041 -0.248686 0.093707  0.301659 0.734936 2 4 0.780203 5 0.219797
0  0.006456 -0.011662 0.184220  0.625479 -0.743409 -0.236895  0.260175 0.809845 2 4 0.248682 5 0.751318
0  0.008966 -0.012757 0.171035  0.777525 -0.617661 0.118110  0.261837 0.746689 2 4 0.768632 5 0.231368
dd_c
0  0.006456 -0.011662 0.184220  0.625479 -0.743409 -0.236895  0.260175 0.809845 2 4 0.248682 5 0.751318
0  0.000092 -0.016729 0.187770  0.299434 -0.907526 -0.294510  0.223597 0.827222 2 4 0.202840 5 0.797160
0  0.008966 -0.012757 0.171035  0.777525 -0.617661 0.118110  0.261837 0.746689 2 4 0.768632 5 0.231368
dd_c
0  0.008966 -0.012757 0.171035  0.777525 -0.617661 0.118110  0.261837 0.746689 2 4 0.768632 5 0.231368
0  0.000092 -0.016729 0.187770  0.299434 -0.907526 -0.294510  0.223597 0.827222 2 4 0.202840 5 0.797160
0  0.001866 -0.018478 0.172917  0.450393 -0.887963 0.093101  0.223901 0.756657 2 4 0.777341 5 0.222659
dd_c
0  0.000092 -0.016729 0.187770  0.299434 -0.907526 -0.294510  0.223597 0.827222 2 4 0.202840 5 0.797160
0  -0.007814 -0.018515 0.190101  -0.073041 -0.944682 -0.319751  0.187721 0.839774 2 4 0.174891 5 0.825109
0  0.001866 -0.018478 0.172917  0.450393 -0.887963 0.093101  0.223901 0.756657 2 4 0.777341 5 0.222659
dd_c
0  0.001866 -0.018478 0.172917  0.450393 -0.887963 0.093101  0.223901 0.756657 2 4 0.777341 5 0.222659
0  -0.007814 -0.018515 0.190101  -0.073041 -0.944682 -0.319751  0.187721 0.839774 2 4 0.174891 5 0.825109
0  -0.007040 -0.020539 0.174131  0.006275 -0.997690 0.067638  0.186220 0.764571 2 4 0.789086 5 0.210914
dd_c
0  -0.007814 -0.018515 0.190101  -0.073041 -0.944682 -0.319751  0.187721 0.839774 2 4 0.174891 5 0.825109
0  -0.015697 -0.016675 0.190430  -0.427702 -0.856387 -0.289262  0.151776 0.843500 2 4 0.176866 5 0.823134
0  -0.007040 -0.020539 0.174131  0.006275 -0.997690 0.067638  0.186220 0.764571 2 4 0.789086 5 0.210914
dd_c
0  -0.007040 -0.020539 0.174131  0.006275 -0.997690 0.067638  0.186220 0.764571 2 4 0.789086 5 0.210914
0  -0.015697 -0.016675 0.190430  -0.427702 -0.856387 -0.289262  0.151776 0.843500 2 4 0.176866 5 0.823134
0  -0.015945 -0.018491 0.174265  -0.436722 -0.898259 0.049033  0.148258 0.768215 2 4 0.804634 5 0.195366
dd_c
0  -0.015697 -0.016675 0.190430  -0.427702 -0.856387 -0.289262  0.151776 0.843500 2 4 0.176866 5 0.823134
0  -0.022046 -0.011548 0.189635  -0.733028 -0.642418 -0.223536  0.115236 0.842835 2 4 0.193576 5 0.806424
0  -0.015945 -0.018491 0.174265  -0.436722 -0.898259 0.049033  0.148258 0.768215 2 4 0.804634 5 0.195366
dd_c
0  -0.015945 -0.018491 0.174265  -0.436722 -0.898259 0.049033  0.148258 0.768215 2 4 0.804634 5 0.195366
0  -0.022046 -0.011548 0.189635  -0.733028 -0.642418 -0.223536  0.115236 0.842835 2 4 0.193576 5 0.806424
0  -0.023061 -0.012771 0.173793  -0.768625 -0.638809 0.033757  0.109876 0.769240 2 4 0.816510 5 0.183490
dd_c
0  -0.022046 -0.011548 0.189635  -0.733028 -0.642418 -0.223536  0.115236 0.842835 2 4 0.193576 5 0.806424
0  -0.026475 -0.004064 0.188790  -0.948661 -0.257819 -0.183225  0.076359 0.842385 2 4 0.211372 5 0.788628
0  -0.023061 -0.012771 0.173793  -0.768625 -0.638809 0.033757  0.109876 0.769240 2 4 0.816510 5 0.183490
dd_c
0  -0.023061 -0.012771 0.173793  -0.768625 -0.638809 0.033757  0.109876 0.769240 2 4 0.816510 5 0.183490
0  -0.026475 -0.004064 0.188790  -0.948661 -0.257819 -0.183225  0.076359 0.842385 2 4 0.211372 5 0.788628
0  -0.027477 -0.004488 0.173308  -0.971119 -0.238372 0.010312  0.069977 0.770249 2 4 0.821137 5 0.178863
dd_c
0  -0.026475 -0.004064 0.188790  -0.948661 -0.257819 -0.183225  0.076359 0.842385 2 4 0.211372 5 0.788628
0  -0.026475 0.004329 0.188790  -0.947389 0.256249 -0.191807  0.039908 0.846245 2 4 0.213444 5 0.786556
0  -0.027477 -0.004488 0.173308  -0.971119 -0.238372 0.010312  0.069977 0.770249 2 4 0.821137 5 0.178863
dd_c
0  -0.027477 -0.004488 0.173308  -0.971119 -0.238372 0.010312  0.069977 0.770249 2 4 0.821137 5 0.178863
0  -0.026475 0.004329 0.188790  -0.947389 0.256249 -0.191807  0.039908 0.846245 2 4 0.213444 5 0.786556
0  -0.027477 0.004754 0.173308  -0.969528 0.244782 0.009854  0.030141 0.773398 2 4 0.820544 5 0.179456
dd_c
0  -0.027477 -0.004488 0.173308  -0.971119 -0.238372 0.010312  0.069977 0.770249 2 4 0.821137 5 0.178863
0  -0.027477 0.004754 0.173308  -0.969528 0.244782 0.009854  0.030141 0.773398 2 4 0.820544 5 0.179456
0  -0.026575 -0.004487 0.157422  -0.971078 -0.220812 -0.090828  0.067135 0.699154 2 3 0.086864 4 0.913136
dd_c
0  -0.026575 -0.004487 0.157422  -0.971078 -0.220812 -0.090828  0.067135 0.699154 2 3 0.086864 4 0.913136
0  -0.027477 0.004754 0.173308  -0.969528 0.244782 0.009854  0.030141 0.773398 2 4 0.820544 5 0.179456
0  -0.026575 0.004753 0.157422  -0.970665 0.224352 -0.086467  0.026817 0.699694 2 3 0.087813 4 0.912187
dd_c
0  0.009853 0.013073 0.157583  0.774142 0.629977 0.061913  0.381728 0.689519 3 3 0.101133 4 0.844871 5 0.053996
0  0.013737 0.004750 0.168496  0.966551 0.236331 0.099632  0.340100 0.735673 2 4 0.779877 5 0.220123
0  0.013862 0.004759 0.157588  0.972691 0.224154 0.060231  0.342006 0.687262 3 3 0.103272 4 0.838748 5 0.057980
dd_c
0  0.013737 0.004750 0.168496  0.966551 0.236331 0.099632  0.340100 0.735673 2 4 0.779877 5 0.220123
0  0.013737 -0.004485 0.168496  0.964041 -0.248686 0.093707  0.301659 0.734936 2 4 0.780203 5 0.219797
0  0.013862 0.004759 0.157588  0.972691 0.224154 0.060231  0.342006 0.687262 3 3 0.103272 4 0.838748 5 0.057980
dd_c
0  0.013862 0.004759 0.157588  0.972691 0.224154 0.060231  0.342006 0.687262 3 3 0.103272 4 0.838748 5 0.057980
0  0.013737 -0.004485 0.168496  0.964041 -0.248686 0.093707  0.301659 0.734936 2 4 0.780203 5 0.219797
0  0.013862 -0.004493 0.157588  0.970625 -0.230774 0.068040  0.302164 0.686234 3 3 0.103127 4 0.838731 5 0.058142
dd_c
0  0.013737 -0.004485 0.168496  0.964041 -0.248686 0.093707  0.301659 0.734936 2 4 0.780203 5 0.219797
0  0.008966 -0.012757 0.171035  0.777525 -0.617661 0.118110  0.261837 0.746689 2 4 0.768632 5 0.231368
0  0.013862 -0.004493 0.157588  0.970625 -0.230774 0.068040  0.302164 0.686234 3 3 0.103127 4 0.838731 5 0.058142
dd_c
0  0.013862 -0.004493 0.157588  0.970625 -0.230774 0.068040  0.302164 0.686234 3 3 0.103127 4 0.838731 5 0.058142
0  0.008966 -0.012757 0.171035  0.777525 -0.617661 0.118110  0.261837 0.746689 2 4 0.768632 5 0.231368
0  0.009853 -0.012807 0.157583  0.778730 -0.623675 0.067888  0.262458 0.686678 3 3 0.100460 4 0.846314 5 0.053226
dd_c
0  0.008966 -0.012757 0.171035  0.777525 -0.617661 0.118110  0.261837 0.746689 2 4 0.768632 5 0.231368
0  0.001866 -0.018478 0.172917  0.450393 -0.887963 0.093101  0.223901 0.756657 2 4 0.777341 5 0.222659
0  0.009853 -0.012807 0.157583  0.778730 -0.623675 0.067888  0.262458 0.686678 3 3 0.100460 4 0.846314 5 0.053226
dd_c
0  0.009853 -0.012807 0.157583  0.778730 -0.623675 0.067888  0.262458 0.686678 3 3 0.100460 4 0.846314 5 0.053226
0  0.001866 -0.018478 0.172917  0.450393 -0.887963 0.093101  0.223901 0.756657 2 4 0.777341 5 0.222659
0  0.002641 -0.018557 0.157553  0.429464 -0.902459 0.033603  0.223115 0.688649 2 3 0.101260 4 0.898740
dd_c
0  0.001866 -0.018478 0.172917  0.450393 -0.887963 0.093101  0.223901 0.756657 2 4 0.777341 5 0.222659
0  -0.007040 -0.020539 0.174131  0.006275 -0.997690 0.067638  0.186220 0.764571 2 4 0.789086 5 0.210914
0  0.002641 -0.018557 0.157553  0.429464 -0.902459 0.033603  0.223115 0.688649 2 3 0.101260 4 0.898740
dd_c
0  0.002641 -0.018557 0.157553  0.429464 -0.902459 0.033603  0.223115 0.688649 2 3 0.101260 4 0.898740
0  -0.007040 -0.020539 0.174131  0.006275 -0.997690 0.067638  0.186220 0.764571 2 4 0.789086 5 0.210914
0  -0.006362 -0.020611 0.157513  -0.006019 -0.999976 -0.003461  0.184077 0.691476 2 3 0.096157 4 0.903843
dd_c
0  -0.007040 -0.020539 0.174131  0.006275 -0.997690 0.067638  0.186220 0.764571 2 4 0.789086 5 0.210914
0  -0.015945 -0.018491 0.174265  -0.436722 -0.898259 0.049033  0.148258 0.768215 2 4 0.804634 5 0.195366
0  -0.006362 -0.020611 0.157513  -0.006019 -0.999976 -0.003461  0.184077 0.691476 2 3 0.096157 4 0.903843
dd_c
0  -0.006362 -0.020611 0.157513  -0.006019 -0.999976 -0.003461  0.184077 0.691476 2 3 0.096157 4 0.903843
0  -0.015945 -0.018491 0.174265  -0.436722 -0.898259 0.049033  0.148258 0.768215 2 4 0.804634 5 0.195366
0  -0.015362 -0.018553 0.157476  -0.438647 -0.897883 -0.037362  0.145247 0.694541 2 3 0.091544 4 0.908456
dd_c
0  -0.015945 -0.018491 0.174265  -0.436722 -0.898259 0.049033  0.148258 0.768215 2 4 0.804634 5 0.195366
0  -0.023061 -0.012771 0.173793  -0.768625 -0.638809 0.033757  0.109876 0.769240 2 4 0.816510 5 0.183490
0  -0.015362 -0.018553 0.157476  -0.438647 -0.897883 -0.037362  0.145247 0.694541 2 3 0.091544 4 0.908456
dd_c
0  -0.015362 -0.018553 0.157476  -0.438647 -0.897883 -0.037362  0.145247 0.694541 2 3 0.091544 4 0.908456
0  -0.023061 -0.012771 0.173793  -0.768625 -0.638809 0.033757  0.109876 0.769240 2 4 0.816510 5 0.183490
0  -0.022572 -0.012800 0.157445  -0.780077 -0.622053 -0.067300  0.106361 0.697284 2 3 0.088184 4 0.911816
dd_c
0  -0.023061 -0.012771 0.173793  -0.768625 -0.638809 0.033757  0.109876 0.769240 2 4 0.816510 5 0.183490
0  -0.027477 -0.004488 0.173308  -0.971119 -0.238372 0.010312  0.069977 0.770249 2 4 0.821137 5 0.178863
0  -0.022572 -0.012800 0.157445  -0.780077 -0.622053 -0.067300  0.106361 0.697284 2 3 0.088184 4 0.911816
dd_c
0  -0.022572 -0.012800 0.157445  -0.780077 -0.622053 -0.067300  0.106361 0.697284 2 3 0.088184 4 0.911816
0  -0.027477 -0.004488 0.173308  -0.971119 -0.238372 0.010312  0.069977 0.770249 2 4 0.821137 5 0.178863
0  -0.026575 -0.004487 0.157422  -0.971078 -0.220812 -0.090828  0.067135 0.699154 2 3 0.086864 4 0.913136
dd_c
0  -0.022572 -0.012800 0.157445  -0.780077 -0.622053 -0.067300  0.106361 0.697284 2 3 0.088184 4 0.911816
0  -0.026575 -0.004487 0.157422  -0.971078 -0.220812 -0.090828  0.067135 0.699154 2 3 0.086864 4 0.913136
0  -0.018541 -0.012612 0.126199  -0.778605 -0.623256 -0.072976  0.110799 0.554725 2 3 0.927365 4 0.072635
dd_c
0  -0.018541 -0.012612 0.126199  -0.778605 -0.623256 -0.072976  0.110799 0.554725 2 3 0.927365 4 0.072635
0  -0.026575 -0.004487 0.157422  -0.971078 -0.220812 -0.090828  0.067135 0.699154 2 3 0.086864 4 0.913136
0  -0.022487 -0.004416 0.126178  -0.970558 -0.222201 -0.092977  0.071117 0.555239 2 3 0.927370 4 0.072630
dd_c
0  -0.018541 -0.012612 0.126199  -0.778605 -0.623256 -0.072976  0.110799 0.554725 2 3 0.927365 4 0.072635
0  -0.022487 -0.004416 0.126178  -0.970558 -0.222201 -0.092977  0.071117 0.555239 2 3 0.927370 4 0.072630
0  -0.015883 -0.013247 0.085788  -0.778772 -0.627213 0.010846  0.116966 0.362753 3 1 0.057874 2 0.888407 3 0.053719
dd_c
0  -0.026575 -0.004487 0.157422  -0.971078 -0.220812 -0.090828  0.067135 0.699154 2 3 0.086864 4 0.913136
0  -0.026575 0.004753 0.157422  -0.970665 0.224352 -0.086467  0.026817 0.699694 2 3 0.087813 4 0.912187
0  -0.022487 -0.004416 0.126178  -0.970558 -0.222201 -0.092977  0.071117 0.555239 2 3 0.927370 4 0.072630
dd_c
0  -0.022487 -0.004416 0.126178  -0.970558 -0.222201 -0.092977  0.071117 0.555239 2 3 0.927370 4 0.072630
0  -0.026575 0.004753 0.157422  -0.970665 0.224352 -0.086467  0.026817 0.699694 2 3 0.087813 4 0.912187
0  -0.022487 0.004681 0.126178  -0.970595 0.222062 -0.092923  0.031036 0.553871 2 3 0.927110 4 0.072890
dd_c
0  -0.022487 -0.004416 0.126178  -0.970558 -0.222201 -0.092977  0.071117 0.555239 2 3 0.927370 4 0.072630
0  -0.022487 0.004681 0.126178  -0.970595 0.222062 -0.092923  0.031036 0.553871 2 3 0.927110 4 0.072890
0  -0.020029 -0.004643 0.085780  -0.974534 -0.224202 0.004113  0.077946 0.363535 3 1 0.057715 2 0.888031 3 0.054254
dd_c
0  -0.020029 -0.004643 0.085780  -0.974534 -0.224202 0.004113  0.077946 0.363535 3 1 0.057715 2 0.888031 3 0.054254
0  -0.022487 0.004681 0.126178  -0.970595 0.222062 -0.092923  0.031036 0.553871 2 3 0.927110 4 0.072890
0  -0.020029 0.004908 0.085780  -0.974562 0.224082 0.004067  0.039286 0.363970 3 1 0.057658 2 0.888166 3 0.054176
dd_c
0  -0.020029 -0.004643 0.085780  -0.974534 -0.224202 0.004113  0.077946 0.363535 3 1 0.057715 2 0.888031 3 0.054254
0  -0.020029 0.004908 0.085780  -0.974562 0.224082 0.004067  0.039286 0.363970 3 1 0.057658 2 0.888166 3 0.054176
0  -0.022688 -0.005082 0.045104  -0.975235 -0.221056 -0.007135  0.068148 0.175946 2 1 0.922987 2 0.077013
dd_c
0  -0.022688 -0.005082 0.045104  -0.975235 -0.221056 -0.007135  0.068148 0.175946 2 1 0.922987 2 0.077013
0  -0.020029 0.004908 0.085780  -0.974562 0.224082 0.004067  0.039286 0.363970 3 1 0.057658 2 0.888166 3 0.054176
0  -0.022688 0.005348 0.045104  -0.975266 0.220921 -0.007087  0.022629 0.172915 2 1 0.922877 2 0.077123
dd_c
0  -0.022688 0.005348 0.045104  -0.975266 0.220921 -0.007087  0.022629 0.172915 2 1 0.922877 2 0.077123
0  -0.020197 0.005302 0.014841  -0.753280 0.173392 -0.634432  0.050116 0.042650 1 1 1.000000
0  -0.022688 -0.005082 0.045104  -0.975235 -0.221056 -0.007135  0.068148 0.175946 2 1 0.922987 2 0.077013
dd_c
0  -0.022688 -0.005082 0.045104  -0.975235 -0.221056 -0.007135  0.068148 0.175946 2 1 0.922987 2 0.077013
0  -0.020197 0.005302 0.014841  -0.753280 0.173392 -0.634432  0.050116 0.042650 1 1 1.000000
0  -0.020197 -0.005037 0.014841  -0.753190 -0.173646 -0.634470  0.089112 0.058293 1 1 1.000000
dd_c
0  -0.020197 0.005302 0.014841  -0.753280 0.173392 -0.634432  0.050116 0.042650 1 1 1.000000
0  -0.013388 0.003746 0.013646  -0.974128 0.222347 -0.040459  0.070760 0.015224 1 1 1.000000
0  -0.020197 -0.005037 0.014841  -0.753190 -0.173646 -0.634470  0.089112 0.058293 1 1 1.000000
dd_c
0  -0.020197 -0.005037 0.014841  -0.753190 -0.173646 -0.634470  0.089112 0.058293 1 1 1.000000
0  -0.013388 0.003746 0.013646  -0.974128 0.222347 -0.040459  0.070760 0.015224 1 1 1.000000
0  -0.013388 -0.003481 0.013646  -0.974014 -0.222860 -0.040366  0.099153 0.028168 1 1 1.000000
dd_c
0  -0.020197 -0.005037 0.014841  -0.753190 -0.173646 -0.634470  0.089112 0.058293 1 1 1.000000
0  -0.013388 -0.003481 0.013646  -0.974014 -0.222860 -0.040366  0.099153 0.028168 1 1 1.000000
0  -0.015714 -0.014354 0.014847  -0.605193 -0.488676 -0.628440  0.126153 0.065701 1 1 1.000000
dd_c
0  -0.015714 -0.014354 0.014847  -0.605193 -0.488676 -0.628440  0.126153 0.065701 1 1 1.000000
0  -0.013388 -0.003481 0.013646  -0.974014 -0.222860 -0.040366  0.099153 0.028168 1 1 1.000000
0  -0.010252 -0.009992 0.013646  -0.781107 -0.623138 -0.039626  0.131300 0.033964 1 1 1.000000
dd_c
0  -0.015714 -0.014354 0.014847  -0.605193 -0.488676 -0.628440  0.126153 0.065701 1 1 1.000000
0  -0.010252 -0.009992 0.013646  -0.781107 -0.623138 -0.039626  0.131300 0.033964 1 1 1.000000
0  -0.007625 -0.020809 0.014858  -0.323277 -0.712594 -0.622657  0.162397 0.068912 1 1 1.000000
dd_c
0  -0.007625 -0.020809 0.014858  -0.323277 -0.712594 -0.622657  0.162397 0.068912 1 1 1.000000
0  -0.010252 -0.009992 0.013646  -0.781107 -0.623138 -0.039626  0.131300 0.033964 1 1 1.000000
0  -0.004577 -0.014510 0.013654  -0.400394 -0.915805 -0.031382  0.165107 0.035936 1 1 1.000000
dd_c
0  -0.007625 -0.020809 0.014858  -0.323277 -0.712594 -0.622657  0.162397 0.068912 1 1 1.000000
0  -0.004577 -0.014510 0.013654  -0.400394 -0.915805 -0.031382  0.165107 0.035936 1 1 1.000000
0  0.002483 -0.023127 0.015306  0.050873 -0.799002 -0.599173  0.198615 0.070819 1 1 1.000000
dd_c
0  0.002483 -0.023127 0.015306  0.050873 -0.799002 -0.599173  0.198615 0.070819 1 1 1.000000
0  -0.004577 -0.014510 0.013654  -0.400394 -0.915805 -0.031382  0.165107 0.035936 1 1 1.000000
0  0.002551 -0.016102 0.013703  0.083528 -0.996285 0.020948  0.200327 0.036045 1 1 1.000000
dd_c
0  0.002483 -0.023127 0.015306  0.050873 -0.799002 -0.599173  0.198615 0.070819 1 1 1.000000
0  0.002551 -0.016102 0.013703  0.083528 -0.996285 0.020948  0.200327 0.036045 1 1 1.000000
0  0.012620 -0.020839 0.016842  0.427799 -0.756921 -0.494023  0.235505 0.074260 1 1 1.000000
dd_c
0  0.012620 -0.020839 0.016842  0.427799 -0.756921 -0.494023  0.235505 0.074260 1 1 1.000000
0  0.002551 -0.016102 0.013703  0.083528 -0.996285 0.020948  0.200327 0.036045 1 1 1.000000
0  0.012224 -0.014403 0.013819  0.557718 -0.807139 0.193589  0.237054 0.035517 1 1 1.000000
dd_c
0  -0.015883 -0.013247 0.085788  -0.778772 -0.627213 0.010846  0.116966 0.362753 3 1 0.057874 2 0.888407 3 0.053719
0  -0.022487 -0.004416 0.126178  -0.970558 -0.222201 -0.092977  0.071117 0.555239 2 3 0.927370 4 0.072630
0  -0.020029 -0.004643 0.085780  -0.974534 -0.224202 0.004113  0.077946 0.363535 3 1 0.057715 2 0.888031 3 0.054254
dd_c
0  -0.015883 -0.013247 0.085788  -0.778772 -0.627213 0.010846  0.116966 0.362753 3 1 0.057874 2 0.888407 3 0.053719
0  -0.020029 -0.004643 0.085780  -0.974534 -0.224202 0.004113  0.077946 0.363535 3 1 0.057715 2 0.888031 3 0.054254
0  -0.018164 -0.014480 0.045109  -0.784454 -0.620184 -0.001738  0.109820 0.178093 2 1 0.924739 2 0.075261
dd_c
0  -0.018164 -0.014480 0.045109  -0.784454 -0.620184 -0.001738  0.109820 0.178093 2 1 0.924739 2 0.075261
0  -0.020029 -0.004643 0.085780  -0.974534 -0.224202 0.004113  0.077946 0.363535 3 1 0.057715 2 0.888031 3 0.054254
0  -0.022688 -0.005082 0.045104  -0.975235 -0.221056 -0.007135  0.068148 0.175946 2 1 0.922987 2 0.077013
dd_c
0  -0.022688 -0.005082 0.045104  -0.975235 -0.221056 -0.007135  0.068148 0.175946 2 1 0.922987 2 0.077013
0  -0.020197 -0.005037 0.014841  -0.753190 -0.173646 -0.634470  0.089112 0.058293 1 1 1.000000
0  -0.018164 -0.014480 0.045109  -0.784454 -0.620184 -0.001738  0.109820 0.178093 2 1 0.924739 2 0.075261
dd_c
0  -0.018164 -0.014480 0.045109  -0.784454 -0.620184 -0.001738  0.109820 0.178093 2 1 0.924739 2 0.075261
0  -0.020197 -0.005037 0.014841  -0.753190 -0.173646 -0.634470  0.089112 0.058293 1 1 1.000000
0  -0.015714 -0.014354 0.014847  -0.605193 -0.488676 -0.628440  0.126153 0.065701 1 1 1.000000
dd_c
0  -0.018164 -0.014480 0.045109  -0.784454 -0.620184 -0.001738  0.109820 0.178093 2 1 0.924739 2 0.075261
0  -0.015714 -0.014354 0.014847  -0.605193 -0.488676 -0.628440  0.126153 0.065701 1 1 1.000000
0  -0.010010 -0.020985 0.045120  -0.439400 -0.898255 0.008145  0.150310 0.179356 2 1 0.927727 2 0.072273
dd_c
0  -0.010010 -0.020985 0.045120  -0.439400 -0.898255 0.008145  0.150310 0.179356 2 1 0.927727 2 0.072273
0  -0.015714 -0.014354 0.014847  -0.605193 -0.488676 -0.628440  0.126153 0.065701 1 1 1.000000
0  -0.007625 -0.020809 0.014858  -0.323277 -0.712594 -0.622657  0.162397 0.068912 1 1 1.000000
dd_c
0  -0.010010 -0.020985 0.045120  -0.439400 -0.898255 0.008145  0.150310 0.179356 2 1 0.927727 2 0.072273
0  -0.007625 -0.020809 0.014858  -0.323277 -0.712594 -0.622657  0.162397 0.068912 1 1 1.000000
0  0.000160 -0.023309 0.045134  -0.007020 -0.999757 0.020875  0.190481 0.179835 2 1 0.931268 2 0.068732
dd_c
0  0.000160 -0.023309 0.045134  -0.007020 -0.999757 0.020875  0.190481 0.179835 2 1 0.931268 2 0.068732
0  -0.007625 -0.020809 0.014858  -0.323277 -0.712594 -0.622657  0.162397 0.068912 1 1 1.000000
0  0.002483 -0.023127 0.015306  0.050873 -0.799002 -0.599173  0.198615 0.070819 1 1 1.000000
dd_c
0  0.000160 -0.023309 0.045134  -0.007020 -0.999757 0.020875  0.190481 0.179835 2 1 0.931268 2 0.068732
0  0.002483 -0.023127 0.015306  0.050873 -0.799002 -0.599173  0.198615 0.070819 1 1 1.000000
0  0.010330 -0.020991 0.045150  0.427255 -0.903455 0.034976  0.230919 0.179801 2 1 0.934476 2 0.065524
dd_c
0  0.010330 -0.020991 0.045150  0.427255 -0.903455 0.034976  0.230919 0.179801 2 1 0.934476 2 0.065524
0  0.002483 -0.023127 0.015306  0.050873 -0.799002 -0.599173  0.198615 0.070819 1 1 1.000000
0  0.012620 -0.020839 0.016842  0.427799 -0.756921 -0.494023  0.235505 0.074260 1 1 1.000000
dd_c
0  0.010330 -0.020991 0.045150  0.427255 -0.903455 0.034976  0.230919 0.179801 2 1 0.934476 2 0.065524
0  0.012620 -0.020839 0.016842  0.427799 -0.756921 -0.494023  0.235505 0.074260 1 1 1.000000
0  0.018486 -0.014490 0.045166  0.776839 -0.627731 0.049750  0.271207 0.179591 2 1 0.936448 2 0.063552
dd_c
0  0.018486 -0.014490 0.045166  0.776839 -0.627731 0.049750  0.271207 0.179591 2 1 0.936448 2 0.063552
0  0.012620 -0.020839 0.016842  0.427799 -0.756921 -0.494023  0.235505 0.074260 1 1 1.000000
0  0.020760 -0.014387 0.019877  0.777313 -0.549516 -0.306294  0.273783 0.082917 1 1 1.000000
dd_c
0  0.018486 -0.014490 0.045166  0.776839 -0.627731 0.049750  0.271207 0.179591 2 1 0.936448 2 0.063552
0  0.020760 -0.014387 0.019877  0.777313 -0.549516 -0.306294  0.273783 0.082917 1 1 1.000000
0  0.023017 -0.005089 0.045178  0.972070 -0.226054 0.063076  0.311813 0.179593 2 1 0.936722 2 0.063278
dd_c
0  0.023017 -0.005089 0.045178  0.972070 -0.226054 0.063076  0.311813 0.179593 2 1 0.936722 2 0.063278
0  0.020760 -0.014387 0.019877  0.777313 -0.549516 -0.306294  0.273783 0.082917 1 1 1.000000
0  0.025274 -0.005054 0.023101  0.963296 -0.210027 -0.167184  0.312825 0.093565 1 1 1.000000
dd_c
0  0.023017 -0.005089 0.045178  0.972070 -0.226054 0.063076  0.311813 0.179593 2 1 0.936722 2 0.063278
0  0.025274 -0.005054 0.023101  0.963296 -0.210027 -0.167184  0.312825 0.093565 1 1 1.000000
0  0.023017 0.005354 0.045178  0.972336 0.224202 0.065547  0.352817 0.180017 2 1 0.935754 2 0.064246
dd_c
0  0.023017 0.005354 0.045178  0.972336 0.224202 0.065547  0.352817 0.180017 2 1 0.935754 2 0.064246
0  0.025274 -0.005054 0.023101  0.963296 -0.210027 -0.167184  0.312825 0.093565 1 1 1.000000
0  0.025274 0.005320 0.023101  0.967238 0.199329 -0.157224  0.352531 0.094182 1 1 1.000000
dd_c
0  0.023017 0.005354 0.045178  0.972336 0.224202 0.065547  0.352817 0.180017 2 1 0.935754 2 0.064246
0  0.025274 0.005320 0.023101  0.967238 0.199329 -0.157224  0.352531 0.094182 1 1 1.000000
0  0.018486 0.014756 0.045166  0.776206 0.628222 0.053302  0.393822 0.181042 2 1 0.934419 2 0.065581
dd_c
0  0.012620 -0.020839 0.016842  0.427799 -0.756921 -0.494023  0.235505 0.074260 1 1 1.000000
0  0.012224 -0.014403 0.013819  0.557718 -0.807139 0.193589  0.237054 0.035517 1 1 1.000000
0  0.020760 -0.014387 0.019877  0.777313 -0.549516 -0.306294  0.273783 0.082917 1 1 1.000000
dd_c
0  0.020760 -0.014387 0.019877  0.777313 -0.549516 -0.306294  0.273783 0.082917 1 1 1.000000
0  0.012224 -0.014403 0.013819  0.557718 -0.807139 0.193589  0.237054 0.035517 1 1 1.000000
0  0.017788 -0.009844 0.013954  0.788462 -0.517161 0.332974  0.275182 0.034879 1 1 1.000000
dd_c
0  0.020760 -0.014387 0.019877  0.777313 -0.549516 -0.306294  0.273783 0.082917 1 1 1.000000
0  0.017788 -0.009844 0.013954  0.788462 -0.517161 0.332974  0.275182 0.034879 1 1 1.000000
0  0.025274 -0.005054 0.023101  0.963296 -0.210027 -0.167184  0.312825 0.093565 1 1 1.000000
dd_c
0  0.025274 -0.005054 0.023101  0.963296 -0.210027 -0.167184  0.312825 0.093565 1 1 1.000000
0  0.017788 -0.009844 0.013954  0.788462 -0.517161 0.332974  0.275182 0.034879 1 1 1.000000
0  0.020818 -0.003409 0.014035  0.898102 -0.190855 0.396216  0.313725 0.033801 1 1 1.000000
dd_c
0  0.025274 -0.005054 0.023101  0.963296 -0.210027 -0.167184  0.312825 0.093565 1 1 1.000000
0  0.020818 -0.003409 0.014035  0.898102 -0.190855 0.396216  0.313725 0.033801 1 1 1.000000
0  0.025274 0.005320 0.023101  0.967238 0.199329 -0.157224  0.352531 0.094182 1 1 1.000000
dd_c
0  0.025274 0.005320 0.023101  0.967238 0.199329 -0.157224  0.352531 0.094182 1 1 1.000000
0  0.020818 -0.003409 0.014035  0.898102 -0.190855 0.396216  0.313725 0.033801 1 1 1.000000
0  0.020818 0.003674 0.014035  0.911160 0.163993 0.378014  0.352094 0.032130 1 1 1.000000
dd_c
0  0.025274 0.005320 0.023101  0.967238 0.199329 -0.157224  0.352531 0.094182 1 1 1.000000
0  0.020818 0.003674 0.014035  0.911160 0.163993 0.378014  0.352094 0.032130 1 1 1.000000
0  0.020760 0.014653 0.019877  0.782118 0.559132 -0.275068  0.392281 0.083286 1 1 1.000000
dd_c
0  0.020760 0.014653 0.019877  0.782118 0.559132 -0.275068  0.392281 0.083286 1 1 1.000000
0  0.020818 0.003674 0.014035  0.911160 0.163993 0.378014  0.352094 0.032130 1 1 1.000000
0  0.017788 0.010109 0.013954  0.806226 0.523144 0.276261  0.391706 0.034384 1 1 1.000000
dd_c
0  0.020760 0.014653 0.019877  0.782118 0.559132 -0.275068  0.392281 0.083286 1 1 1.000000
0  0.017788 0.010109 0.013954  0.806226 0.523144 0.276261  0.391706 0.034384 1 1 1.000000
0  0.012620 0.021104 0.016842  0.432906 0.775484 -0.459584  0.431075 0.074701 1 1 1.000000
dd_c
0  0.012620 0.021104 0.016842  0.432906 0.775484 -0.459584  0.431075 0.074701 1 1 1.000000
0  0.017788 0.010109 0.013954  0.806226 0.523144 0.276261  0.391706 0.034384 1 1 1.000000
0  0.012224 0.014668 0.013819  0.525305 0.844426 0.104880  0.430107 0.036041 1 1 1.000000
dd_c
0  0.012620 0.021104 0.016842  0.432906 0.775484 -0.459584  0.431075 0.074701 1 1 1.000000
0  0.012224 0.014668 0.013819  0.525305 0.844426 0.104880  0.430107 0.036041 1 1 1.000000
0  0.002483 0.023392 0.015306  0.032036 0.811517 -0.583450  0.468167 0.071165 1 1 1.000000
dd_c
0  0.002483 0.023392 0.015306  0.032036 0.811517 -0.583450  0.468167 0.071165 1 1 1.000000
0  0.012224 0.014668 0.013819  0.525305 0.844426 0.104880  0.430107 0.036041 1 1 1.000000
0  0.002551 0.016367 0.013703  0.021007 0.999606 -0.018622  0.466463 0.037198 1 1 1.000000
dd_c
0  0.002483 0.023392 0.015306  0.032036 0.811517 -0.583450  0.468167 0.071165 1 1 1.000000
0  0.002551 0.016367 0.013703  0.021007 0.999606 -0.018622  0.466463 0.037198 1 1 1.000000
0  -0.007625 0.021074 0.014858  -0.328232 0.712837 -0.619781  0.504516 0.068156 1 1 1.000000
dd_c
0  -0.007625 0.021074 0.014858  -0.328232 0.712837 -0.619781  0.504516 0.068156 1 1 1.000000
0  0.002551 0.016367 0.013703  0.021007 0.999606 -0.018622  0.466463 0.037198 1 1 1.000000
0  -0.004577 0.014775 0.013654  -0.426195 0.903788 -0.039059  0.500628 0.036867 1 1 1.000000
dd_c
0  -0.007625 0.021074 0.014858  -0.328232 0.712837 -0.619781  0.504516 0.068156 1 1 1.000000
0  -0.004577 0.014775 0.013654  -0.426195 0.903788 -0.039059  0.500628 0.036867 1 1 1.000000
0  -0.015714 0.014619 0.014847  -0.605122 0.488763 -0.628441  0.542978 0.062780 1 1 1.000000
dd_c
0  -0.015714 0.014619 0.014847  -0.605122 0.488763 -0.628441  0.542978 0.062780 1 1 1.000000
0  -0.004577 0.014775 0.013654  -0.426195 0.903788 -0.039059  0.500628 0.036867 1 1 1.000000
0  -0.010252 0.010257 0.013646  -0.780137 0.624337 -0.039868  0.533515 0.029202 1 1 1.000000
dd_c
0  -0.015714 0.014619 0.014847  -0.605122 0.488763 -0.628441  0.542978 0.062780 1 1 1.000000
0  -0.010252 0.010257 0.013646  -0.780137 0.624337 -0.039868  0.533515 0.029202 1 1 1.000000
0  -0.020197 0.005302 0.014841  -0.753210 0.173722 -0.634425  0.587466 0.049021 1 1 1.000000
dd_c
0  -0.020197 0.005302 0.014841  -0.753210 0.173722 -0.634425  0.587466 0.049021 1 1 1.000000
0  -0.010252 0.010257 0.013646  -0.780137 0.624337 -0.039868  0.533515 0.029202 1 1 1.000000
0  -0.013388 0.003746 0.013646  -0.972273 0.230373 -0.040159  0.566004 0.015223 1 1 1.000000
dd_c
0  0.018486 0.014756 0.045166  0.776206 0.628222 0.053302  0.393822 0.181042 2 1 0.934419 2 0.065581
0  0.025274 0.005320 0.023101  0.967238 0.199329 -0.157224  0.352531 0.094182 1 1 1.000000
0  0.020760 0.014653 0.019877  0.782118 0.559132 -0.275068  0.392281 0.083286 1 1 1.000000
dd_c
0  0.018486 0.014756 0.045166  0.776206 0.628222 0.053302  0.393822 0.181042 2 1 0.934419 2 0.065581
0  0.020760 0.014653 0.019877  0.782118 0.559132 -0.275068  0.392281 0.083286 1 1 1.000000
0  0.010330 0.021256 0.045150  0.426534 0.903735 0.036498  0.434935 0.182314 2 1 0.932281 2 0.067719
dd_c
0  0.010330 0.021256 0.045150  0.426534 0.903735 0.036498  0.434935 0.182314 2 1 0.932281 2 0.067719
0  0.020760 0.014653 0.019877  0.782118 0.559132 -0.275068  0.392281 0.083286 1 1 1.000000
0  0.012620 0.021104 0.016842  0.432906 0.775484 -0.459584  0.431075 0.074701 1 1 1.000000
dd_c
0  0.010330 0.021256 0.045150  0.426534 0.903735 0.036498  0.434935 0.182314 2 1 0.932281 2 0.067719
0  0.012620 0.021104 0.016842  0.432906 0.775484 -0.459584  0.431075 0.074701 1 1 1.000000
0  0.000160 0.023574 0.045134  -0.007247 0.999750 0.021179  0.476454 0.183510 2 1 0.929412 2 0.070588
dd_c
0  0.000160 0.023574 0.045134  -0.007247 0.999750 0.021179  0.476454 0.183510 2 1 0.929412 2 0.070588
0  0.012620 0.021104 0.016842  0.432906 0.775484 -0.459584  0.431075 0.074701 1 1 1.000000
0  0.002483 0.023392 0.015306  0.032036 0.811517 -0.583450  0.468167 0.071165 1 1 1.000000
dd_c
0  0.000160 0.023574 0.045134  -0.007247 0.999750 0.021179  0.476454 0.183510 2 1 0.929412 2 0.070588
0  0.002483 0.023392 0.015306  0.032036 0.811517 -0.583450  0.468167 0.071165 1 1 1.000000
0  -0.010010 0.021251 0.045120  -0.439391 0.898258 0.008202  0.518259 0.184328 2 1 0.926458 2 0.073542
dd_c
0  -0.010010 0.021251 0.045120  -0.439391 0.898258 0.008202  0.518259 0.184328 2 1 0.926458 2 0.073542
0  0.002483 0.023392 0.015306  0.032036 0.811517 -0.583450  0.468167 0.071165 1 1 1.000000
0  -0.007625 0.021074 0.014858  -0.328232 0.712837 -0.619781  0.504516 0.068156 1 1 1.000000
dd_c
0  -0.010010 0.021251 0.045120  -0.439391 0.898258 0.008202  0.518259 0.184328 2 1 0.926458 2 0.073542
0  -0.007625 0.021074 0.014858  -0.328232 0.712837 -0.619781  0.504516 0.068156 1 1 1.000000
0  -0.018164 0.014745 0.045109  -0.784454 0.620184 -0.001677  0.561248 0.184723 2 1 0.924122 2 0.075878
dd_c
0  -0.018164 0.014745 0.045109  -0.784454 0.620184 -0.001677  0.561248 0.184723 2 1 0.924122 2 0.075878
0  -0.007625 0.021074 0.014858  -0.328232 0.712837 -0.619781  0.504516 0.068156 1 1 1.000000
0  -0.015714 0.014619 0.014847  -0.605122 0.488763 -0.628441  0.542978 0.062780 1 1 1.000000
dd_c
0  -0.018164 0.014745 0.045109  -0.784454 0.620184 -0.001677  0.561248 0.184723 2 1 0.924122 2 0.075878
0  -0.015714 0.014619 0.014847  -0.605122 0.488763 -0.628441  0.542978 0.062780 1 1 1.000000
0  -0.022688 0.005348 0.045104  -0.975206 0.221184 -0.007074  0.605978 0.184901 2 1 0.922877 2 0.077123
dd_c
0  -0.022688 0.005348 0.045104  -0.975206 0.221184 -0.007074  0.605978 0.184901 2 1 0.922877 2 0.077123
0  -0.015883 0.013512 0.085788  -0.778771 0.627216 0.010763  0.539929 0.372262 3 1 0.058148 2 0.887935 3 0.053917
0  -0.018164 0.014745 0.045109  -0.784454 0.620184 -0.001677  0.561248 0.184723 2 1 0.924122 2 0.075878
dd_c
0  -0.020029 0.004908 0.085780  -0.974509 0.224310 0.004045  0.578322 0.375254 3 1 0.057658 2 0.888166 3 0.054176
0  -0.015883 0.013512 0.085788  -0.778771 0.627216 0.010763  0.539929 0.372262 3 1 0.058148 2 0.887935 3 0.053917
0  -0.022688 0.005348 0.045104  -0.975206 0.221184 -0.007074  0.605978 0.184901 2 1 0.922877 2 0.077123
dd_c
0  -0.020029 0.004908 0.085780  -0.974509 0.224310 0.004045  0.578322 0.375254 3 1 0.057658 2 0.888166 3 0.054176
0  -0.018541 0.012878 0.126199  -0.778621 0.623241 -0.072939  0.539262 0.563177 3 2 0.050679 3 0.879625 4 0.069696
0  -0.015883 0.013512 0.085788  -0.778771 0.627216 0.010763  0.539929 0.372262 3 1 0.058148 2 0.887935 3 0.053917
dd_c
0  -0.022487 0.004681 0.126178  -0.970538 0.222311 -0.092923  0.579251 0.564991 2 3 0.927110 4 0.072890
0  -0.018541 0.012878 0.126199  -0.778621 0.623241 -0.072939  0.539262 0.563177 3 2 0.050679 3 0.879625 4 0.069696
0  -0.020029 0.004908 0.085780  -0.974509 0.224310 0.004045  0.578322 0.375254 3 1 0.057658 2 0.888166 3 0.054176
dd_c
0  -0.022487 0.004681 0.126178  -0.970538 0.222311 -0.092923  0.579251 0.564991 2 3 0.927110 4 0.072890
0  -0.022572 0.013066 0.157445  -0.782685 0.619174 -0.063471  0.539039 0.707343 2 3 0.089990 4 0.910010
0  -0.018541 0.012878 0.126199  -0.778621 0.623241 -0.072939  0.539262 0.563177 3 2 0.050679 3 0.879625 4 0.069696
dd_c
0  -0.026575 0.004753 0.157422  -0.970603 0.224628 -0.086442  0.579058 0.710806 2 3 0.087813 4 0.912187
0  -0.022572 0.013066 0.157445  -0.782685 0.619174 -0.063471  0.539039 0.707343 2 3 0.089990 4 0.910010
0  -0.022487 0.004681 0.126178  -0.970538 0.222311 -0.092923  0.579251 0.564991 2 3 0.927110 4 0.072890
dd_c
0  -0.026575 0.004753 0.157422  -0.970603 0.224628 -0.086442  0.579058 0.710806 2 3 0.087813 4 0.912187
0  -0.023061 0.013036 0.173793  -0.773364 0.633095 0.033140  0.531767 0.780771 2 4 0.814850 5 0.185150
0  -0.022572 0.013066 0.157445  -0.782685 0.619174 -0.063471  0.539039 0.707343 2 3 0.089990 4 0.910010
dd_c
0  -0.027477 0.004754 0.173308  -0.969452 0.245081 0.009865  0.572922 0.784443 2 4 0.820544 5 0.179456
0  -0.023061 0.013036 0.173793  -0.773364 0.633095 0.033140  0.531767 0.780771 2 4 0.814850 5 0.185150
0  -0.026575 0.004753 0.157422  -0.970603 0.224628 -0.086442  0.579058 0.710806 2 3 0.087813 4 0.912187
dd_c
0  -0.022688 0.005348 0.045104  -0.975206 0.221184 -0.007074  0.605978 0.184901 2 1 0.922877 2 0.077123
0  -0.015714 0.014619 0.014847  -0.605122 0.488763 -0.628441  0.542978 0.062780 1 1 1.000000
0  -0.020197 0.005302 0.014841  -0.753210 0.173722 -0.634425  0.587466 0.049021 1 1 1.000000
dd_c
0  -0.013388 0.003746 0.013646  -0.976403 0.212022 -0.041041  0.879678 0.317492 1 1 1.000000
0  -0.022955 0.005930 0.011262  -0.530185 0.120844 0.839226  0.910607 0.300959 1 1 1.000000
0  -0.013388 -0.003481 0.013646  -0.974028 -0.222800 -0.040359  0.886285 0.337965 1 1 1.000000
dd_c
0  -0.013388 -0.003481 0.013646  -0.974028 -0.222800 -0.040359  0.886285 0.337965 1 1 1.000000
0  -0.022955 0.005930 0.011262  -0.530185 0.120844 0.839226  0.910607 0.300959 1 1 1.000000
0  -0.022955 -0.005664 0.011262  -0.530147 -0.121003 0.839227  0.918567 0.333635 1 1 1.000000
dd_c
0  -0.013388 -0.003481 0.013646  -0.974028 -0.222800 -0.040359  0.886285 0.337965 1 1 1.000000
0  -0.022955 -0.005664 0.011262  -0.530147 -0.121003 0.839227  0.918567 0.333635 1 1 1.000000
0  -0.010252 -0.009992 0.013646  -0.781103 -0.623142 -0.039659  0.886349 0.359182 1 1 1.000000
dd_c
0  -0.010252 -0.009992 0.013646  -0.781103 -0.623142 -0.039659  0.886349 0.359182 1 1 1.000000
0  -0.022955 -0.005664 0.011262  -0.530147 -0.121003 0.839227  0.918567 0.333635 1 1 1.000000
0  -0.017925 -0.016110 0.011262  -0.425235 -0.339034 0.839185  0.917740 0.364463 1 1 1.000000
dd_c
0  -0.010252 -0.009992 0.013646  -0.781103 -0.623142 -0.039659  0.886349 0.359182 1 1 1.000000
0  -0.017925 -0.016110 0.011262  -0.425235 -0.339034 0.839185  0.917740 0.364463 1 1 1.000000
0  -0.004577 -0.014510 0.013654  -0.400433 -0.915788 -0.031387  0.880364 0.379406 1 1 1.000000
dd_c
0  -0.004577 -0.014510 0.013654  -0.400433 -0.915788 -0.031387  0.880364 0.379406 1 1 1.000000
0  -0.017925 -0.016110 0.011262  -0.425235 -0.339034 0.839185  0.917740 0.364463 1 1 1.000000
0  -0.008860 -0.023339 0.011262  -0.236622 -0.490364 0.838780  0.908721 0.393285 1 1 1.000000
dd_c
0  -0.004577 -0.014510 0.013654  -0.400433 -0.915788 -0.031387  0.880364 0.379406 1 1 1.000000
0  -0.008860 -0.023339 0.011262  -0.236622 -0.490364 0.838780  0.908721 0.393285 1 1 1.000000
0  0.002551 -0.016102 0.013703  0.083513 -0.996285 0.021009  0.868961 0.397044 1 1 1.000000
dd_c
0  0.002551 -0.016102 0.013703  0.083513 -0.996285 0.021009  0.868961 0.397044 1 1 1.000000
0  -0.008860 -0.023339 0.011262  -0.236622 -0.490364 0.838780  0.908721 0.393285 1 1 1.000000
0  0.002444 -0.025919 0.011262  -0.002379 -0.547860 0.836567  0.892149 0.418252 1 1 1.000000
dd_c
0  0.002551 -0.016102 0.013703  0.083513 -0.996285 0.021009  0.868961 0.397044 1 1 1.000000
0  0.002444 -0.025919 0.011262  -0.002379 -0.547860 0.836567  0.892149 0.418252 1 1 1.000000
0  0.012224 -0.014403 0.013819  0.557637 -0.807125 0.193883  0.853116 0.410713 1 1 1.000000
dd_c
0  0.012224 -0.014403 0.013819  0.557637 -0.807125 0.193883  0.853116 0.410713 1 1 1.000000
0  0.002444 -0.025919 0.011262  -0.002379 -0.547860 0.836567  0.892149 0.418252 1 1 1.000000
0  0.013747 -0.023339 0.011262  0.238751 -0.507328 0.828019  0.869343 0.437481 1 1 1.000000
dd_c
0  0.012224 -0.014403 0.013819  0.557637 -0.807125 0.193883  0.853116 0.410713 1 1 1.000000
0  0.013747 -0.023339 0.011262  0.238751 -0.507328 0.828019  0.869343 0.437481 1 1 1.000000
0  0.017788 -0.009844 0.013954  0.788515 -0.517165 0.332842  0.834137 0.419346 1 1 1.000000
dd_c
0  0.017788 -0.009844 0.013954  0.788515 -0.517165 0.332842  0.834137 0.419346 1 1 1.000000
0  0.013747 -0.023339 0.011262  0.238751 -0.507328 0.828019  0.869343 0.437481 1 1 1.000000
0  0.022812 -0.016110 0.011262  0.448435 -0.363058 0.816759  0.842159 0.449485 1 1 1.000000
dd_c
0  0.017788 -0.009844 0.013954  0.788515 -0.517165 0.332842  0.834137 0.419346 1 1 1.000000
0  0.022812 -0.016110 0.011262  0.448435 -0.363058 0.816759  0.842159 0.449485 1 1 1.000000
0  0.020818 -0.003409 0.014035  0.898213 -0.190869 0.395958  0.813572 0.422289 1 1 1.000000
dd_c
0  0.020818 -0.003409 0.014035  0.898213 -0.190869 0.395958  0.813572 0.422289 1 1 1.000000
0  0.022812 -0.016110 0.011262  0.448435 -0.363058 0.816759  0.842159 0.449485 1 1 1.000000
0  0.027842 -0.005664 0.011262  0.572521 -0.132262 0.809151  0.812805 0.453355 1 1 1.000000
dd_c
0  0.020818 -0.003409 0.014035  0.898213 -0.190869 0.395958  0.813572 0.422289 1 1 1.000000
0  0.027842 -0.005664 0.011262  0.572521 -0.132262 0.809151  0.812805 0.453355 1 1 1.000000
0  0.020818 0.003674 0.014035  0.911273 0.163933 0.377766  0.793082 0.419346 1 1 1.000000
dd_c
0  0.020818 0.003674 0.014035  0.911273 0.163933 0.377766  0.793082 0.419346 1 1 1.000000
0  0.027842 -0.005664 0.011262  0.572521 -0.132262 0.809151  0.812805 0.453355 1 1 1.000000
0  0.027842 0.005930 0.011262  0.571664 0.132771 0.809674  0.783652 0.448836 1 1 1.000000
dd_c
0  0.020818 0.003674 0.014035  0.911273 0.163933 0.377766  0.793082 0.419346 1 1 1.000000
0  0.027842 0.005930 0.011262  0.571664 0.132771 0.809674  0.783652 0.448836 1 1 1.000000
0  0.017788 0.010109 0.013954  0.806248 0.523121 0.276241  0.774313 0.410796 1 1 1.000000
dd_c
0  0.017788 0.010109 0.013954  0.806248 0.523121 0.276241  0.774313 0.410796 1 1 1.000000
0  0.027842 0.005930 0.011262  0.571664 0.132771 0.809674  0.783652 0.448836 1 1 1.000000
0  0.022812 0.016376 0.011262  0.446446 0.362349 0.818162  0.757040 0.436348 1 1 1.000000
dd_c
0  0.017788 0.010109 0.013954  0.806248 0.523121 0.276241  0.774313 0.410796 1 1 1.000000
0  0.022812 0.016376 0.011262  0.446446 0.362349 0.818162  0.757040 0.436348 1 1 1.000000
0  0.012224 0.014668 0.013819  0.525308 0.844385 0.105197  0.758763 0.397364 1 1 1.000000
dd_c
0  -0.022955 0.005930 0.011262  -0.530185 0.120844 0.839226  0.910607 0.300959 1 1 1.000000
0  -0.026109 0.006650 0.007643  -0.921439 0.210151 0.326784  0.923058 0.296346 1 1 1.000000
0  -0.022955 -0.005664 0.011262  -0.530147 -0.121003 0.839227  0.918567 0.333635 1 1 1.000000
dd_c
0  -0.022955 -0.005664 0.011262  -0.530147 -0.121003 0.839227  0.918567 0.333635 1 1 1.000000
0  -0.026109 0.006650 0.007643  -0.921439 0.210151 0.326784  0.923058 0.296346 1 1 1.000000
0  -0.026109 -0.006384 0.007643  -0.921399 -0.210302 0.326798  0.930353 0.332390 1 1 1.000000
dd_c
0  -0.022955 -0.005664 0.011262  -0.530147 -0.121003 0.839227  0.918567 0.333635 1 1 1.000000
0  -0.026109 -0.006384 0.007643  -0.921399 -0.210302 0.326798  0.930353 0.332390 1 1 1.000000
0  -0.017925 -0.016110 0.011262  -0.425235 -0.339034 0.839185  0.917740 0.364463 1 1 1.000000
dd_c
0  -0.017925 -0.016110 0.011262  -0.425235 -0.339034 0.839185  0.917740 0.364463 1 1 1.000000
0  -0.026109 -0.006384 0.007643  -0.921399 -0.210302 0.326798  0.930353 0.332390 1 1 1.000000
0  -0.020454 -0.018128 0.007643  -0.738905 -0.589256 0.326798  0.929095 0.366262 1 1 1.000000
dd_c
0  -0.017925 -0.016110 0.011262  -0.425235 -0.339034 0.839185  0.917740 0.364463 1 1 1.000000
0  -0.020454 -0.018128 0.007643  -0.738905 -0.589256 0.326798  0.929095 0.366262 1 1 1.000000
0  -0.008860 -0.023339 0.011262  -0.236622 -0.490364 0.838780  0.908721 0.393285 1 1 1.000000
dd_c
0  -0.008860 -0.023339 0.011262  -0.236622 -0.490364 0.838780  0.908721 0.393285 1 1 1.000000
0  -0.020454 -0.018128 0.007643  -0.738905 -0.589256 0.326798  0.929095 0.366262 1 1 1.000000
0  -0.010264 -0.026254 0.007643  -0.410062 -0.851499 0.326799  0.919046 0.398091 1 1 1.000000
dd_c
0  -0.008860 -0.023339 0.011262  -0.236622 -0.490364 0.838780  0.908721 0.393285 1 1 1.000000
0  -0.010264 -0.026254 0.007643  -0.410062 -0.851499 0.326799  0.919046 0.398091 1 1 1.000000
0  0.002444 -0.025919 0.011262  -0.002379 -0.547860 0.836567  0.892149 0.418252 1 1 1.000000
dd_c
0  0.025341 0.018393 0.007643  0.738904 0.589256 0.326798  0.751015 0.445707 1 1 1.000000
0  0.030800 0.006605 0.000977  0.729262 0.166352 -0.663704  0.776103 0.474781 1 1 1.000000
0  0.025184 0.018268 0.000977  0.579334 0.461959 -0.671539  0.742548 0.459050 1 1 1.000000
dd_c
0  0.030996 0.006650 0.007643  0.921399 0.210303 0.326798  0.780492 0.459547 1 1 1.000000
0  0.030800 0.006605 0.000977  0.729262 0.166352 -0.663704  0.776103 0.474781 1 1 1.000000
0  0.025341 0.018393 0.007643  0.738904 0.589256 0.326798  0.751015 0.445707 1 1 1.000000
dd_c
0  0.030996 0.006650 0.007643  0.921399 0.210303 0.326798  0.780492 0.459547 1 1 1.000000
0  0.030800 -0.006340 0.000977  0.728159 -0.166609 -0.664851  0.812851 0.480470 1 1 1.000000
0  0.030800 0.006605 0.000977  0.729262 0.166352 -0.663704  0.776103 0.474781 1 1 1.000000
dd_c
0  0.030996 -0.006384 0.007643  0.921399 -0.210303 0.326798  0.812782 0.464562 1 1 1.000000
0  0.030800 -0.006340 0.000977  0.728159 -0.166609 -0.664851  0.812851 0.480470 1 1 1.000000
0  0.030996 0.006650 0.007643  0.921399 0.210303 0.326798  0.780492 0.459547 1 1 1.000000
dd_c
0  0.030996 -0.006384 0.007643  0.921399 -0.210303 0.326798  0.812782 0.464562 1 1 1.000000
0  0.025184 -0.018002 0.000977  0.585584 -0.464998 -0.663979  0.849848 0.475589 1 1 1.000000
0  0.030800 -0.006340 0.000977  0.728159 -0.166609 -0.664851  0.812851 0.480470 1 1 1.000000
dd_c
0  0.025341 -0.018128 0.007643  0.738904 -0.589257 0.326798  0.845297 0.460286 1 1 1.000000
0  0.025184 -0.018002 0.000977  0.585584 -0.464998 -0.663979  0.849848 0.475589 1 1 1.000000
0  0.030996 -0.006384 0.007643  0.921399 -0.210303 0.326798  0.812782 0.464562 1 1 1.000000
dd_c
0  0.025341 -0.018128 0.007643  0.738904 -0.589257 0.326798  0.845297 0.460286 1 1 1.000000
0  0.015064 -0.026073 0.000977  0.326014 -0.675934 -0.660930  0.884107 0.460458 1 1 1.000000
0  0.025184 -0.018002 0.000977  0.585584 -0.464998 -0.663979  0.849848 0.475589 1 1 1.000000
dd_c
0  0.015151 -0.026254 0.007643  0.410061 -0.851500 0.326799  0.875410 0.447001 1 1 1.000000
0  0.015064 -0.026073 0.000977  0.326014 -0.675934 -0.660930  0.884107 0.460458 1 1 1.000000
0  0.025341 -0.018128 0.007643  0.738904 -0.589257 0.326798  0.845297 0.460286 1 1 1.000000
dd_c
0  0.015151 -0.026254 0.007643  0.410061 -0.851500 0.326799  0.875410 0.447001 1 1 1.000000
0  0.002444 -0.028953 0.000977  -0.001009 -0.749537 -0.661961  0.912842 0.436231 1 1 1.000000
0  0.015064 -0.026073 0.000977  0.326014 -0.675934 -0.660930  0.884107 0.460458 1 1 1.000000
dd_c
0  0.002444 -0.029154 0.007643  -0.000000 -0.945094 0.326798  0.900677 0.425716 1 1 1.000000
0  0.002444 -0.028953 0.000977  -0.001009 -0.749537 -0.661961  0.912842 0.436231 1 1 1.000000
0  0.015151 -0.026254 0.007643  0.410061 -0.851500 0.326799  0.875410 0.447001 1 1 1.000000
dd_c
0  0.002444 -0.029154 0.007643  -0.000000 -0.945094 0.326798  0.900677 0.425716 1 1 1.000000
0  -0.010176 -0.026073 0.000977  -0.325353 -0.674815 -0.662397  0.933708 0.404818 1 1 1.000000
0  0.002444 -0.028953 0.000977  -0.001009 -0.749537 -0.661961  0.912842 0.436231 1 1 1.000000
dd_c
0  -0.010264 -0.026254 0.007643  -0.410062 -0.851499 0.326799  0.919046 0.398091 1 1 1.000000
0  -0.010176 -0.026073 0.000977  -0.325353 -0.674815 -0.662397  0.933708 0.404818 1 1 1.000000
0  0.002444 -0.029154 0.007643  -0.000000 -0.945094 0.326798  0.900677 0.425716 1 1 1.000000
dd_c
0  -0.010264 -0.026254 0.007643  -0.410062 -0.851499 0.326799  0.919046 0.398091 1 1 1.000000
0  -0.020297 -0.018002 0.000977  -0.579334 -0.461959 -0.671540  0.945063 0.368752 1 1 1.000000
0  -0.010176 -0.026073 0.000977  -0.325353 -0.674815 -0.662397  0.933708 0.404818 1 1 1.000000
dd_c
0  -0.020454 -0.018128 0.007643  -0.738905 -0.589256 0.326798  0.929095 0.366262 1 1 1.000000
0  -0.020297 -0.018002 0.000977  -0.579334 -0.461959 -0.671540  0.945063 0.368752 1 1 1.000000
0  -0.010264 -0.026254 0.007643  -0.410062 -0.851499 0.326799  0.919046 0.398091 1 1 1.000000
dd_c
0  -0.020454 -0.018128 0.007643  -0.738905 -0.589256 0.326798  0.929095 0.366262 1 1 1.000000
0  -0.025913 -0.006340 0.000977  -0.729262 -0.166353 -0.663704  0.946393 0.330986 1 1 1.000000
0  -0.020297 -0.018002 0.000977  -0.579334 -0.461959 -0.671540  0.945063 0.368752 1 1 1.000000
dd_c
0  -0.026109 -0.006384 0.007643  -0.921399 -0.210302 0.326798  0.930353 0.332390 1 1 1.000000
0  -0.025913 -0.006340 0.000977  -0.729262 -0.166353 -0.663704  0.946393 0.330986 1 1 1.000000
0  -0.020454 -0.018128 0.007643  -0.738905 -0.589256 0.326798  0.929095 0.366262 1 1 1.000000
dd_c
0  -0.026109 -0.006384 0.007643  -0.921399 -0.210302 0.326798  0.930353 0.332390 1 1 1.000000
0  -0.025913 0.006605 0.000977  -0.728147 0.166622 -0.664861  0.939746 0.293395 1 1 1.000000
0  -0.025913 -0.006340 0.000977  -0.729262 -0.166353 -0.663704  0.946393 0.330986 1 1 1.000000
dd_c
0  -0.026109 0.006650 0.007643  -0.921439 0.210151 0.326784  0.923058 0.296346 1 1 1.000000
0  -0.025913 0.006605 0.000977  -0.728147 0.166622 -0.664861  0.939746 0.293395 1 1 1.000000
0  -0.026109 -0.006384 0.007643  -0.921399 -0.210302 0.326798  0.930353 0.332390 1 1 1.000000
dd_c
0  0.002444 -0.025919 0.011262  -0.002379 -0.547860 0.836567  0.892149 0.418252 1 1 1.000000
0  -0.010264 -0.026254 0.007643  -0.410062 -0.851499 0.326799  0.919046 0.398091 1 1 1.000000
0  0.002444 -0.029154 0.007643  -0.000000 -0.945094 0.326798  0.900677 0.425716 1 1 1.000000
dd_c
0  0.002444 -0.025919 0.011262  -0.002379 -0.547860 0.836567  0.892149 0.418252 1 1 1.000000
0  0.002444 -0.029154 0.007643  -0.000000 -0.945094 0.326798  0.900677 0.425716 1 1 1.000000
0  0.013747 -0.023339 0.011262  0.238751 -0.507328 0.828019  0.869343 0.437481 1 1 1.000000
dd_c
0  0.013747 -0.023339 0.011262  0.238751 -0.507328 0.828019  0.869343 0.437481 1 1 1.000000
0  0.002444 -0.029154 0.007643  -0.000000 -0.945094 0.326798  0.900677 0.425716 1 1 1.000000
0  0.015151 -0.026254 0.007643  0.410061 -0.851500 0.326799  0.875410 0.447001 1 1 1.000000
dd_c
0  0.013747 -0.023339 0.011262  0.238751 -0.507328 0.828019  0.869343 0.437481 1 1 1.000000
0  0.015151 -0.026254 0.007643  0.410061 -0.851500 0.326799  0.875410 0.447001 1 1 1.000000
0  0.022812 -0.016110 0.011262  0.448435 -0.363058 0.816759  0.842159 0.449485 1 1 1.000000
dd_c
0  0.022812 -0.016110 0.011262  0.448435 -0.363058 0.816759  0.842159 0.449485 1 1 1.000000
0  0.015151 -0.026254 0.007643  0.410061 -0.851500 0.326799  0.875410 0.447001 1 1 1.000000
0  0.025341 -0.018128 0.007643  0.738904 -0.589257 0.326798  0.845297 0.460286 1 1 1.000000
dd_c
0  0.022812 -0.016110 0.011262  0.448435 -0.363058 0.816759  0.842159 0.449485 1 1 1.000000
0  0.025341 -0.018128 0.007643  0.738904 -0.589257 0.326798  0.845297 0.460286 1 1 1.000000
0  0.027842 -0.005664 0.011262  0.572521 -0.132262 0.809151  0.812805 0.453355 1 1 1.000000
dd_c
0  0.027842 -0.005664 0.011262  0.572521 -0.132262 0.809151  0.812805 0.453355 1 1 1.000000
0  0.025341 -0.018128 0.007643  0.738904 -0.589257 0.326798  0.845297 0.460286 1 1 1.000000
0  0.030996 -0.006384 0.007643  0.921399 -0.210303 0.326798  0.812782 0.464562 1 1 1.000000
dd_c
0  0.027842 -0.005664 0.011262  0.572521 -0.132262 0.809151  0.812805 0.453355 1 1 1.000000
0  0.030996 -0.006384 0.007643  0.921399 -0.210303 0.326798  0.812782 0.464562 1 1 1.000000
0  0.027842 0.005930 0.011262  0.571664 0.132771 0.809674  0.783652 0.448836 1 1 1.000000
dd_c
0  0.027842 0.005930 0.011262  0.571664 0.132771 0.809674  0.783652 0.448836 1 1 1.000000
0  0.030996 -0.006384 0.007643  0.921399 -0.210303 0.326798  0.812782 0.464562 1 1 1.000000
0  0.030996 0.006650 0.007643  0.921399 0.210303 0.326798  0.780492 0.459547 1 1 1.000000
dd_c
0  0.027842 0.005930 0.011262  0.571664 0.132771 0.809674  0.783652 0.448836 1 1 1.000000
0  0.030996 0.006650 0.007643  0.921399 0.210303 0.326798  0.780492 0.459547 1 1 1.000000
0  0.022812 0.016376 0.011262  0.446446 0.362349 0.818162  0.757040 0.436348 1 1 1.000000
dd_c
0  0.022812 0.016376 0.011262  0.446446 0.362349 0.818162  0.757040 0.436348 1 1 1.000000
0  0.030996 0.006650 0.007643  0.921399 0.210303 0.326798  0.780492 0.459547 1 1 1.000000
0  0.025341 0.018393 0.007643  0.738904 0.589256 0.326798  0.751015 0.445707 1 1 1.000000
dd_c
0  0.022812 0.016376 0.011262  0.446446 0.362349 0.818162  0.757040 0.436348 1 1 1.000000
0  0.025341 0.018393 0.007643  0.738904 0.589256 0.326798  0.751015 0.445707 1 1 1.000000
0  0.013747 0.023605 0.011262  0.235448 0.504399 0.830750  0.735095 0.416938 1 1 1.000000
dd_c
0  0.013747 0.023605 0.011262  0.235448 0.504399 0.830750  0.735095 0.416938 1 1 1.000000
0  0.025341 0.018393 0.007643  0.738904 0.589256 0.326798  0.751015 0.445707 1 1 1.000000
0  0.015151 0.026519 0.007643  0.410061 0.851500 0.326799  0.726701 0.424200 1 1 1.000000
dd_c
0  0.013747 0.023605 0.011262  0.235448 0.504399 0.830750  0.735095 0.416938 1 1 1.000000
0  0.015151 0.026519 0.007643  0.410061 0.851500 0.326799  0.726701 0.424200 1 1 1.000000
0  0.002444 0.026185 0.011262  -0.000537 0.545300 0.838241  0.719571 0.392175 1 1 1.000000
dd_c
0  0.002444 0.026185 0.011262  -0.000537 0.545300 0.838241  0.719571 0.392175 1 1 1.000000
0  0.015151 0.026519 0.007643  0.410061 0.851500 0.326799  0.726701 0.424200 1 1 1.000000
0  0.002444 0.029420 0.007643  0.000001 0.945094 0.326798  0.709470 0.396764 1 1 1.000000
dd_c
0  0.002444 0.026185 0.011262  -0.000537 0.545300 0.838241  0.719571 0.392175 1 1 1.000000
0  0.002444 0.029420 0.007643  0.000001 0.945094 0.326798  0.709470 0.396764 1 1 1.000000
0  -0.008860 0.023605 0.011262  -0.236118 0.490076 0.839091  0.711739 0.363969 1 1 1.000000
dd_c
0  -0.008860 0.023605 0.011262  -0.236118 0.490076 0.839091  0.711739 0.363969 1 1 1.000000
0  0.002444 0.029420 0.007643  0.000001 0.945094 0.326798  0.709470 0.396764 1 1 1.000000
0  -0.010264 0.026519 0.007643  -0.410060 0.851501 0.326798  0.700684 0.365513 1 1 1.000000
dd_c
0  -0.008860 0.023605 0.011262  -0.236118 0.490076 0.839091  0.711739 0.363969 1 1 1.000000
0  -0.010264 0.026519 0.007643  -0.410060 0.851501 0.326798  0.700684 0.365513 1 1 1.000000
0  -0.017925 0.016376 0.011262  -0.425145 0.339041 0.839228  0.712362 0.334195 1 1 1.000000
dd_c
0  0.012224 0.014668 0.013819  0.525308 0.844385 0.105197  0.758763 0.397364 1 1 1.000000
0  0.022812 0.016376 0.011262  0.446446 0.362349 0.818162  0.757040 0.436348 1 1 1.000000
0  0.013747 0.023605 0.011262  0.235448 0.504399 0.830750  0.735095 0.416938 1 1 1.000000
dd_c
0  0.012224 0.014668 0.013819  0.525308 0.844385 0.105197  0.758763 0.397364 1 1 1.000000
0  0.013747 0.023605 0.011262  0.235448 0.504399 0.830750  0.735095 0.416938 1 1 1.000000
0  0.002551 0.016367 0.013703  0.021029 0.999606 -0.018606  0.747673 0.380164 1 1 1.000000
dd_c
0  0.002551 0.016367 0.013703  0.021029 0.999606 -0.018606  0.747673 0.380164 1 1 1.000000
0  0.013747 0.023605 0.011262  0.235448 0.504399 0.830750  0.735095 0.416938 1 1 1.000000
0  0.002444 0.026185 0.011262  -0.000537 0.545300 0.838241  0.719571 0.392175 1 1 1.000000
dd_c
0  0.002551 0.016367 0.013703  0.021029 0.999606 -0.018606  0.747673 0.380164 1 1 1.000000
0  0.002444 0.026185 0.011262  -0.000537 0.545300 0.838241  0.719571 0.392175 1 1 1.000000
0  -0.004577 0.014775 0.013654  -0.426214 0.903779 -0.039050  0.741964 0.360601 1 1 1.000000
dd_c
0  -0.004577 0.014775 0.013654  -0.426214 0.903779 -0.039050  0.741964 0.360601 1 1 1.000000
0  0.002444 0.026185 0.011262  -0.000537 0.545300 0.838241  0.719571 0.392175 1 1 1.000000
0  -0.008860 0.023605 0.011262  -0.236118 0.490076 0.839091  0.711739 0.363969 1 1 1.000000
dd_c
0  -0.004577 0.014775 0.013654  -0.426214 0.903779 -0.039050  0.741964 0.360601 1 1 1.000000
0  -0.008860 0.023605 0.011262  -0.236118 0.490076 0.839091  0.711739 0.363969 1 1 1.000000
0  -0.010252 0.010257 0.013646  -0.780113 0.624367 -0.039875  0.742307 0.340293 1 1 1.000000
dd_c
0  -0.010252 0.010257 0.013646  -0.780113 0.624367 -0.039875  0.742307 0.340293 1 1 1.000000
0  -0.008860 0.023605 0.011262  -0.236118 0.490076 0.839091  0.711739 0.363969 1 1 1.000000
0  -0.017925 0.016376 0.011262  -0.425145 0.339041 0.839228  0.712362 0.334195 1 1 1.000000
dd_c
0  -0.010252 0.010257 0.013646  -0.780113 0.624367 -0.039875  0.742307 0.340293 1 1 1.000000
0  -0.017925 0.016376 0.011262  -0.425145 0.339041 0.839228  0.712362 0.334195 1 1 1.000000
0  -0.013388 0.003746 0.013646  -0.974140 0.222292 -0.040472  0.749582 0.321278 1 1 1.000000
dd_c
0  -0.013388 0.003746 0.013646  -0.974140 0.222292 -0.040472  0.749582 0.321278 1 1 1.000000
0  -0.017925 0.016376 0.011262  -0.425145 0.339041 0.839228  0.712362 0.334195 1 1 1.000000
0  -0.022955 0.005930 0.011262  -0.530119 0.121138 0.839225  0.722318 0.303462 1 1 1.000000
dd_c
0  -0.017925 0.016376 0.011262  -0.425145 0.339041 0.839228  0.712362 0.334195 1 1 1.000000
0  -0.020454 0.018393 0.007643  -0.738904 0.589257 0.326798  0.701103 0.332557 1 1 1.000000
0  -0.022955 0.005930 0.011262  -0.530119 0.121138 0.839225  0.722318 0.303462 1 1 1.000000
dd_c
0  -0.017925 0.016376 0.011262  -0.425145 0.339041 0.839228  0.712362 0.334195 1 1 1.000000
0  -0.010264 0.026519 0.007643  -0.410060 0.851501 0.326798  0.700684 0.365513 1 1 1.000000
0  -0.020454 0.018393 0.007643  -0.738904 0.589257 0.326798  0.701103 0.332557 1 1 1.000000
dd_c
0  -0.010264 0.026519 0.007643  -0.410060 0.851501 0.326798  0.700684 0.365513 1 1 1.000000
0  -0.010176 0.026338 0.000977  -0.326016 0.675933 -0.660930  0.685001 0.367911 1 1 1.000000
0  -0.020454 0.018393 0.007643  -0.738904 0.589257 0.326798  0.701103 0.332557 1 1 1.000000
dd_c
0  -0.010264 0.026519 0.007643  -0.410060 0.851501 0.326798  0.700684 0.365513 1 1 1.000000
0  0.002444 0.029219 0.000977  0.001009 0.749537 -0.661962  0.695172 0.403407 1 1 1.000000
0  -0.010176 0.026338 0.000977  -0.326016 0.675933 -0.660930  0.685001 0.367911 1 1 1.000000
dd_c
0  0.002444 0.029420 0.007643  0.000001 0.945094 0.326798  0.709470 0.396764 1 1 1.000000
0  0.002444 0.029219 0.000977  0.001009 0.749537 -0.661962  0.695172 0.403407 1 1 1.000000
0  -0.010264 0.026519 0.007643  -0.410060 0.851501 0.326798  0.700684 0.365513 1 1 1.000000
dd_c
0  0.002444 0.029420 0.007643  0.000001 0.945094 0.326798  0.709470 0.396764 1 1 1.000000
0  0.015064 0.026338 0.000977  0.325351 0.674816 -0.662397  0.714850 0.434598 1 1 1.000000
0  0.002444 0.029219 0.000977  0.001009 0.749537 -0.661962  0.695172 0.403407 1 1 1.000000
dd_c
0  0.015151 0.026519 0.007643  0.410061 0.851500 0.326799  0.726701 0.424200 1 1 1.000000
0  0.015064 0.026338 0.000977  0.325351 0.674816 -0.662397  0.714850 0.434598 1 1 1.000000
0  0.002444 0.029420 0.007643  0.000001 0.945094 0.326798  0.709470 0.396764 1 1 1.000000
dd_c
0  0.015151 0.026519 0.007643  0.410061 0.851500 0.326799  0.726701 0.424200 1 1 1.000000
0  0.025184 0.018268 0.000977  0.579334 0.461959 -0.671539  0.742548 0.459050 1 1 1.000000
0  0.015064 0.026338 0.000977  0.325351 0.674816 -0.662397  0.714850 0.434598 1 1 1.000000
dd_c
0  0.025341 0.018393 0.007643  0.738904 0.589256 0.326798  0.751015 0.445707 1 1 1.000000
0  0.025184 0.018268 0.000977  0.579334 0.461959 -0.671539  0.742548 0.459050 1 1 1.000000
0  0.015151 0.026519 0.007643  0.410061 0.851500 0.326799  0.726701 0.424200 1 1 1.000000
dd_c
0  -0.022955 0.005930 0.011262  -0.530119 0.121138 0.839225  0.722318 0.303462 1 1 1.000000
0  -0.020454 0.018393 0.007643  -0.738904 0.589257 0.326798  0.701103 0.332557 1 1 1.000000
0  -0.026109 0.006650 0.007643  -0.921359 0.210462 0.326807  0.710931 0.297915 1 1 1.000000
dd_c
0  -0.020454 0.018393 0.007643  -0.738904 0.589257 0.326798  0.701103 0.332557 1 1 1.000000
0  -0.020297 0.018268 0.000977  -0.585584 0.464997 -0.663980  0.684933 0.330671 1 1 1.000000
0  -0.026109 0.006650 0.007643  -0.921359 0.210462 0.326807  0.710931 0.297915 1 1 1.000000
dd_c
0  -0.020454 0.018393 0.007643  -0.738904 0.589257 0.326798  0.701103 0.332557 1 1 1.000000
0  -0.010176 0.026338 0.000977  -0.326016 0.675933 -0.660930  0.685001 0.367911 1 1 1.000000
0  -0.020297 0.018268 0.000977  -0.585584 0.464997 -0.663980  0.684933 0.330671 1 1 1.000000
dd_c
0  -0.026109 0.006650 0.007643  -0.921359 0.210462 0.326807  0.710931 0.297915 1 1 1.000000
0  -0.020297 0.018268 0.000977  -0.585584 0.464997 -0.663980  0.684933 0.330671 1 1 1.000000
0  -0.025913 0.006605 0.000977  -0.728158 0.166613 -0.664851  0.694051 0.293395 1 1 1.000000
end
